y,x,frame,t,particle,track_completeness,vial,geno,sex,day,rep
75.92,82.91,0,0.0,11,1.0,1,w1118,m,2,1
60.12,93.92,0,0.0,9,1.0,1,w1118,m,2,1
43.57,121.97,0,0.0,1,1.0,1,w1118,m,2,1
38.3,79.0,0,0.0,3,0.35172413793103446,1,w1118,m,2,1
37.98,107.66,0,0.0,2,1.0,1,w1118,m,2,1
36.08,129.86,0,0.0,13,0.1793103448275862,1,w1118,m,2,1
28.88,121.43,0,0.0,24,0.07586206896551724,1,w1118,m,2,1
78.23,83.271,1,0.034,11,1.0,1,w1118,m,2,1
62.28,94.511,1,0.034,9,1.0,1,w1118,m,2,1
40.27,79.301,1,0.034,3,0.35172413793103446,1,w1118,m,2,1
39.44,121.661,1,0.034,1,1.0,1,w1118,m,2,1
36.34,106.081,1,0.034,2,1.0,1,w1118,m,2,1
35.28,131.39100000000002,1,0.034,13,0.1793103448275862,1,w1118,m,2,1
27.27,106.391,1,0.034,29,0.41379310344827586,1,w1118,m,2,1
80.33,83.32877777777779,2,0.069,11,1.0,1,w1118,m,2,1
68.24,94.9787777777778,2,0.069,9,1.0,1,w1118,m,2,1
46.17,122.52877777777779,2,0.069,1,1.0,1,w1118,m,2,1
42.55,78.60877777777779,2,0.069,3,0.35172413793103446,1,w1118,m,2,1
36.54,106.5387777777778,2,0.069,2,1.0,1,w1118,m,2,1
34.53,133.39877777777778,2,0.069,13,0.1793103448275862,1,w1118,m,2,1
29.13,94.57877777777779,2,0.069,40,0.06896551724137931,1,w1118,m,2,1
27.47,123.23877777777778,2,0.069,24,0.07586206896551724,1,w1118,m,2,1
81.35,84.0633015873016,3,0.103,11,1.0,1,w1118,m,2,1
67.21,96.0333015873016,3,0.103,9,1.0,1,w1118,m,2,1
47.0,123.3933015873016,3,0.103,1,1.0,1,w1118,m,2,1
42.64,79.3933015873016,3,0.103,3,0.35172413793103446,1,w1118,m,2,1
35.58,107.02330158730159,3,0.103,2,1.0,1,w1118,m,2,1
33.35,134.9433015873016,3,0.103,13,0.1793103448275862,1,w1118,m,2,1
27.32,93.97330158730159,3,0.103,40,0.06896551724137931,1,w1118,m,2,1
25.61,125.2933015873016,3,0.103,24,0.07586206896551724,1,w1118,m,2,1
81.36,84.2115873015873,4,0.138,11,1.0,1,w1118,m,2,1
68.96,96.2615873015873,4,0.138,9,1.0,1,w1118,m,2,1
48.03,79.0815873015873,4,0.138,3,0.35172413793103446,1,w1118,m,2,1
43.46,122.6115873015873,4,0.138,1,1.0,1,w1118,m,2,1
35.44,107.0215873015873,4,0.138,2,1.0,1,w1118,m,2,1
26.23,89.81158730158731,4,0.138,40,0.06896551724137931,1,w1118,m,2,1
24.8,127.28158730158731,4,0.138,24,0.07586206896551724,1,w1118,m,2,1
85.6,83.70131703131705,5,0.172,11,1.0,1,w1118,m,2,1
70.43,96.12131703131705,5,0.172,9,1.0,1,w1118,m,2,1
46.67,78.40131703131705,5,0.172,3,0.35172413793103446,1,w1118,m,2,1
43.87,121.97131703131704,5,0.172,1,1.0,1,w1118,m,2,1
34.82,107.07131703131705,5,0.172,2,1.0,1,w1118,m,2,1
25.72,103.38131703131705,5,0.172,29,0.41379310344827586,1,w1118,m,2,1
25.55,85.93131703131705,5,0.172,40,0.06896551724137931,1,w1118,m,2,1
24.05,128.05131703131704,5,0.172,24,0.07586206896551724,1,w1118,m,2,1
89.0,83.82058975858976,6,0.207,11,1.0,1,w1118,m,2,1
70.14,96.12058975858976,6,0.207,9,1.0,1,w1118,m,2,1
49.17,79.47058975858977,6,0.207,3,0.35172413793103446,1,w1118,m,2,1
47.18,122.25058975858977,6,0.207,1,1.0,1,w1118,m,2,1
40.02,107.73058975858976,6,0.207,2,1.0,1,w1118,m,2,1
25.13,104.11058975858977,6,0.207,29,0.41379310344827586,1,w1118,m,2,1
23.55,129.06058975858974,6,0.207,24,0.07586206896551724,1,w1118,m,2,1
90.17,83.91834486063058,7,0.241,11,1.0,1,w1118,m,2,1
70.27,96.35834486063058,7,0.241,9,1.0,1,w1118,m,2,1
46.38,122.02834486063058,7,0.241,1,1.0,1,w1118,m,2,1
36.43,107.55834486063058,7,0.241,2,1.0,1,w1118,m,2,1
22.91,78.22834486063059,7,0.241,40,0.06896551724137931,1,w1118,m,2,1
22.42,129.85834486063058,7,0.241,24,0.07586206896551724,1,w1118,m,2,1
89.86,83.17334486063058,8,0.276,11,1.0,1,w1118,m,2,1
70.88,96.17334486063058,8,0.276,9,1.0,1,w1118,m,2,1
54.69,81.02334486063057,8,0.276,3,0.35172413793103446,1,w1118,m,2,1
47.9,121.84334486063058,8,0.276,1,1.0,1,w1118,m,2,1
36.83,107.74334486063057,8,0.276,2,1.0,1,w1118,m,2,1
33.72,64.89334486063058,8,0.276,16,1.0,1,w1118,m,2,1
22.74,106.87334486063058,8,0.276,29,0.41379310344827586,1,w1118,m,2,1
22.05,77.01334486063058,8,0.276,40,0.06896551724137931,1,w1118,m,2,1
21.83,130.48334486063058,8,0.276,24,0.07586206896551724,1,w1118,m,2,1
91.35,83.39199870678442,9,0.31,11,1.0,1,w1118,m,2,1
72.29,96.47199870678442,9,0.31,9,1.0,1,w1118,m,2,1
57.14,82.26199870678442,9,0.31,3,0.35172413793103446,1,w1118,m,2,1
49.26,121.66199870678443,9,0.31,1,1.0,1,w1118,m,2,1
41.24,108.11199870678442,9,0.31,2,1.0,1,w1118,m,2,1
33.23,65.07199870678443,9,0.31,16,1.0,1,w1118,m,2,1
22.36,107.05199870678443,9,0.31,29,0.41379310344827586,1,w1118,m,2,1
20.93,70.81199870678442,9,0.31,40,0.06896551724137931,1,w1118,m,2,1
92.64,83.5804732830556,10,0.345,11,1.0,1,w1118,m,2,1
75.19,97.5804732830556,10,0.345,9,1.0,1,w1118,m,2,1
59.26,82.5904732830556,10,0.345,3,0.35172413793103446,1,w1118,m,2,1
49.72,121.9404732830556,10,0.345,1,1.0,1,w1118,m,2,1
40.02,108.5404732830556,10,0.345,2,1.0,1,w1118,m,2,1
32.75,65.3604732830556,10,0.345,16,1.0,1,w1118,m,2,1
22.55,104.6204732830556,10,0.345,29,0.41379310344827586,1,w1118,m,2,1
19.93,69.8404732830556,10,0.345,23,0.22758620689655173,1,w1118,m,2,1
62.7,83.67761614019847,11,0.379,3,0.35172413793103446,1,w1118,m,2,1
50.14,121.51761614019847,11,0.379,1,1.0,1,w1118,m,2,1
41.21,108.35761614019846,11,0.379,2,1.0,1,w1118,m,2,1
32.33,65.37761614019847,11,0.379,16,1.0,1,w1118,m,2,1
18.57,67.65761614019846,11,0.379,23,0.22758620689655173,1,w1118,m,2,1
98.64,82.75890646277912,12,0.414,11,1.0,1,w1118,m,2,1
60.84,84.71890646277912,12,0.414,3,0.35172413793103446,1,w1118,m,2,1
53.62,122.48890646277911,12,0.414,1,1.0,1,w1118,m,2,1
31.87,65.25890646277911,12,0.414,16,1.0,1,w1118,m,2,1
19.65,103.35890646277912,12,0.414,29,0.41379310344827586,1,w1118,m,2,1
100.13,83.35112868500133,13,0.448,11,1.0,1,w1118,m,2,1
62.2,84.83112868500133,13,0.448,3,0.35172413793103446,1,w1118,m,2,1
54.08,122.55112868500133,13,0.448,1,1.0,1,w1118,m,2,1
46.22,108.58112868500133,13,0.448,2,1.0,1,w1118,m,2,1
31.24,64.90112868500134,13,0.448,16,1.0,1,w1118,m,2,1
18.99,103.20112868500134,13,0.448,29,0.41379310344827586,1,w1118,m,2,1
101.83,82.82289339088368,14,0.483,11,1.0,1,w1118,m,2,1
65.08,85.69289339088368,14,0.483,3,0.35172413793103446,1,w1118,m,2,1
55.63,122.52289339088368,14,0.483,1,1.0,1,w1118,m,2,1
48.88,108.49289339088368,14,0.483,2,1.0,1,w1118,m,2,1
30.83,65.28289339088369,14,0.483,16,1.0,1,w1118,m,2,1
20.86,136.76289339088368,14,0.483,13,0.1793103448275862,1,w1118,m,2,1
18.06,101.28289339088369,14,0.483,29,0.41379310344827586,1,w1118,m,2,1
103.21,81.89250877549907,15,0.517,11,1.0,1,w1118,m,2,1
66.43,86.61250877549907,15,0.517,3,0.35172413793103446,1,w1118,m,2,1
55.19,121.79250877549907,15,0.517,1,1.0,1,w1118,m,2,1
50.48,107.77250877549908,15,0.517,2,1.0,1,w1118,m,2,1
30.67,64.72250877549908,15,0.517,16,1.0,1,w1118,m,2,1
20.35,136.86250877549907,15,0.517,13,0.1793103448275862,1,w1118,m,2,1
17.57,101.13250877549908,15,0.517,29,0.41379310344827586,1,w1118,m,2,1
104.69,81.83618224488683,16,0.552,11,1.0,1,w1118,m,2,1
67.7,87.55618224488683,16,0.552,3,0.35172413793103446,1,w1118,m,2,1
56.4,121.72618224488683,16,0.552,1,1.0,1,w1118,m,2,1
53.71,107.63618224488683,16,0.552,2,1.0,1,w1118,m,2,1
35.02,63.89618224488683,16,0.552,16,1.0,1,w1118,m,2,1
19.62,136.80618224488686,16,0.552,13,0.1793103448275862,1,w1118,m,2,1
16.84,101.06618224488683,16,0.552,29,0.41379310344827586,1,w1118,m,2,1
105.94,81.88363679034137,17,0.586,11,1.0,1,w1118,m,2,1
69.12,87.51363679034137,17,0.586,3,0.35172413793103446,1,w1118,m,2,1
58.57,107.70363679034136,17,0.586,2,1.0,1,w1118,m,2,1
56.73,121.98363679034136,17,0.586,1,1.0,1,w1118,m,2,1
35.05,64.17363679034138,17,0.586,16,1.0,1,w1118,m,2,1
18.7,136.8036367903414,17,0.586,13,0.1793103448275862,1,w1118,m,2,1
16.07,102.11363679034137,17,0.586,29,0.41379310344827586,1,w1118,m,2,1
70.49,87.98402140572598,18,0.621,3,0.35172413793103446,1,w1118,m,2,1
58.26,122.064021405726,18,0.621,1,1.0,1,w1118,m,2,1
38.81,63.20402140572599,18,0.621,16,1.0,1,w1118,m,2,1
109.41,81.27657042533383,19,0.655,11,1.0,1,w1118,m,2,1
71.84,88.83657042533383,19,0.655,3,0.35172413793103446,1,w1118,m,2,1
62.3,107.43657042533384,19,0.655,2,1.0,1,w1118,m,2,1
38.14,63.326570425333834,19,0.655,16,1.0,1,w1118,m,2,1
17.34,137.13657042533384,19,0.655,13,0.1793103448275862,1,w1118,m,2,1
13.99,106.56657042533384,19,0.655,29,0.41379310344827586,1,w1118,m,2,1
105.8,81.95657042533384,20,0.69,11,1.0,1,w1118,m,2,1
84.13,103.00657042533383,20,0.69,9,1.0,1,w1118,m,2,1
63.11,107.67657042533384,20,0.69,2,1.0,1,w1118,m,2,1
37.98,63.40657042533384,20,0.69,16,1.0,1,w1118,m,2,1
12.86,106.28657042533384,20,0.69,29,0.41379310344827586,1,w1118,m,2,1
107.1,81.54214734841077,21,0.724,11,1.0,1,w1118,m,2,1
64.58,107.85214734841077,21,0.724,2,1.0,1,w1118,m,2,1
37.43,63.58214734841076,21,0.724,16,1.0,1,w1118,m,2,1
15.64,138.57214734841077,21,0.724,13,0.1793103448275862,1,w1118,m,2,1
12.34,107.64214734841076,21,0.724,29,0.41379310344827586,1,w1118,m,2,1
37.74,63.21487462113803,22,0.759,16,1.0,1,w1118,m,2,1
15.26,139.96487462113802,22,0.759,13,0.1793103448275862,1,w1118,m,2,1
67.67,107.68110103623238,23,0.793,2,1.0,1,w1118,m,2,1
14.26,136.02110103623235,23,0.793,13,0.1793103448275862,1,w1118,m,2,1
115.22,80.5952186832912,24,0.828,11,1.0,1,w1118,m,2,1
86.27,104.60521868329118,24,0.828,9,1.0,1,w1118,m,2,1
66.13,107.16521868329119,24,0.828,2,1.0,1,w1118,m,2,1
62.07,122.85521868329118,24,0.828,1,1.0,1,w1118,m,2,1
38.18,63.235218683291194,24,0.828,16,1.0,1,w1118,m,2,1
21.4,142.2152186832912,24,0.828,164,0.8413793103448276,1,w1118,m,2,1
13.4,134.8952186832912,24,0.828,13,0.1793103448275862,1,w1118,m,2,1
9.81,112.10521868329118,24,0.828,29,0.41379310344827586,1,w1118,m,2,1
117.49,80.01007582614832,25,0.862,11,1.0,1,w1118,m,2,1
86.77,104.72007582614833,25,0.862,9,1.0,1,w1118,m,2,1
67.53,106.91007582614833,25,0.862,2,1.0,1,w1118,m,2,1
62.57,122.56007582614832,25,0.862,1,1.0,1,w1118,m,2,1
21.64,142.46007582614834,25,0.862,164,0.8413793103448276,1,w1118,m,2,1
12.75,135.45007582614832,25,0.862,13,0.1793103448275862,1,w1118,m,2,1
9.76,112.66007582614833,25,0.862,29,0.41379310344827586,1,w1118,m,2,1
116.3,80.14785360392611,26,0.897,11,1.0,1,w1118,m,2,1
85.55,105.26785360392611,26,0.897,9,1.0,1,w1118,m,2,1
68.28,107.42785360392611,26,0.897,2,1.0,1,w1118,m,2,1
63.38,123.1078536039261,26,0.897,1,1.0,1,w1118,m,2,1
20.54,142.9378536039261,26,0.897,164,0.8413793103448276,1,w1118,m,2,1
11.46,134.9378536039261,26,0.897,13,0.1793103448275862,1,w1118,m,2,1
8.79,114.4478536039261,26,0.897,29,0.41379310344827586,1,w1118,m,2,1
117.91,80.29507582614832,27,0.931,11,1.0,1,w1118,m,2,1
81.02,89.14507582614834,27,0.931,3,0.35172413793103446,1,w1118,m,2,1
69.0,107.17507582614834,27,0.931,2,1.0,1,w1118,m,2,1
64.07,123.29507582614832,27,0.931,1,1.0,1,w1118,m,2,1
23.05,143.35507582614835,27,0.931,164,0.8413793103448276,1,w1118,m,2,1
10.18,134.29507582614835,27,0.931,13,0.1793103448275862,1,w1118,m,2,1
7.47,116.66507582614832,27,0.931,29,0.41379310344827586,1,w1118,m,2,1
71.24,107.10732582614833,28,0.966,2,1.0,1,w1118,m,2,1
65.3,123.86732582614832,28,0.966,1,1.0,1,w1118,m,2,1
23.33,143.95732582614832,28,0.966,164,0.8413793103448276,1,w1118,m,2,1
9.26,133.28732582614833,28,0.966,13,0.1793103448275862,1,w1118,m,2,1
7.13,120.12732582614832,28,0.966,29,0.41379310344827586,1,w1118,m,2,1
66.84,124.37809505691756,29,1.0,1,1.0,1,w1118,m,2,1
26.78,144.17809505691756,29,1.0,164,0.8413793103448276,1,w1118,m,2,1
8.57,131.63809505691756,29,1.0,13,0.1793103448275862,1,w1118,m,2,1
6.91,120.89809505691757,29,1.0,29,0.41379310344827586,1,w1118,m,2,1
74.74,107.405039501362,30,1.034,2,1.0,1,w1118,m,2,1
68.72,124.685039501362,30,1.034,1,1.0,1,w1118,m,2,1
25.75,144.455039501362,30,1.034,164,0.8413793103448276,1,w1118,m,2,1
6.98,130.105039501362,30,1.034,13,0.1793103448275862,1,w1118,m,2,1
5.8,121.275039501362,30,1.034,29,0.41379310344827586,1,w1118,m,2,1
121.54,79.25226172358424,31,1.069,11,1.0,1,w1118,m,2,1
74.89,107.62226172358423,31,1.069,2,1.0,1,w1118,m,2,1
69.89,124.84226172358423,31,1.069,1,1.0,1,w1118,m,2,1
28.66,145.4422617235842,31,1.069,164,0.8413793103448276,1,w1118,m,2,1
5.88,130.32226172358423,31,1.069,13,0.1793103448275862,1,w1118,m,2,1
4.9,121.47226172358424,31,1.069,29,0.41379310344827586,1,w1118,m,2,1
121.83,79.26226172358423,32,1.103,11,1.0,1,w1118,m,2,1
89.14,82.52226172358424,32,1.103,3,0.35172413793103446,1,w1118,m,2,1
75.18,108.28226172358424,32,1.103,2,1.0,1,w1118,m,2,1
70.17,124.35226172358423,32,1.103,1,1.0,1,w1118,m,2,1
29.02,145.34226172358424,32,1.103,164,0.8413793103448276,1,w1118,m,2,1
4.28,122.53226172358424,32,1.103,29,0.41379310344827586,1,w1118,m,2,1
121.66,79.16226172358422,33,1.138,11,1.0,1,w1118,m,2,1
89.65,81.95226172358423,33,1.138,3,0.35172413793103446,1,w1118,m,2,1
77.87,107.98226172358423,33,1.138,2,1.0,1,w1118,m,2,1
70.88,124.36226172358423,33,1.138,1,1.0,1,w1118,m,2,1
38.93,62.04226172358423,33,1.138,16,1.0,1,w1118,m,2,1
29.69,145.44226172358424,33,1.138,164,0.8413793103448276,1,w1118,m,2,1
3.91,124.29226172358423,33,1.138,29,0.41379310344827586,1,w1118,m,2,1
121.96,78.55713351845603,34,1.172,11,1.0,1,w1118,m,2,1
94.67,110.77713351845603,34,1.172,9,1.0,1,w1118,m,2,1
89.98,81.95713351845603,34,1.172,3,0.35172413793103446,1,w1118,m,2,1
78.84,108.31713351845602,34,1.172,2,1.0,1,w1118,m,2,1
72.94,125.00713351845602,34,1.172,1,1.0,1,w1118,m,2,1
38.11,62.01713351845603,34,1.172,16,1.0,1,w1118,m,2,1
30.01,145.76713351845603,34,1.172,164,0.8413793103448276,1,w1118,m,2,1
2.92,122.76713351845603,34,1.172,29,0.41379310344827586,1,w1118,m,2,1
122.58,78.83908473796822,35,1.207,11,1.0,1,w1118,m,2,1
90.34,80.96908473796822,35,1.207,3,0.35172413793103446,1,w1118,m,2,1
79.43,109.01908473796823,35,1.207,2,1.0,1,w1118,m,2,1
72.5,125.18908473796823,35,1.207,1,1.0,1,w1118,m,2,1
38.59,62.299084737968215,35,1.207,16,1.0,1,w1118,m,2,1
29.88,146.30908473796822,35,1.207,164,0.8413793103448276,1,w1118,m,2,1
12.59,72.67908473796822,35,1.207,151,0.8275862068965517,1,w1118,m,2,1
2.38,123.03908473796822,35,1.207,29,0.41379310344827586,1,w1118,m,2,1
122.95,78.23876215732307,36,1.241,11,1.0,1,w1118,m,2,1
91.89,111.44876215732306,36,1.241,9,1.0,1,w1118,m,2,1
91.04,78.78876215732306,36,1.241,3,0.35172413793103446,1,w1118,m,2,1
75.99,109.30876215732307,36,1.241,2,1.0,1,w1118,m,2,1
72.7,124.54876215732307,36,1.241,1,1.0,1,w1118,m,2,1
39.15,61.44876215732306,36,1.241,16,1.0,1,w1118,m,2,1
30.7,145.86876215732306,36,1.241,164,0.8413793103448276,1,w1118,m,2,1
11.83,72.34876215732307,36,1.241,151,0.8275862068965517,1,w1118,m,2,1
123.28,77.81258568673482,37,1.276,11,1.0,1,w1118,m,2,1
93.29,78.88258568673483,37,1.276,3,0.35172413793103446,1,w1118,m,2,1
91.56,111.98258568673482,37,1.276,9,1.0,1,w1118,m,2,1
77.28,109.97258568673483,37,1.276,2,1.0,1,w1118,m,2,1
72.32,124.86258568673482,37,1.276,1,1.0,1,w1118,m,2,1
39.82,61.62258568673482,37,1.276,16,1.0,1,w1118,m,2,1
32.24,146.1125856867348,37,1.276,164,0.8413793103448276,1,w1118,m,2,1
11.2,71.91258568673483,37,1.276,151,0.8275862068965517,1,w1118,m,2,1
123.5,77.94464451026424,38,1.31,11,1.0,1,w1118,m,2,1
93.4,113.07464451026424,38,1.31,9,1.0,1,w1118,m,2,1
92.32,78.54464451026423,38,1.31,3,0.35172413793103446,1,w1118,m,2,1
78.06,110.63464451026424,38,1.31,2,1.0,1,w1118,m,2,1
74.09,124.72464451026423,38,1.31,1,1.0,1,w1118,m,2,1
38.79,61.73464451026424,38,1.31,16,1.0,1,w1118,m,2,1
33.17,146.22464451026423,38,1.31,164,0.8413793103448276,1,w1118,m,2,1
10.47,72.74464451026424,38,1.31,151,0.8275862068965517,1,w1118,m,2,1
124.26,77.87492228804203,39,1.345,11,1.0,1,w1118,m,2,1
93.26,78.83492228804202,39,1.345,3,0.35172413793103446,1,w1118,m,2,1
77.09,110.95492228804203,39,1.345,2,1.0,1,w1118,m,2,1
38.05,61.574922288042025,39,1.345,16,1.0,1,w1118,m,2,1
34.07,146.144922288042,39,1.345,164,0.8413793103448276,1,w1118,m,2,1
12.23,74.87492228804203,39,1.345,151,0.8275862068965517,1,w1118,m,2,1
99.14,116.37627363939337,40,1.379,9,1.0,1,w1118,m,2,1
92.42,78.79627363939338,40,1.379,3,0.35172413793103446,1,w1118,m,2,1
38.02,61.49627363939337,40,1.379,16,1.0,1,w1118,m,2,1
34.33,145.9062736393934,40,1.379,164,0.8413793103448276,1,w1118,m,2,1
14.09,75.79627363939338,40,1.379,151,0.8275862068965517,1,w1118,m,2,1
4.52,110.63627363939338,40,1.379,132,0.15172413793103448,1,w1118,m,2,1
97.94,117.89841649653623,41,1.414,9,1.0,1,w1118,m,2,1
37.97,61.46841649653622,41,1.414,16,1.0,1,w1118,m,2,1
34.05,146.50841649653623,41,1.414,164,0.8413793103448276,1,w1118,m,2,1
12.98,76.61841649653623,41,1.414,151,0.8275862068965517,1,w1118,m,2,1
6.46,107.42841649653623,41,1.414,132,0.15172413793103448,1,w1118,m,2,1
93.24,78.43911417095482,42,1.448,3,0.35172413793103446,1,w1118,m,2,1
83.58,114.14911417095483,42,1.448,2,1.0,1,w1118,m,2,1
76.65,124.92911417095483,42,1.448,1,1.0,1,w1118,m,2,1
39.56,61.359114170954825,42,1.448,16,1.0,1,w1118,m,2,1
17.53,79.12911417095482,42,1.448,151,0.8275862068965517,1,w1118,m,2,1
7.73,106.42911417095483,42,1.448,132,0.15172413793103448,1,w1118,m,2,1
93.35,78.7118414436821,43,1.483,3,0.35172413793103446,1,w1118,m,2,1
84.23,114.3718414436821,43,1.483,2,1.0,1,w1118,m,2,1
77.55,124.55184144368211,43,1.483,1,1.0,1,w1118,m,2,1
38.69,61.1618414436821,43,1.483,16,1.0,1,w1118,m,2,1
17.53,79.5318414436821,43,1.483,151,0.8275862068965517,1,w1118,m,2,1
9.5,106.5318414436821,43,1.483,190,0.18620689655172415,1,w1118,m,2,1
92.11,79.58717477701543,44,1.517,3,0.35172413793103446,1,w1118,m,2,1
82.99,112.92717477701544,44,1.517,2,1.0,1,w1118,m,2,1
78.89,124.68717477701544,44,1.517,1,1.0,1,w1118,m,2,1
38.18,61.31717477701544,44,1.517,16,1.0,1,w1118,m,2,1
17.87,80.16717477701543,44,1.517,151,0.8275862068965517,1,w1118,m,2,1
10.13,104.80717477701543,44,1.517,190,0.18620689655172415,1,w1118,m,2,1
93.67,79.55922023156089,45,1.552,3,0.35172413793103446,1,w1118,m,2,1
84.73,112.03922023156089,45,1.552,2,1.0,1,w1118,m,2,1
78.62,124.55922023156089,45,1.552,1,1.0,1,w1118,m,2,1
38.65,61.28922023156089,45,1.552,16,1.0,1,w1118,m,2,1
17.82,80.83922023156089,45,1.552,151,0.8275862068965517,1,w1118,m,2,1
11.44,104.78922023156089,45,1.552,190,0.18620689655172415,1,w1118,m,2,1
131.01,74.23160118394185,46,1.586,11,1.0,1,w1118,m,2,1
98.98,79.64160118394184,46,1.586,3,0.35172413793103446,1,w1118,m,2,1
98.35,121.80160118394184,46,1.586,9,1.0,1,w1118,m,2,1
86.28,111.09160118394185,46,1.586,2,1.0,1,w1118,m,2,1
80.17,124.35160118394184,46,1.586,1,1.0,1,w1118,m,2,1
38.32,61.351601183941845,46,1.586,16,1.0,1,w1118,m,2,1
19.17,81.92160118394185,46,1.586,151,0.8275862068965517,1,w1118,m,2,1
11.92,104.83160118394184,46,1.586,190,0.18620689655172415,1,w1118,m,2,1
129.05,74.54826785060851,47,1.621,11,1.0,1,w1118,m,2,1
98.31,122.6182678506085,47,1.621,9,1.0,1,w1118,m,2,1
88.0,110.72826785060852,47,1.621,2,1.0,1,w1118,m,2,1
81.06,124.35826785060851,47,1.621,1,1.0,1,w1118,m,2,1
43.8,146.5282678506085,47,1.621,164,0.8413793103448276,1,w1118,m,2,1
20.14,82.02826785060851,47,1.621,151,0.8275862068965517,1,w1118,m,2,1
13.15,104.6782678506085,47,1.621,190,0.18620689655172415,1,w1118,m,2,1
131.17,73.35760118394184,48,1.655,11,1.0,1,w1118,m,2,1
102.08,78.86760118394184,48,1.655,3,0.35172413793103446,1,w1118,m,2,1
99.52,123.99760118394184,48,1.655,9,1.0,1,w1118,m,2,1
87.52,110.80760118394184,48,1.655,2,1.0,1,w1118,m,2,1
78.51,124.66760118394184,48,1.655,1,1.0,1,w1118,m,2,1
41.18,146.72760118394186,48,1.655,164,0.8413793103448276,1,w1118,m,2,1
22.25,84.18760118394185,48,1.655,151,0.8275862068965517,1,w1118,m,2,1
16.08,104.01760118394185,48,1.655,190,0.18620689655172415,1,w1118,m,2,1
131.34,72.94699512333578,49,1.69,11,1.0,1,w1118,m,2,1
104.07,78.97699512333578,49,1.69,3,0.35172413793103446,1,w1118,m,2,1
99.35,125.40699512333579,49,1.69,9,1.0,1,w1118,m,2,1
79.24,124.70699512333579,49,1.69,1,1.0,1,w1118,m,2,1
40.45,146.55699512333578,49,1.69,164,0.8413793103448276,1,w1118,m,2,1
25.21,85.97699512333578,49,1.69,151,0.8275862068965517,1,w1118,m,2,1
17.19,103.07699512333579,49,1.69,190,0.18620689655172415,1,w1118,m,2,1
132.53,71.81184360818428,50,1.724,11,1.0,1,w1118,m,2,1
101.74,79.91184360818427,50,1.724,3,0.35172413793103446,1,w1118,m,2,1
101.44,126.84184360818428,50,1.724,9,1.0,1,w1118,m,2,1
79.76,124.14184360818427,50,1.724,1,1.0,1,w1118,m,2,1
41.62,146.51184360818428,50,1.724,164,0.8413793103448276,1,w1118,m,2,1
25.72,85.85184360818428,50,1.724,151,0.8275862068965517,1,w1118,m,2,1
18.32,102.86184360818427,50,1.724,190,0.18620689655172415,1,w1118,m,2,1
132.4,71.73366179000246,51,1.759,11,1.0,1,w1118,m,2,1
108.16,79.19366179000245,51,1.759,187,0.696551724137931,1,w1118,m,2,1
90.59,109.72366179000245,51,1.759,2,1.0,1,w1118,m,2,1
27.42,85.91366179000245,51,1.759,151,0.8275862068965517,1,w1118,m,2,1
19.8,102.80366179000245,51,1.759,190,0.18620689655172415,1,w1118,m,2,1
132.53,71.2331062344469,52,1.793,11,1.0,1,w1118,m,2,1
110.31,78.9931062344469,52,1.793,187,0.696551724137931,1,w1118,m,2,1
132.48,70.92526839660906,53,1.828,11,1.0,1,w1118,m,2,1
101.35,129.84526839660907,53,1.828,9,1.0,1,w1118,m,2,1
132.24,70.15526839660905,54,1.862,11,1.0,1,w1118,m,2,1
91.47,107.58526839660905,54,1.862,2,1.0,1,w1118,m,2,1
132.06,70.08526839660905,55,1.897,11,1.0,1,w1118,m,2,1
96.9,105.84526839660906,55,1.897,2,1.0,1,w1118,m,2,1
46.89,144.31526839660907,55,1.897,164,0.8413793103448276,1,w1118,m,2,1
132.07,69.41094407228474,56,1.931,11,1.0,1,w1118,m,2,1
97.58,105.26094407228473,56,1.931,2,1.0,1,w1118,m,2,1
48.0,144.22094407228474,56,1.931,164,0.8413793103448276,1,w1118,m,2,1
31.02,87.47094407228474,56,1.931,151,0.8275862068965517,1,w1118,m,2,1
95.94,104.51673354596895,57,1.966,2,1.0,1,w1118,m,2,1
48.65,143.82673354596895,57,1.966,164,0.8413793103448276,1,w1118,m,2,1
32.71,88.35673354596894,57,1.966,151,0.8275862068965517,1,w1118,m,2,1
26.1,103.17673354596894,57,1.966,190,0.18620689655172415,1,w1118,m,2,1
134.33,67.5008361100715,58,2.0,11,1.0,1,w1118,m,2,1
83.67,124.5008361100715,58,2.0,1,1.0,1,w1118,m,2,1
51.11,142.83083611007152,58,2.0,164,0.8413793103448276,1,w1118,m,2,1
35.08,88.5608361100715,58,2.0,151,0.8275862068965517,1,w1118,m,2,1
27.39,103.37083611007151,58,2.0,190,0.18620689655172415,1,w1118,m,2,1
131.14,68.16647713571254,59,2.034,11,1.0,1,w1118,m,2,1
97.81,103.37647713571253,59,2.034,2,1.0,1,w1118,m,2,1
84.97,124.37647713571253,59,2.034,1,1.0,1,w1118,m,2,1
52.36,142.75647713571252,59,2.034,164,0.8413793103448276,1,w1118,m,2,1
36.6,88.92647713571255,59,2.034,151,0.8275862068965517,1,w1118,m,2,1
28.13,103.51647713571253,59,2.034,190,0.18620689655172415,1,w1118,m,2,1
133.46,66.39820127364356,60,2.069,11,1.0,1,w1118,m,2,1
120.55,85.12820127364357,60,2.069,187,0.696551724137931,1,w1118,m,2,1
98.87,102.03820127364357,60,2.069,2,1.0,1,w1118,m,2,1
48.72,142.98820127364357,60,2.069,164,0.8413793103448276,1,w1118,m,2,1
35.91,58.99820127364357,60,2.069,16,1.0,1,w1118,m,2,1
30.86,88.10820127364356,60,2.069,151,0.8275862068965517,1,w1118,m,2,1
26.82,103.66820127364356,60,2.069,190,0.18620689655172415,1,w1118,m,2,1
132.79,66.0878786929984,61,2.103,11,1.0,1,w1118,m,2,1
99.84,101.0278786929984,61,2.103,2,1.0,1,w1118,m,2,1
36.8,59.0678786929984,61,2.103,16,1.0,1,w1118,m,2,1
27.45,102.76787869299841,61,2.103,190,0.18620689655172415,1,w1118,m,2,1
132.63,66.19820127364356,62,2.138,11,1.0,1,w1118,m,2,1
102.01,99.36820127364356,62,2.138,2,1.0,1,w1118,m,2,1
85.14,124.40820127364357,62,2.138,1,1.0,1,w1118,m,2,1
36.2,59.108201273643566,62,2.138,16,1.0,1,w1118,m,2,1
130.96,66.12382627364357,63,2.172,11,1.0,1,w1118,m,2,1
102.35,99.29382627364356,63,2.172,2,1.0,1,w1118,m,2,1
89.0,124.74382627364356,63,2.172,1,1.0,1,w1118,m,2,1
36.31,59.00382627364356,63,2.172,16,1.0,1,w1118,m,2,1
29.83,103.97382627364357,63,2.172,190,0.18620689655172415,1,w1118,m,2,1
129.65,66.08576175751453,64,2.207,11,1.0,1,w1118,m,2,1
102.88,99.17576175751454,64,2.207,2,1.0,1,w1118,m,2,1
37.02,59.32576175751454,64,2.207,16,1.0,1,w1118,m,2,1
128.41,65.9860558751616,65,2.241,11,1.0,1,w1118,m,2,1
103.64,98.13605587516159,65,2.241,2,1.0,1,w1118,m,2,1
88.59,124.76605587516158,65,2.241,1,1.0,1,w1118,m,2,1
38.39,59.346055875161596,65,2.241,16,1.0,1,w1118,m,2,1
127.7,65.9095852869263,66,2.276,11,1.0,1,w1118,m,2,1
122.79,89.17958528692631,66,2.276,187,0.696551724137931,1,w1118,m,2,1
103.24,97.4095852869263,66,2.276,2,1.0,1,w1118,m,2,1
38.83,59.279585286926306,66,2.276,16,1.0,1,w1118,m,2,1
123.19,90.48723234574983,67,2.31,187,0.696551724137931,1,w1118,m,2,1
104.33,96.72723234574984,67,2.31,2,1.0,1,w1118,m,2,1
38.0,58.91723234574984,67,2.31,16,1.0,1,w1118,m,2,1
22.69,105.55723234574984,67,2.31,225,0.5448275862068965,1,w1118,m,2,1
121.65,67.4238990124165,68,2.345,11,1.0,1,w1118,m,2,1
106.5,96.62389901241649,68,2.345,2,1.0,1,w1118,m,2,1
38.35,59.0638990124165,68,2.345,16,1.0,1,w1118,m,2,1
120.27,67.5482740124165,69,2.379,11,1.0,1,w1118,m,2,1
106.22,95.5782740124165,69,2.379,2,1.0,1,w1118,m,2,1
37.91,59.388274012416495,69,2.379,16,1.0,1,w1118,m,2,1
23.65,105.2182740124165,69,2.379,225,0.5448275862068965,1,w1118,m,2,1
37.75,59.1088990124165,70,2.414,16,1.0,1,w1118,m,2,1
19.38,105.5088990124165,70,2.414,225,0.5448275862068965,1,w1118,m,2,1
108.95,94.09435355787105,71,2.448,2,1.0,1,w1118,m,2,1
39.74,92.15435355787105,71,2.448,151,0.8275862068965517,1,w1118,m,2,1
36.82,58.96435355787105,71,2.448,16,1.0,1,w1118,m,2,1
18.26,105.29435355787103,71,2.448,225,0.5448275862068965,1,w1118,m,2,1
121.29,67.65828212929961,72,2.483,11,1.0,1,w1118,m,2,1
107.89,93.8482821292996,72,2.483,2,1.0,1,w1118,m,2,1
103.22,138.9682821292996,72,2.483,9,1.0,1,w1118,m,2,1
81.18,123.1482821292996,72,2.483,1,1.0,1,w1118,m,2,1
57.07,136.8782821292996,72,2.483,164,0.8413793103448276,1,w1118,m,2,1
37.21,59.018282129299614,72,2.483,16,1.0,1,w1118,m,2,1
16.81,105.19828212929961,72,2.483,225,0.5448275862068965,1,w1118,m,2,1
121.4,67.72061546263295,73,2.517,11,1.0,1,w1118,m,2,1
108.74,92.90061546263294,73,2.517,2,1.0,1,w1118,m,2,1
104.04,139.05061546263295,73,2.517,9,1.0,1,w1118,m,2,1
80.29,123.23061546263294,73,2.517,1,1.0,1,w1118,m,2,1
58.01,136.34061546263297,73,2.517,164,0.8413793103448276,1,w1118,m,2,1
36.51,58.98061546263295,73,2.517,16,1.0,1,w1118,m,2,1
21.34,105.28061546263294,73,2.517,225,0.5448275862068965,1,w1118,m,2,1
128.01,97.04900255940714,74,2.552,187,0.696551724137931,1,w1118,m,2,1
122.08,68.76900255940714,74,2.552,11,1.0,1,w1118,m,2,1
114.03,91.29900255940714,74,2.552,2,1.0,1,w1118,m,2,1
102.96,138.90900255940713,74,2.552,9,1.0,1,w1118,m,2,1
79.02,123.11900255940714,74,2.552,1,1.0,1,w1118,m,2,1
58.75,136.22900255940715,74,2.552,164,0.8413793103448276,1,w1118,m,2,1
40.88,93.47900255940714,74,2.552,151,0.8275862068965517,1,w1118,m,2,1
36.25,58.869002559407136,74,2.552,16,1.0,1,w1118,m,2,1
17.91,105.21900255940713,74,2.552,225,0.5448275862068965,1,w1118,m,2,1
128.01,97.88462755940715,75,2.586,187,0.696551724137931,1,w1118,m,2,1
122.08,69.15462755940715,75,2.586,11,1.0,1,w1118,m,2,1
77.9,123.06462755940714,75,2.586,1,1.0,1,w1118,m,2,1
40.91,93.39462755940714,75,2.586,151,0.8275862068965517,1,w1118,m,2,1
36.33,59.05462755940714,75,2.586,16,1.0,1,w1118,m,2,1
16.08,105.60462755940715,75,2.586,225,0.5448275862068965,1,w1118,m,2,1
128.18,98.95587755940714,76,2.621,187,0.696551724137931,1,w1118,m,2,1
122.11,69.47587755940714,76,2.621,11,1.0,1,w1118,m,2,1
102.9,139.73587755940713,76,2.621,9,1.0,1,w1118,m,2,1
76.87,122.91587755940714,76,2.621,1,1.0,1,w1118,m,2,1
58.66,135.71587755940715,76,2.621,164,0.8413793103448276,1,w1118,m,2,1
39.93,93.12587755940714,76,2.621,151,0.8275862068965517,1,w1118,m,2,1
36.3,58.915877559407136,76,2.621,16,1.0,1,w1118,m,2,1
16.97,105.95587755940714,76,2.621,225,0.5448275862068965,1,w1118,m,2,1
121.77,69.23163513516472,77,2.655,11,1.0,1,w1118,m,2,1
104.58,140.4816351351647,77,2.655,9,1.0,1,w1118,m,2,1
74.71,122.62163513516472,77,2.655,1,1.0,1,w1118,m,2,1
40.56,92.99163513516473,77,2.655,151,0.8275862068965517,1,w1118,m,2,1
35.86,58.75163513516471,77,2.655,16,1.0,1,w1118,m,2,1
17.08,105.68163513516473,77,2.655,225,0.5448275862068965,1,w1118,m,2,1
122.76,69.65587755940714,78,2.69,11,1.0,1,w1118,m,2,1
104.3,140.45587755940716,78,2.69,9,1.0,1,w1118,m,2,1
73.73,122.53587755940714,78,2.69,1,1.0,1,w1118,m,2,1
35.81,58.415877559407136,78,2.69,16,1.0,1,w1118,m,2,1
15.26,105.59587755940714,78,2.69,225,0.5448275862068965,1,w1118,m,2,1
72.7,122.4395139230435,79,2.724,1,1.0,1,w1118,m,2,1
35.61,58.439513923043506,79,2.724,16,1.0,1,w1118,m,2,1
16.13,104.9895139230435,79,2.724,225,0.5448275862068965,1,w1118,m,2,1
71.31,122.21157274657293,80,2.759,1,1.0,1,w1118,m,2,1
37.83,60.021572746572915,80,2.759,16,1.0,1,w1118,m,2,1
103.91,140.2243000193002,81,2.793,9,1.0,1,w1118,m,2,1
70.39,122.19430001930019,81,2.793,1,1.0,1,w1118,m,2,1
35.59,59.08430001930019,81,2.793,16,1.0,1,w1118,m,2,1
68.97,122.19945153445171,82,2.828,1,1.0,1,w1118,m,2,1
36.04,60.0994515344517,82,2.828,16,1.0,1,w1118,m,2,1
104.35,140.7750765344517,83,2.862,9,1.0,1,w1118,m,2,1
67.48,121.9250765344517,83,2.862,1,1.0,1,w1118,m,2,1
34.7,59.705076534451706,83,2.862,16,1.0,1,w1118,m,2,1
133.18,108.45915060852577,84,2.897,187,0.696551724137931,1,w1118,m,2,1
125.01,72.77915060852577,84,2.897,11,1.0,1,w1118,m,2,1
100.99,139.7091506085258,84,2.897,9,1.0,1,w1118,m,2,1
66.86,121.84915060852578,84,2.897,1,1.0,1,w1118,m,2,1
36.86,60.79915060852578,84,2.897,16,1.0,1,w1118,m,2,1
10.21,105.57915060852577,84,2.897,225,0.5448275862068965,1,w1118,m,2,1
134.71,108.88415060852577,85,2.931,187,0.696551724137931,1,w1118,m,2,1
125.1,72.60415060852579,85,2.931,11,1.0,1,w1118,m,2,1
117.02,86.06415060852578,85,2.931,2,1.0,1,w1118,m,2,1
65.75,121.79415060852578,85,2.931,1,1.0,1,w1118,m,2,1
37.77,61.31415060852578,85,2.931,16,1.0,1,w1118,m,2,1
8.43,105.55415060852577,85,2.931,225,0.5448275862068965,1,w1118,m,2,1
135.59,109.75548394185911,86,2.966,187,0.696551724137931,1,w1118,m,2,1
125.15,73.33548394185911,86,2.966,11,1.0,1,w1118,m,2,1
64.66,121.44548394185911,86,2.966,1,1.0,1,w1118,m,2,1
36.6,61.255483941859104,86,2.966,16,1.0,1,w1118,m,2,1
8.49,106.03548394185911,86,2.966,225,0.5448275862068965,1,w1118,m,2,1
64.06,120.56915060852579,87,3.0,1,1.0,1,w1118,m,2,1
36.23,61.03915060852577,87,3.0,16,1.0,1,w1118,m,2,1
9.02,105.66915060852578,87,3.0,225,0.5448275862068965,1,w1118,m,2,1
135.69,111.4744839418591,88,3.034,187,0.696551724137931,1,w1118,m,2,1
126.7,75.14448394185911,88,3.034,11,1.0,1,w1118,m,2,1
62.53,120.51448394185911,88,3.034,1,1.0,1,w1118,m,2,1
127.66,75.45135894185911,89,3.069,11,1.0,1,w1118,m,2,1
61.75,120.46135894185912,89,3.069,1,1.0,1,w1118,m,2,1
34.78,61.14135894185911,89,3.069,16,1.0,1,w1118,m,2,1
6.38,105.13135894185912,89,3.069,225,0.5448275862068965,1,w1118,m,2,1
127.25,75.44135894185911,90,3.103,11,1.0,1,w1118,m,2,1
60.4,120.45135894185911,90,3.103,1,1.0,1,w1118,m,2,1
33.77,61.32135894185911,90,3.103,16,1.0,1,w1118,m,2,1
127.53,75.45071378056878,91,3.138,11,1.0,1,w1118,m,2,1
59.68,120.46071378056878,91,3.138,1,1.0,1,w1118,m,2,1
34.01,61.940713780568785,91,3.138,16,1.0,1,w1118,m,2,1
140.96,115.77704711390211,92,3.172,187,0.696551724137931,1,w1118,m,2,1
128.54,75.38704711390211,92,3.172,11,1.0,1,w1118,m,2,1
58.74,120.42704711390212,92,3.172,1,1.0,1,w1118,m,2,1
45.84,97.21704711390211,92,3.172,151,0.8275862068965517,1,w1118,m,2,1
37.68,63.25704711390212,92,3.172,16,1.0,1,w1118,m,2,1
141.56,115.76004711390212,93,3.207,187,0.696551724137931,1,w1118,m,2,1
129.45,76.03004711390213,93,3.207,11,1.0,1,w1118,m,2,1
57.49,120.39004711390213,93,3.207,1,1.0,1,w1118,m,2,1
46.44,97.77004711390212,93,3.207,151,0.8275862068965517,1,w1118,m,2,1
37.51,63.28004711390212,93,3.207,16,1.0,1,w1118,m,2,1
143.48,115.69556435528143,94,3.241,187,0.696551724137931,1,w1118,m,2,1
130.53,77.88556435528143,94,3.241,11,1.0,1,w1118,m,2,1
106.3,142.35556435528142,94,3.241,9,1.0,1,w1118,m,2,1
56.51,120.29556435528144,94,3.241,1,1.0,1,w1118,m,2,1
46.55,98.08556435528143,94,3.241,151,0.8275862068965517,1,w1118,m,2,1
38.5,63.835564355281434,94,3.241,16,1.0,1,w1118,m,2,1
5.42,104.16556435528143,94,3.241,225,0.5448275862068965,1,w1118,m,2,1
143.67,116.56728849321247,95,3.276,187,0.696551724137931,1,w1118,m,2,1
129.74,77.83728849321247,95,3.276,11,1.0,1,w1118,m,2,1
105.62,142.17728849321247,95,3.276,9,1.0,1,w1118,m,2,1
55.64,120.12728849321248,95,3.276,1,1.0,1,w1118,m,2,1
47.55,98.70728849321247,95,3.276,151,0.8275862068965517,1,w1118,m,2,1
37.73,63.65728849321246,95,3.276,16,1.0,1,w1118,m,2,1
3.44,104.07728849321248,95,3.276,225,0.5448275862068965,1,w1118,m,2,1
147.18,117.66459618552015,96,3.31,187,0.696551724137931,1,w1118,m,2,1
123.81,85.55459618552015,96,3.31,2,1.0,1,w1118,m,2,1
107.23,142.53459618552014,96,3.31,9,1.0,1,w1118,m,2,1
67.22,130.55459618552015,96,3.31,164,0.8413793103448276,1,w1118,m,2,1
45.37,98.58459618552016,96,3.31,151,0.8275862068965517,1,w1118,m,2,1
37.21,64.50459618552016,96,3.31,16,1.0,1,w1118,m,2,1
123.96,85.58651926244325,97,3.345,2,1.0,1,w1118,m,2,1
67.88,130.53651926244325,97,3.345,164,0.8413793103448276,1,w1118,m,2,1
46.3,98.60651926244324,97,3.345,151,0.8275862068965517,1,w1118,m,2,1
36.94,64.57651926244324,97,3.345,16,1.0,1,w1118,m,2,1
123.44,86.14382695475093,98,3.379,2,1.0,1,w1118,m,2,1
63.15,131.47382695475093,98,3.379,164,0.8413793103448276,1,w1118,m,2,1
46.97,98.69382695475093,98,3.379,151,0.8275862068965517,1,w1118,m,2,1
35.79,64.86382695475093,98,3.379,16,1.0,1,w1118,m,2,1
0.55,104.38382695475093,98,3.379,225,0.5448275862068965,1,w1118,m,2,1
123.8,86.9630577239817,99,3.414,2,1.0,1,w1118,m,2,1
65.17,130.65305772398168,99,3.414,164,0.8413793103448276,1,w1118,m,2,1
65.29,130.7311346470586,100,3.448,164,0.8413793103448276,1,w1118,m,2,1
66.13,130.74228849321247,101,3.483,164,0.8413793103448276,1,w1118,m,2,1
65.88,130.77117738210137,102,3.517,164,0.8413793103448276,1,w1118,m,2,1
33.67,66.68082023924421,103,3.552,16,1.0,1,w1118,m,2,1
139.76,88.47897294860381,106,3.655,11,1.0,1,w1118,m,2,1
69.08,128.75897294860383,106,3.655,164,0.8413793103448276,1,w1118,m,2,1
138.07,88.58966260377623,107,3.69,11,1.0,1,w1118,m,2,1
69.75,128.76966260377623,107,3.69,164,0.8413793103448276,1,w1118,m,2,1
120.9,88.85262556673919,108,3.724,2,1.0,1,w1118,m,2,1
67.94,128.55262556673918,108,3.724,164,0.8413793103448276,1,w1118,m,2,1
30.19,67.73262556673919,108,3.724,16,1.0,1,w1118,m,2,1
4.87,105.2726255667392,108,3.724,225,0.5448275862068965,1,w1118,m,2,1
121.04,88.77558852970216,109,3.759,2,1.0,1,w1118,m,2,1
69.02,127.83558852970216,109,3.759,164,0.8413793103448276,1,w1118,m,2,1
6.75,104.70558852970217,109,3.759,225,0.5448275862068965,1,w1118,m,2,1
70.69,126.81632927044289,110,3.793,164,0.8413793103448276,1,w1118,m,2,1
69.36,127.06669964081327,111,3.828,164,0.8413793103448276,1,w1118,m,2,1
53.28,98.12669964081327,111,3.828,151,0.8275862068965517,1,w1118,m,2,1
70.27,126.97299593710956,112,3.862,164,0.8413793103448276,1,w1118,m,2,1
52.35,98.03299593710956,112,3.862,151,0.8275862068965517,1,w1118,m,2,1
70.77,125.69336630747993,113,3.897,164,0.8413793103448276,1,w1118,m,2,1
52.13,98.05336630747993,113,3.897,151,0.8275862068965517,1,w1118,m,2,1
50.83,108.88336630747993,113,3.897,1,1.0,1,w1118,m,2,1
70.75,125.6552181593318,114,3.931,164,0.8413793103448276,1,w1118,m,2,1
52.86,97.55521815933179,114,3.931,151,0.8275862068965517,1,w1118,m,2,1
69.57,125.757440381554,115,3.966,164,0.8413793103448276,1,w1118,m,2,1
45.02,110.82744038155401,115,3.966,1,1.0,1,w1118,m,2,1
46.56,110.00484778896141,116,4.0,1,1.0,1,w1118,m,2,1
135.93,95.0534684786166,117,4.034,11,1.0,1,w1118,m,2,1
47.91,109.02346847861659,117,4.034,1,1.0,1,w1118,m,2,1
136.68,95.07314589797143,118,4.069,11,1.0,1,w1118,m,2,1
46.84,109.15314589797143,118,4.069,1,1.0,1,w1118,m,2,1
122.41,90.19739506371114,120,4.138,2,1.0,1,w1118,m,2,1
72.39,123.35739506371114,120,4.138,164,0.8413793103448276,1,w1118,m,2,1
55.79,95.15739506371114,120,4.138,151,0.8275862068965517,1,w1118,m,2,1
47.52,108.74739506371114,120,4.138,1,1.0,1,w1118,m,2,1
23.66,73.23739506371113,120,4.138,16,1.0,1,w1118,m,2,1
121.36,90.3177176443563,121,4.172,2,1.0,1,w1118,m,2,1
70.64,124.09771764435631,121,4.172,164,0.8413793103448276,1,w1118,m,2,1
56.78,95.0177176443563,121,4.172,151,0.8275862068965517,1,w1118,m,2,1
48.39,108.12771764435631,121,4.172,1,1.0,1,w1118,m,2,1
22.61,73.3577176443563,121,4.172,16,1.0,1,w1118,m,2,1
122.01,90.28459264435631,122,4.207,2,1.0,1,w1118,m,2,1
70.19,124.0545926443563,122,4.207,164,0.8413793103448276,1,w1118,m,2,1
47.95,108.12459264435631,122,4.207,1,1.0,1,w1118,m,2,1
22.17,73.3545926443563,122,4.207,16,1.0,1,w1118,m,2,1
122.04,90.3245926443563,123,4.241,2,1.0,1,w1118,m,2,1
71.18,123.11459264435629,123,4.241,164,0.8413793103448276,1,w1118,m,2,1
46.99,108.1645926443563,123,4.241,1,1.0,1,w1118,m,2,1
21.21,73.3945926443563,123,4.241,16,1.0,1,w1118,m,2,1
71.07,123.17990514435631,124,4.276,164,0.8413793103448276,1,w1118,m,2,1
47.0,108.25990514435631,124,4.276,1,1.0,1,w1118,m,2,1
20.2,73.5499051443563,124,4.276,16,1.0,1,w1118,m,2,1
70.32,123.32778393223508,125,4.31,164,0.8413793103448276,1,w1118,m,2,1
71.25,121.74869302314418,126,4.345,164,0.8413793103448276,1,w1118,m,2,1
72.4,121.4048694937324,127,4.379,164,0.8413793103448276,1,w1118,m,2,1
72.59,121.49369302314417,128,4.414,164,0.8413793103448276,1,w1118,m,2,1
73.34,120.61140730885846,129,4.448,164,0.8413793103448276,1,w1118,m,2,1
42.54,108.22140730885846,129,4.448,1,1.0,1,w1118,m,2,1
168.94,120.74405436768198,130,4.483,187,0.696551724137931,1,w1118,m,2,1
41.39,108.30405436768199,130,4.483,1,1.0,1,w1118,m,2,1
40.66,108.48062579625342,131,4.517,1,1.0,1,w1118,m,2,1
171.15,121.3272924629201,132,4.552,187,0.696551724137931,1,w1118,m,2,1
142.83,109.58729246292009,132,4.552,11,1.0,1,w1118,m,2,1
123.9,87.11729246292009,132,4.552,2,1.0,1,w1118,m,2,1
63.31,93.75729246292009,132,4.552,151,0.8275862068965517,1,w1118,m,2,1
43.4,108.1072924629201,132,4.552,1,1.0,1,w1118,m,2,1
22.47,103.0672924629201,132,4.552,225,0.5448275862068965,1,w1118,m,2,1
12.68,75.0472924629201,132,4.552,16,1.0,1,w1118,m,2,1
170.86,121.02862579625342,133,4.586,187,0.696551724137931,1,w1118,m,2,1
125.14,87.12862579625342,133,4.586,2,1.0,1,w1118,m,2,1
73.8,118.85862579625342,133,4.586,164,0.8413793103448276,1,w1118,m,2,1
42.66,108.14862579625343,133,4.586,1,1.0,1,w1118,m,2,1
22.85,102.68862579625342,133,4.586,225,0.5448275862068965,1,w1118,m,2,1
11.94,75.08862579625342,133,4.586,16,1.0,1,w1118,m,2,1
172.57,120.15162579625343,134,4.621,187,0.696551724137931,1,w1118,m,2,1
125.85,87.26162579625343,134,4.621,2,1.0,1,w1118,m,2,1
41.49,108.32162579625343,134,4.621,1,1.0,1,w1118,m,2,1
10.77,75.26162579625343,134,4.621,16,1.0,1,w1118,m,2,1
172.43,120.24095912958676,135,4.655,187,0.696551724137931,1,w1118,m,2,1
124.82,86.89095912958676,135,4.655,2,1.0,1,w1118,m,2,1
40.29,108.39095912958676,135,4.655,1,1.0,1,w1118,m,2,1
23.47,102.39095912958676,135,4.655,225,0.5448275862068965,1,w1118,m,2,1
9.62,75.33095912958676,135,4.655,16,1.0,1,w1118,m,2,1
173.45,120.443028095104,136,4.69,187,0.696551724137931,1,w1118,m,2,1
125.51,85.973028095104,136,4.69,2,1.0,1,w1118,m,2,1
73.52,117.613028095104,136,4.69,164,0.8413793103448276,1,w1118,m,2,1
39.14,108.483028095104,136,4.69,1,1.0,1,w1118,m,2,1
23.31,102.413028095104,136,4.69,225,0.5448275862068965,1,w1118,m,2,1
8.47,75.423028095104,136,4.69,16,1.0,1,w1118,m,2,1
174.35,120.41889016406951,137,4.724,187,0.696551724137931,1,w1118,m,2,1
124.52,85.97889016406951,137,4.724,2,1.0,1,w1118,m,2,1
38.02,108.45889016406952,137,4.724,1,1.0,1,w1118,m,2,1
7.36,75.39889016406951,137,4.724,16,1.0,1,w1118,m,2,1
173.84,119.63475223303503,138,4.759,187,0.696551724137931,1,w1118,m,2,1
144.96,112.63475223303503,138,4.759,11,1.0,1,w1118,m,2,1
125.92,85.61475223303503,138,4.759,2,1.0,1,w1118,m,2,1
37.51,108.66475223303503,138,4.759,1,1.0,1,w1118,m,2,1
24.91,101.47475223303503,138,4.759,225,0.5448275862068965,1,w1118,m,2,1
6.86,75.61475223303503,138,4.759,16,1.0,1,w1118,m,2,1
146.06,112.76716602613848,139,4.793,11,1.0,1,w1118,m,2,1
35.83,108.82716602613849,139,4.793,1,1.0,1,w1118,m,2,1
24.05,101.29716602613848,139,4.793,225,0.5448275862068965,1,w1118,m,2,1
5.98,75.7871660261385,139,4.793,16,1.0,1,w1118,m,2,1
34.43,108.85329505839654,140,4.828,1,1.0,1,w1118,m,2,1
26.5,100.45329505839655,140,4.828,225,0.5448275862068965,1,w1118,m,2,1
4.58,75.80329505839654,140,4.828,16,1.0,1,w1118,m,2,1
34.06,108.95423255839655,141,4.862,1,1.0,1,w1118,m,2,1
3.51,75.88423255839655,141,4.862,16,1.0,1,w1118,m,2,1
33.18,109.11142005839656,142,4.897,1,1.0,1,w1118,m,2,1
2.63,76.04142005839654,142,4.897,16,1.0,1,w1118,m,2,1
32.17,108.96517005839655,143,4.931,1,1.0,1,w1118,m,2,1
1.58,76.23517005839655,143,4.931,16,1.0,1,w1118,m,2,1
175.44,120.21413557563791,144,4.966,187,0.696551724137931,1,w1118,m,2,1
132.14,83.89413557563792,144,4.966,2,1.0,1,w1118,m,2,1
75.42,116.31413557563792,144,4.966,164,0.8413793103448276,1,w1118,m,2,1
31.27,109.47413557563792,144,4.966,1,1.0,1,w1118,m,2,1
25.46,99.61413557563792,144,4.966,225,0.5448275862068965,1,w1118,m,2,1
0.45,75.84413557563792,144,4.966,16,1.0,1,w1118,m,2,1
48.82,267.05,0,0.0,8,0.5586206896551724,2,w1118,m,2,1
36.06,306.211,1,0.034,12,0.15862068965517243,2,w1118,m,2,1
35.75,307.4387777777778,2,0.069,12,0.15862068965517243,2,w1118,m,2,1
54.33,264.1033015873016,3,0.103,8,0.5586206896551724,2,w1118,m,2,1
34.73,311.9133015873016,3,0.103,12,0.15862068965517243,2,w1118,m,2,1
56.26,263.08158730158726,4,0.138,8,0.5586206896551724,2,w1118,m,2,1
34.6,314.8815873015873,4,0.138,12,0.15862068965517243,2,w1118,m,2,1
56.75,260.851317031317,5,0.172,8,0.5586206896551724,2,w1118,m,2,1
34.53,317.52131703131704,5,0.172,12,0.15862068965517243,2,w1118,m,2,1
62.87,259.2005897585898,6,0.207,8,0.5586206896551724,2,w1118,m,2,1
34.47,316.0105897585898,6,0.207,12,0.15862068965517243,2,w1118,m,2,1
24.25,263.3305897585898,6,0.207,14,0.08275862068965517,2,w1118,m,2,1
66.02,258.3283448606306,7,0.241,8,0.5586206896551724,2,w1118,m,2,1
33.52,316.10834486063055,7,0.241,12,0.15862068965517243,2,w1118,m,2,1
22.94,263.10834486063055,7,0.241,14,0.08275862068965517,2,w1118,m,2,1
66.73,256.3333448606306,8,0.276,8,0.5586206896551724,2,w1118,m,2,1
33.18,316.0733448606306,8,0.276,12,0.15862068965517243,2,w1118,m,2,1
21.79,261.7733448606306,8,0.276,14,0.08275862068965517,2,w1118,m,2,1
20.64,308.03334486063056,8,0.276,120,0.9586206896551724,2,w1118,m,2,1
69.2,255.56199870678444,9,0.31,8,0.5586206896551724,2,w1118,m,2,1
33.61,317.1619987067844,9,0.31,12,0.15862068965517243,2,w1118,m,2,1
21.15,254.72199870678443,9,0.31,14,0.08275862068965517,2,w1118,m,2,1
19.77,271.2719987067844,9,0.31,19,0.4896551724137931,2,w1118,m,2,1
72.36,254.89047328305563,10,0.345,8,0.5586206896551724,2,w1118,m,2,1
32.04,316.7704732830556,10,0.345,12,0.15862068965517243,2,w1118,m,2,1
18.64,270.5904732830556,10,0.345,19,0.4896551724137931,2,w1118,m,2,1
73.79,252.97761614019845,11,0.379,8,0.5586206896551724,2,w1118,m,2,1
35.1,317.8776161401985,11,0.379,12,0.15862068965517243,2,w1118,m,2,1
70.15,253.0889064627791,12,0.414,8,0.5586206896551724,2,w1118,m,2,1
35.94,317.8089064627791,12,0.414,12,0.15862068965517243,2,w1118,m,2,1
28.49,238.9889064627791,12,0.414,22,0.9862068965517241,2,w1118,m,2,1
36.16,317.97112868500136,13,0.448,12,0.15862068965517243,2,w1118,m,2,1
74.21,251.98289339088367,14,0.483,8,0.5586206896551724,2,w1118,m,2,1
37.11,318.1928933908837,14,0.483,12,0.15862068965517243,2,w1118,m,2,1
79.26,249.84250877549908,15,0.517,8,0.5586206896551724,2,w1118,m,2,1
37.6,317.7525087754991,15,0.517,12,0.15862068965517243,2,w1118,m,2,1
28.82,326.5025087754991,15,0.517,28,0.9793103448275862,2,w1118,m,2,1
28.53,300.7625087754991,15,0.517,148,0.903448275862069,2,w1118,m,2,1
80.57,248.45618224488683,16,0.552,8,0.5586206896551724,2,w1118,m,2,1
29.19,326.3361822448868,16,0.552,28,0.9793103448275862,2,w1118,m,2,1
27.94,238.83618224488683,16,0.552,22,0.9862068965517241,2,w1118,m,2,1
32.71,326.70363679034136,17,0.586,28,0.9793103448275862,2,w1118,m,2,1
28.11,238.6036367903414,17,0.586,22,0.9862068965517241,2,w1118,m,2,1
79.51,248.03402140572598,18,0.621,8,0.5586206896551724,2,w1118,m,2,1
46.22,316.474021405726,18,0.621,152,0.8758620689655172,2,w1118,m,2,1
34.17,327.31402140572595,18,0.621,28,0.9793103448275862,2,w1118,m,2,1
49.21,316.33657042533383,19,0.655,152,0.8758620689655172,2,w1118,m,2,1
30.5,239.00657042533385,19,0.655,22,0.9862068965517241,2,w1118,m,2,1
31.33,239.26657042533384,20,0.69,22,0.9862068965517241,2,w1118,m,2,1
51.35,315.94214734841074,21,0.724,152,0.8758620689655172,2,w1118,m,2,1
30.45,239.41214734841077,21,0.724,22,0.9862068965517241,2,w1118,m,2,1
53.72,315.5048746211381,22,0.759,152,0.8758620689655172,2,w1118,m,2,1
40.29,292.78487462113804,22,0.759,148,0.903448275862069,2,w1118,m,2,1
23.49,271.32487462113806,22,0.759,159,0.8551724137931035,2,w1118,m,2,1
89.79,242.90110103623235,23,0.793,8,0.5586206896551724,2,w1118,m,2,1
31.38,239.59110103623237,23,0.793,22,0.9862068965517241,2,w1118,m,2,1
23.24,243.91110103623237,23,0.793,162,0.10344827586206896,2,w1118,m,2,1
23.15,270.29110103623236,23,0.793,159,0.8551724137931035,2,w1118,m,2,1
89.33,242.8552186832912,24,0.828,8,0.5586206896551724,2,w1118,m,2,1
45.05,291.9052186832912,24,0.828,148,0.903448275862069,2,w1118,m,2,1
43.35,330.1752186832912,24,0.828,28,0.9793103448275862,2,w1118,m,2,1
35.1,239.8052186832912,24,0.828,22,0.9862068965517241,2,w1118,m,2,1
28.1,271.7452186832912,24,0.828,159,0.8551724137931035,2,w1118,m,2,1
90.63,240.90007582614834,25,0.862,8,0.5586206896551724,2,w1118,m,2,1
47.35,290.6100758261483,25,0.862,148,0.903448275862069,2,w1118,m,2,1
45.61,329.95007582614835,25,0.862,28,0.9793103448275862,2,w1118,m,2,1
29.46,271.7900758261483,25,0.862,159,0.8551724137931035,2,w1118,m,2,1
91.22,240.50785360392612,26,0.897,8,0.5586206896551724,2,w1118,m,2,1
48.11,291.2378536039261,26,0.897,148,0.903448275862069,2,w1118,m,2,1
46.39,330.49785360392616,26,0.897,28,0.9793103448275862,2,w1118,m,2,1
35.51,239.9078536039261,26,0.897,22,0.9862068965517241,2,w1118,m,2,1
28.43,271.94785360392615,26,0.897,159,0.8551724137931035,2,w1118,m,2,1
24.62,243.3478536039261,26,0.897,162,0.10344827586206896,2,w1118,m,2,1
15.2,305.07785360392614,26,0.897,25,0.35172413793103446,2,w1118,m,2,1
91.9,240.52507582614834,27,0.931,8,0.5586206896551724,2,w1118,m,2,1
49.45,291.58507582614834,27,0.931,148,0.903448275862069,2,w1118,m,2,1
47.26,331.13507582614835,27,0.931,28,0.9793103448275862,2,w1118,m,2,1
35.32,240.07507582614835,27,0.931,22,0.9862068965517241,2,w1118,m,2,1
32.06,272.52507582614834,27,0.931,159,0.8551724137931035,2,w1118,m,2,1
27.11,243.00507582614833,27,0.931,162,0.10344827586206896,2,w1118,m,2,1
92.33,239.78732582614833,28,0.966,8,0.5586206896551724,2,w1118,m,2,1
50.91,290.59732582614834,28,0.966,148,0.903448275862069,2,w1118,m,2,1
37.17,239.91732582614833,28,0.966,22,0.9862068965517241,2,w1118,m,2,1
31.2,272.52732582614834,28,0.966,159,0.8551724137931035,2,w1118,m,2,1
27.32,242.5273258261483,28,0.966,162,0.10344827586206896,2,w1118,m,2,1
13.06,303.26732582614835,28,0.966,25,0.35172413793103446,2,w1118,m,2,1
93.32,239.99809505691755,29,1.0,8,0.5586206896551724,2,w1118,m,2,1
61.62,313.19809505691757,29,1.0,152,0.8758620689655172,2,w1118,m,2,1
51.45,290.1080950569176,29,1.0,148,0.903448275862069,2,w1118,m,2,1
38.72,240.60809505691756,29,1.0,22,0.9862068965517241,2,w1118,m,2,1
30.76,273.0480950569176,29,1.0,159,0.8551724137931035,2,w1118,m,2,1
27.05,243.55809505691755,29,1.0,162,0.10344827586206896,2,w1118,m,2,1
92.9,239.915039501362,30,1.034,8,0.5586206896551724,2,w1118,m,2,1
64.23,313.38503950136203,30,1.034,152,0.8758620689655172,2,w1118,m,2,1
53.4,289.43503950136204,30,1.034,148,0.903448275862069,2,w1118,m,2,1
38.84,240.945039501362,30,1.034,22,0.9862068965517241,2,w1118,m,2,1
29.75,273.265039501362,30,1.034,159,0.8551724137931035,2,w1118,m,2,1
26.98,243.325039501362,30,1.034,162,0.10344827586206896,2,w1118,m,2,1
94.92,239.46226172358422,31,1.069,8,0.5586206896551724,2,w1118,m,2,1
54.45,289.38226172358424,31,1.069,148,0.903448275862069,2,w1118,m,2,1
39.79,241.20226172358423,31,1.069,22,0.9862068965517241,2,w1118,m,2,1
30.67,273.56226172358424,31,1.069,159,0.8551724137931035,2,w1118,m,2,1
26.89,242.99226172358422,31,1.069,162,0.10344827586206896,2,w1118,m,2,1
95.15,239.19226172358424,32,1.103,8,0.5586206896551724,2,w1118,m,2,1
63.77,312.87226172358424,32,1.103,152,0.8758620689655172,2,w1118,m,2,1
39.16,241.29226172358423,32,1.103,22,0.9862068965517241,2,w1118,m,2,1
29.92,273.67226172358426,32,1.103,159,0.8551724137931035,2,w1118,m,2,1
27.33,243.15226172358425,32,1.103,162,0.10344827586206896,2,w1118,m,2,1
94.92,238.80226172358422,33,1.138,8,0.5586206896551724,2,w1118,m,2,1
64.68,312.48226172358426,33,1.138,152,0.8758620689655172,2,w1118,m,2,1
28.75,273.70226172358423,33,1.138,159,0.8551724137931035,2,w1118,m,2,1
95.1,238.73713351845603,34,1.172,8,0.5586206896551724,2,w1118,m,2,1
66.03,312.347133518456,34,1.172,152,0.8758620689655172,2,w1118,m,2,1
29.01,274.037133518456,34,1.172,159,0.8551724137931035,2,w1118,m,2,1
96.41,239.0690847379682,35,1.207,8,0.5586206896551724,2,w1118,m,2,1
68.29,311.5990847379682,35,1.207,152,0.8758620689655172,2,w1118,m,2,1
41.08,241.2390847379682,35,1.207,22,0.9862068965517241,2,w1118,m,2,1
28.6,274.29908473796826,35,1.207,159,0.8551724137931035,2,w1118,m,2,1
96.55,238.34876215732305,36,1.241,8,0.5586206896551724,2,w1118,m,2,1
62.59,333.5087621573231,36,1.241,28,0.9793103448275862,2,w1118,m,2,1
60.51,286.6687621573231,36,1.241,148,0.903448275862069,2,w1118,m,2,1
31.62,273.7387621573231,36,1.241,159,0.8551724137931035,2,w1118,m,2,1
3.05,295.2487621573231,36,1.241,25,0.35172413793103446,2,w1118,m,2,1
97.22,238.4825856867348,37,1.276,8,0.5586206896551724,2,w1118,m,2,1
63.8,333.6725856867348,37,1.276,28,0.9793103448275862,2,w1118,m,2,1
61.72,286.2225856867348,37,1.276,148,0.903448275862069,2,w1118,m,2,1
31.85,273.7325856867348,37,1.276,159,0.8551724137931035,2,w1118,m,2,1
2.6,294.83258568673483,37,1.276,25,0.35172413793103446,2,w1118,m,2,1
97.95,239.55464451026424,38,1.31,8,0.5586206896551724,2,w1118,m,2,1
62.91,286.3646445102642,38,1.31,148,0.903448275862069,2,w1118,m,2,1
38.83,242.07464451026422,38,1.31,22,0.9862068965517241,2,w1118,m,2,1
32.96,273.3646445102642,38,1.31,159,0.8551724137931035,2,w1118,m,2,1
1.73,290.39464451026424,38,1.31,25,0.35172413793103446,2,w1118,m,2,1
98.15,239.44492228804202,39,1.345,8,0.5586206896551724,2,w1118,m,2,1
63.97,286.454922288042,39,1.345,148,0.903448275862069,2,w1118,m,2,1
34.72,272.194922288042,39,1.345,159,0.8551724137931035,2,w1118,m,2,1
0.43,289.194922288042,39,1.345,25,0.35172413793103446,2,w1118,m,2,1
99.02,239.39627363939337,40,1.379,8,0.5586206896551724,2,w1118,m,2,1
64.94,285.84627363939336,40,1.379,148,0.903448275862069,2,w1118,m,2,1
35.99,271.71627363939336,40,1.379,159,0.8551724137931035,2,w1118,m,2,1
97.88,239.74841649653624,41,1.414,8,0.5586206896551724,2,w1118,m,2,1
37.76,271.12841649653626,41,1.414,159,0.8551724137931035,2,w1118,m,2,1
97.55,240.11911417095482,42,1.448,8,0.5586206896551724,2,w1118,m,2,1
3.91,307.41911417095486,42,1.448,120,0.9586206896551724,2,w1118,m,2,1
96.64,240.2518414436821,43,1.483,8,0.5586206896551724,2,w1118,m,2,1
37.08,270.8918414436821,43,1.483,159,0.8551724137931035,2,w1118,m,2,1
3.09,307.93717477701546,44,1.517,120,0.9586206896551724,2,w1118,m,2,1
2.25,245.32717477701541,44,1.517,177,0.3931034482758621,2,w1118,m,2,1
41.66,269.29922023156087,45,1.552,159,0.8551724137931035,2,w1118,m,2,1
6.45,309.06922023156085,45,1.552,120,0.9586206896551724,2,w1118,m,2,1
1.42,245.2892202315609,45,1.552,177,0.3931034482758621,2,w1118,m,2,1
8.57,275.61922023156086,45,1.552,25,0.35172413793103446,2,w1118,m,2,1
97.11,241.71160118394184,46,1.586,8,0.5586206896551724,2,w1118,m,2,1
41.18,269.34160118394186,46,1.586,159,0.8551724137931035,2,w1118,m,2,1
1.26,245.32160118394182,46,1.586,177,0.3931034482758621,2,w1118,m,2,1
97.13,241.7482678506085,47,1.621,8,0.5586206896551724,2,w1118,m,2,1
43.54,269.02826785060853,47,1.621,159,0.8551724137931035,2,w1118,m,2,1
98.28,242.68760118394184,48,1.655,8,0.5586206896551724,2,w1118,m,2,1
84.43,310.90760118394184,48,1.655,152,0.8758620689655172,2,w1118,m,2,1
43.21,269.07760118394185,48,1.655,159,0.8551724137931035,2,w1118,m,2,1
5.31,309.78760118394183,48,1.655,120,0.9586206896551724,2,w1118,m,2,1
0.57,245.08760118394184,48,1.655,177,0.3931034482758621,2,w1118,m,2,1
13.61,267.40760118394184,48,1.655,25,0.35172413793103446,2,w1118,m,2,1
98.79,243.2269951233358,49,1.69,8,0.5586206896551724,2,w1118,m,2,1
86.33,310.93699512333575,49,1.69,152,0.8758620689655172,2,w1118,m,2,1
42.01,269.05699512333575,49,1.69,159,0.8551724137931035,2,w1118,m,2,1
39.2,244.9269951233358,49,1.69,22,0.9862068965517241,2,w1118,m,2,1
4.41,309.8969951233358,49,1.69,120,0.9586206896551724,2,w1118,m,2,1
98.42,243.15184360818427,50,1.724,8,0.5586206896551724,2,w1118,m,2,1
88.46,310.96184360818427,50,1.724,152,0.8758620689655172,2,w1118,m,2,1
41.42,268.61184360818424,50,1.724,159,0.8551724137931035,2,w1118,m,2,1
38.66,244.90184360818427,50,1.724,22,0.9862068965517241,2,w1118,m,2,1
4.44,245.0018436081843,50,1.724,177,0.3931034482758621,2,w1118,m,2,1
3.77,309.85184360818425,50,1.724,120,0.9586206896551724,2,w1118,m,2,1
91.0,311.4336617900024,51,1.759,152,0.8758620689655172,2,w1118,m,2,1
42.32,267.90366179000245,51,1.759,159,0.8551724137931035,2,w1118,m,2,1
38.46,244.82366179000246,51,1.759,22,0.9862068965517241,2,w1118,m,2,1
8.49,310.1436617900024,51,1.759,120,0.9586206896551724,2,w1118,m,2,1
3.63,244.62366179000244,51,1.759,177,0.3931034482758621,2,w1118,m,2,1
99.11,244.25310623444688,52,1.793,8,0.5586206896551724,2,w1118,m,2,1
92.2,311.2131062344469,52,1.793,152,0.8758620689655172,2,w1118,m,2,1
41.29,267.69310623444693,52,1.793,159,0.8551724137931035,2,w1118,m,2,1
38.47,244.6431062344469,52,1.793,22,0.9862068965517241,2,w1118,m,2,1
9.71,310.8831062344469,52,1.793,120,0.9586206896551724,2,w1118,m,2,1
3.53,244.34310623444688,52,1.793,177,0.3931034482758621,2,w1118,m,2,1
92.93,311.4652683966091,53,1.828,152,0.8758620689655172,2,w1118,m,2,1
40.44,244.72526839660907,53,1.828,22,0.9862068965517241,2,w1118,m,2,1
40.27,267.9352683966091,53,1.828,159,0.8551724137931035,2,w1118,m,2,1
9.7,311.6452683966091,53,1.828,120,0.9586206896551724,2,w1118,m,2,1
2.64,244.03526839660904,53,1.828,177,0.3931034482758621,2,w1118,m,2,1
99.05,245.06526839660907,54,1.862,8,0.5586206896551724,2,w1118,m,2,1
39.18,244.59526839660907,54,1.862,22,0.9862068965517241,2,w1118,m,2,1
8.44,311.80526839660905,54,1.862,120,0.9586206896551724,2,w1118,m,2,1
3.44,243.98526839660906,54,1.862,177,0.3931034482758621,2,w1118,m,2,1
99.12,244.64526839660905,55,1.897,8,0.5586206896551724,2,w1118,m,2,1
9.1,311.54526839660906,55,1.897,120,0.9586206896551724,2,w1118,m,2,1
101.72,245.08094407228472,56,1.931,8,0.5586206896551724,2,w1118,m,2,1
9.92,312.09094407228474,56,1.931,120,0.9586206896551724,2,w1118,m,2,1
7.08,243.51094407228473,56,1.931,177,0.3931034482758621,2,w1118,m,2,1
100.93,245.31673354596896,57,1.966,8,0.5586206896551724,2,w1118,m,2,1
40.15,243.40673354596896,57,1.966,22,0.9862068965517241,2,w1118,m,2,1
7.85,243.31673354596896,57,1.966,177,0.3931034482758621,2,w1118,m,2,1
100.61,245.6808361100715,58,2.0,8,0.5586206896551724,2,w1118,m,2,1
40.64,243.2508361100715,58,2.0,22,0.9862068965517241,2,w1118,m,2,1
7.42,243.4408361100715,58,2.0,177,0.3931034482758621,2,w1118,m,2,1
101.04,245.48647713571253,59,2.034,8,0.5586206896551724,2,w1118,m,2,1
40.88,242.82647713571254,59,2.034,22,0.9862068965517241,2,w1118,m,2,1
7.79,243.25647713571252,59,2.034,177,0.3931034482758621,2,w1118,m,2,1
101.78,246.00820127364358,60,2.069,8,0.5586206896551724,2,w1118,m,2,1
100.64,310.1282012736436,60,2.069,152,0.8758620689655172,2,w1118,m,2,1
87.74,276.83820127364356,60,2.069,148,0.903448275862069,2,w1118,m,2,1
45.19,242.2182012736436,60,2.069,22,0.9862068965517241,2,w1118,m,2,1
32.51,266.7482012736436,60,2.069,159,0.8551724137931035,2,w1118,m,2,1
12.42,314.2382012736436,60,2.069,120,0.9586206896551724,2,w1118,m,2,1
7.69,242.67820127364357,60,2.069,177,0.3931034482758621,2,w1118,m,2,1
102.92,246.7778786929984,61,2.103,8,0.5586206896551724,2,w1118,m,2,1
101.48,309.1978786929984,61,2.103,152,0.8758620689655172,2,w1118,m,2,1
89.75,275.3178786929984,61,2.103,148,0.903448275862069,2,w1118,m,2,1
45.62,242.1078786929984,61,2.103,22,0.9862068965517241,2,w1118,m,2,1
30.8,266.9078786929984,61,2.103,159,0.8551724137931035,2,w1118,m,2,1
11.68,314.2478786929984,61,2.103,120,0.9586206896551724,2,w1118,m,2,1
6.93,242.7478786929984,61,2.103,177,0.3931034482758621,2,w1118,m,2,1
30.88,266.40820127364356,62,2.138,159,0.8551724137931035,2,w1118,m,2,1
10.85,314.2582012736436,62,2.138,120,0.9586206896551724,2,w1118,m,2,1
7.97,242.28820127364355,62,2.138,177,0.3931034482758621,2,w1118,m,2,1
104.93,309.6538262736436,63,2.172,152,0.8758620689655172,2,w1118,m,2,1
31.32,265.8738262736436,63,2.172,159,0.8551724137931035,2,w1118,m,2,1
7.33,242.21382627364358,63,2.172,177,0.3931034482758621,2,w1118,m,2,1
103.95,249.05576175751452,64,2.207,8,0.5586206896551724,2,w1118,m,2,1
45.75,242.08576175751452,64,2.207,22,0.9862068965517241,2,w1118,m,2,1
32.89,265.78576175751454,64,2.207,159,0.8551724137931035,2,w1118,m,2,1
6.1,241.75576175751453,64,2.207,177,0.3931034482758621,2,w1118,m,2,1
34.75,265.73605587516164,65,2.241,159,0.8551724137931035,2,w1118,m,2,1
5.9,241.6560558751616,65,2.241,177,0.3931034482758621,2,w1118,m,2,1
106.11,309.9395852869263,66,2.276,152,0.8758620689655172,2,w1118,m,2,1
102.96,249.85958528692632,66,2.276,8,0.5586206896551724,2,w1118,m,2,1
7.83,241.6995852869263,66,2.276,177,0.3931034482758621,2,w1118,m,2,1
108.06,309.7372323457498,67,2.31,152,0.8758620689655172,2,w1118,m,2,1
33.4,266.1072323457498,67,2.31,159,0.8551724137931035,2,w1118,m,2,1
7.94,241.51723234574982,67,2.31,177,0.3931034482758621,2,w1118,m,2,1
108.32,309.23389901241654,68,2.345,152,0.8758620689655172,2,w1118,m,2,1
102.68,253.27389901241648,68,2.345,8,0.5586206896551724,2,w1118,m,2,1
32.73,266.6438990124165,68,2.345,159,0.8551724137931035,2,w1118,m,2,1
12.34,316.0838990124165,68,2.345,120,0.9586206896551724,2,w1118,m,2,1
7.51,241.4038990124165,68,2.345,177,0.3931034482758621,2,w1118,m,2,1
109.07,309.35827401241653,69,2.379,152,0.8758620689655172,2,w1118,m,2,1
101.8,253.6582740124165,69,2.379,8,0.5586206896551724,2,w1118,m,2,1
32.39,267.0382740124165,69,2.379,159,0.8551724137931035,2,w1118,m,2,1
12.0,316.0482740124165,69,2.379,120,0.9586206896551724,2,w1118,m,2,1
6.32,241.6082740124165,69,2.379,177,0.3931034482758621,2,w1118,m,2,1
96.52,270.6688990124165,70,2.414,148,0.903448275862069,2,w1118,m,2,1
32.13,267.37889901241647,70,2.414,159,0.8551724137931035,2,w1118,m,2,1
11.38,316.3088990124165,70,2.414,120,0.9586206896551724,2,w1118,m,2,1
5.15,241.0588990124165,70,2.414,177,0.3931034482758621,2,w1118,m,2,1
110.66,309.52435355787105,71,2.448,152,0.8758620689655172,2,w1118,m,2,1
100.96,257.25435355787107,71,2.448,8,0.5586206896551724,2,w1118,m,2,1
98.72,271.19435355787107,71,2.448,148,0.903448275862069,2,w1118,m,2,1
108.43,309.37828212929963,72,2.483,152,0.8758620689655172,2,w1118,m,2,1
101.24,270.87828212929963,72,2.483,148,0.903448275862069,2,w1118,m,2,1
99.59,258.2082821292996,72,2.483,8,0.5586206896551724,2,w1118,m,2,1
47.72,239.1982821292996,72,2.483,22,0.9862068965517241,2,w1118,m,2,1
34.24,269.65828212929966,72,2.483,159,0.8551724137931035,2,w1118,m,2,1
10.44,316.0882821292996,72,2.483,120,0.9586206896551724,2,w1118,m,2,1
108.8,309.4506154626329,73,2.517,152,0.8758620689655172,2,w1118,m,2,1
100.42,270.36061546263295,73,2.517,148,0.903448275862069,2,w1118,m,2,1
98.81,258.19061546263293,73,2.517,8,0.5586206896551724,2,w1118,m,2,1
48.12,239.47061546263296,73,2.517,22,0.9862068965517241,2,w1118,m,2,1
34.07,269.92061546263295,73,2.517,159,0.8551724137931035,2,w1118,m,2,1
12.41,317.0206154626329,73,2.517,120,0.9586206896551724,2,w1118,m,2,1
3.41,240.37061546263297,73,2.517,177,0.3931034482758621,2,w1118,m,2,1
97.95,259.9490025594072,74,2.552,8,0.5586206896551724,2,w1118,m,2,1
97.48,269.89900255940717,74,2.552,148,0.903448275862069,2,w1118,m,2,1
47.75,239.10900255940714,74,2.552,22,0.9862068965517241,2,w1118,m,2,1
33.02,269.54900255940714,74,2.552,159,0.8551724137931035,2,w1118,m,2,1
12.11,316.89900255940717,74,2.552,120,0.9586206896551724,2,w1118,m,2,1
2.14,240.25900255940715,74,2.552,177,0.3931034482758621,2,w1118,m,2,1
112.16,310.13462755940714,75,2.586,152,0.8758620689655172,2,w1118,m,2,1
102.92,269.5346275594071,75,2.586,148,0.903448275862069,2,w1118,m,2,1
97.22,260.2746275594071,75,2.586,8,0.5586206896551724,2,w1118,m,2,1
11.98,317.1446275594071,75,2.586,120,0.9586206896551724,2,w1118,m,2,1
115.08,310.0158775594071,76,2.621,152,0.8758620689655172,2,w1118,m,2,1
102.97,269.91587755940714,76,2.621,148,0.903448275862069,2,w1118,m,2,1
96.77,261.91587755940714,76,2.621,8,0.5586206896551724,2,w1118,m,2,1
48.73,239.02587755940715,76,2.621,22,0.9862068965517241,2,w1118,m,2,1
12.0,317.4258775594071,76,2.621,120,0.9586206896551724,2,w1118,m,2,1
115.75,309.77163513516473,77,2.655,152,0.8758620689655172,2,w1118,m,2,1
101.81,269.38163513516474,77,2.655,148,0.903448275862069,2,w1118,m,2,1
95.96,262.37163513516475,77,2.655,8,0.5586206896551724,2,w1118,m,2,1
11.68,317.1516351351647,77,2.655,120,0.9586206896551724,2,w1118,m,2,1
115.86,310.65587755940714,78,2.69,152,0.8758620689655172,2,w1118,m,2,1
104.58,268.16587755940714,78,2.69,148,0.903448275862069,2,w1118,m,2,1
12.77,317.6758775594071,78,2.69,120,0.9586206896551724,2,w1118,m,2,1
35.14,254.00587755940714,78,2.69,228,0.06206896551724138,2,w1118,m,2,1
119.29,311.2195139230435,79,2.724,152,0.8758620689655172,2,w1118,m,2,1
104.66,267.49951392304354,79,2.724,148,0.903448275862069,2,w1118,m,2,1
49.21,238.4995139230435,79,2.724,22,0.9862068965517241,2,w1118,m,2,1
12.66,318.0995139230435,79,2.724,120,0.9586206896551724,2,w1118,m,2,1
36.0,254.4095139230435,79,2.724,228,0.06206896551724138,2,w1118,m,2,1
121.03,310.8415727465729,80,2.759,152,0.8758620689655172,2,w1118,m,2,1
106.07,267.9115727465729,80,2.759,148,0.903448275862069,2,w1118,m,2,1
13.28,319.0315727465729,80,2.759,120,0.9586206896551724,2,w1118,m,2,1
122.84,310.8443000193002,81,2.793,152,0.8758620689655172,2,w1118,m,2,1
107.32,267.9443000193002,81,2.793,148,0.903448275862069,2,w1118,m,2,1
97.13,274.7643000193002,81,2.793,235,0.45517241379310347,2,w1118,m,2,1
13.38,319.3043000193002,81,2.793,120,0.9586206896551724,2,w1118,m,2,1
105.2,267.0594515344517,82,2.828,148,0.903448275862069,2,w1118,m,2,1
96.3,274.8294515344517,82,2.828,235,0.45517241379310347,2,w1118,m,2,1
13.2,319.1394515344517,82,2.828,120,0.9586206896551724,2,w1118,m,2,1
35.07,254.1494515344517,82,2.828,233,0.4482758620689655,2,w1118,m,2,1
104.99,265.3850765344517,83,2.862,148,0.903448275862069,2,w1118,m,2,1
96.5,277.4350765344517,83,2.862,235,0.45517241379310347,2,w1118,m,2,1
14.42,319.8250765344517,83,2.862,120,0.9586206896551724,2,w1118,m,2,1
33.63,255.0650765344517,83,2.862,233,0.4482758620689655,2,w1118,m,2,1
122.12,311.9291506085258,84,2.897,152,0.8758620689655172,2,w1118,m,2,1
110.79,263.95915060852576,84,2.897,148,0.903448275862069,2,w1118,m,2,1
100.77,324.7991506085258,84,2.897,28,0.9793103448275862,2,w1118,m,2,1
95.76,278.57915060852577,84,2.897,235,0.45517241379310347,2,w1118,m,2,1
48.84,237.6991506085258,84,2.897,22,0.9862068965517241,2,w1118,m,2,1
13.29,320.2291506085258,84,2.897,120,0.9586206896551724,2,w1118,m,2,1
123.85,312.3841506085258,85,2.931,152,0.8758620689655172,2,w1118,m,2,1
94.83,278.5041506085258,85,2.931,235,0.45517241379310347,2,w1118,m,2,1
15.73,321.2841506085258,85,2.931,120,0.9586206896551724,2,w1118,m,2,1
31.5,255.00415060852578,85,2.931,233,0.4482758620689655,2,w1118,m,2,1
123.71,313.3254839418591,86,2.966,152,0.8758620689655172,2,w1118,m,2,1
94.59,279.5554839418591,86,2.966,235,0.45517241379310347,2,w1118,m,2,1
12.81,320.6854839418591,86,2.966,120,0.9586206896551724,2,w1118,m,2,1
29.5,255.3754839418591,86,2.966,233,0.4482758620689655,2,w1118,m,2,1
125.67,314.1691506085258,87,3.0,152,0.8758620689655172,2,w1118,m,2,1
94.94,281.33915060852576,87,3.0,235,0.45517241379310347,2,w1118,m,2,1
12.18,320.4891506085258,87,3.0,120,0.9586206896551724,2,w1118,m,2,1
28.99,255.22915060852577,87,3.0,233,0.4482758620689655,2,w1118,m,2,1
124.7,314.0444839418591,88,3.034,152,0.8758620689655172,2,w1118,m,2,1
93.6,282.2544839418591,88,3.034,235,0.45517241379310347,2,w1118,m,2,1
14.35,321.11448394185913,88,3.034,120,0.9586206896551724,2,w1118,m,2,1
27.71,255.0744839418591,88,3.034,233,0.4482758620689655,2,w1118,m,2,1
126.87,314.1713589418591,89,3.069,152,0.8758620689655172,2,w1118,m,2,1
27.43,255.12135894185909,89,3.069,233,0.4482758620689655,2,w1118,m,2,1
127.45,315.23135894185907,90,3.103,152,0.8758620689655172,2,w1118,m,2,1
93.69,285.9313589418591,90,3.103,235,0.45517241379310347,2,w1118,m,2,1
26.77,255.30135894185912,90,3.103,233,0.4482758620689655,2,w1118,m,2,1
128.26,315.8707137805688,91,3.138,152,0.8758620689655172,2,w1118,m,2,1
105.74,322.24071378056874,91,3.138,28,0.9793103448275862,2,w1118,m,2,1
94.54,287.4307137805688,91,3.138,235,0.45517241379310347,2,w1118,m,2,1
25.38,255.6707137805688,91,3.138,233,0.4482758620689655,2,w1118,m,2,1
128.5,315.77704711390214,92,3.172,152,0.8758620689655172,2,w1118,m,2,1
106.75,322.15704711390214,92,3.172,28,0.9793103448275862,2,w1118,m,2,1
93.77,288.4370471139021,92,3.172,235,0.45517241379310347,2,w1118,m,2,1
25.15,255.20704711390212,92,3.172,233,0.4482758620689655,2,w1118,m,2,1
130.42,315.7700471139021,93,3.207,152,0.8758620689655172,2,w1118,m,2,1
94.34,290.3700471139021,93,3.207,235,0.45517241379310347,2,w1118,m,2,1
24.5,255.23004711390212,93,3.207,233,0.4482758620689655,2,w1118,m,2,1
131.27,316.99556435528143,94,3.241,152,0.8758620689655172,2,w1118,m,2,1
106.79,320.84556435528145,94,3.241,28,0.9793103448275862,2,w1118,m,2,1
23.51,255.1755643552814,94,3.241,233,0.4482758620689655,2,w1118,m,2,1
131.54,317.06728849321246,95,3.276,152,0.8758620689655172,2,w1118,m,2,1
107.7,320.50728849321246,95,3.276,28,0.9793103448275862,2,w1118,m,2,1
96.67,294.7772884932125,95,3.276,235,0.45517241379310347,2,w1118,m,2,1
24.33,255.18728849321246,95,3.276,233,0.4482758620689655,2,w1118,m,2,1
128.41,316.76459618552013,96,3.31,152,0.8758620689655172,2,w1118,m,2,1
116.34,257.3245961855202,96,3.31,148,0.903448275862069,2,w1118,m,2,1
108.26,319.68459618552015,96,3.31,28,0.9793103448275862,2,w1118,m,2,1
94.98,294.85459618552017,96,3.31,235,0.45517241379310347,2,w1118,m,2,1
14.27,271.06459618552014,96,3.31,159,0.8551724137931035,2,w1118,m,2,1
5.47,320.85459618552017,96,3.31,120,0.9586206896551724,2,w1118,m,2,1
20.79,255.06459618552014,96,3.31,233,0.4482758620689655,2,w1118,m,2,1
128.73,316.7265192624432,97,3.345,152,0.8758620689655172,2,w1118,m,2,1
117.22,255.68651926244326,97,3.345,148,0.903448275862069,2,w1118,m,2,1
108.19,319.69651926244325,97,3.345,28,0.9793103448275862,2,w1118,m,2,1
94.0,294.9765192624432,97,3.345,235,0.45517241379310347,2,w1118,m,2,1
13.19,271.0965192624432,97,3.345,159,0.8551724137931035,2,w1118,m,2,1
5.22,320.9165192624432,97,3.345,120,0.9586206896551724,2,w1118,m,2,1
20.16,254.76651926244324,97,3.345,233,0.4482758620689655,2,w1118,m,2,1
133.02,317.9038269547509,98,3.379,152,0.8758620689655172,2,w1118,m,2,1
117.0,255.06382695475094,98,3.379,148,0.903448275862069,2,w1118,m,2,1
108.97,318.75382695475093,98,3.379,28,0.9793103448275862,2,w1118,m,2,1
11.95,271.1438269547509,98,3.379,159,0.8551724137931035,2,w1118,m,2,1
4.01,320.68382695475094,98,3.379,120,0.9586206896551724,2,w1118,m,2,1
20.2,254.83382695475092,98,3.379,233,0.4482758620689655,2,w1118,m,2,1
132.22,317.74305772398174,99,3.414,152,0.8758620689655172,2,w1118,m,2,1
117.85,254.83305772398168,99,3.414,148,0.903448275862069,2,w1118,m,2,1
95.74,298.55305772398174,99,3.414,235,0.45517241379310347,2,w1118,m,2,1
11.07,270.9630577239817,99,3.414,159,0.8551724137931035,2,w1118,m,2,1
5.0,320.5030577239817,99,3.414,120,0.9586206896551724,2,w1118,m,2,1
19.15,255.2330577239817,99,3.414,233,0.4482758620689655,2,w1118,m,2,1
134.17,318.1311346470586,100,3.448,152,0.8758620689655172,2,w1118,m,2,1
117.81,254.85113464705861,100,3.448,148,0.903448275862069,2,w1118,m,2,1
109.02,317.79113464705864,100,3.448,28,0.9793103448275862,2,w1118,m,2,1
95.65,299.58113464705866,100,3.448,235,0.45517241379310347,2,w1118,m,2,1
10.04,270.99113464705863,100,3.448,159,0.8551724137931035,2,w1118,m,2,1
3.21,320.53113464705865,100,3.448,120,0.9586206896551724,2,w1118,m,2,1
17.29,255.22113464705862,100,3.448,233,0.4482758620689655,2,w1118,m,2,1
136.05,317.9822884932125,101,3.483,152,0.8758620689655172,2,w1118,m,2,1
94.52,299.66228849321243,101,3.483,235,0.45517241379310347,2,w1118,m,2,1
8.93,271.08228849321245,101,3.483,159,0.8551724137931035,2,w1118,m,2,1
4.0,320.06228849321246,101,3.483,120,0.9586206896551724,2,w1118,m,2,1
16.23,255.36228849321245,101,3.483,233,0.4482758620689655,2,w1118,m,2,1
135.96,318.41117738210136,102,3.517,152,0.8758620689655172,2,w1118,m,2,1
7.67,271.11117738210135,102,3.517,159,0.8551724137931035,2,w1118,m,2,1
2.7,320.10117738210135,102,3.517,120,0.9586206896551724,2,w1118,m,2,1
15.48,255.39117738210135,102,3.517,233,0.4482758620689655,2,w1118,m,2,1
135.69,319.0108202392442,103,3.552,152,0.8758620689655172,2,w1118,m,2,1
95.52,301.8508202392442,103,3.552,235,0.45517241379310347,2,w1118,m,2,1
6.52,271.2808202392442,103,3.552,159,0.8551724137931035,2,w1118,m,2,1
1.69,320.2708202392442,103,3.552,120,0.9586206896551724,2,w1118,m,2,1
14.63,255.5608202392442,103,3.552,233,0.4482758620689655,2,w1118,m,2,1
136.75,318.7772488106728,104,3.586,152,0.8758620689655172,2,w1118,m,2,1
117.32,251.7172488106728,104,3.586,148,0.903448275862069,2,w1118,m,2,1
110.54,315.6472488106728,104,3.586,28,0.9793103448275862,2,w1118,m,2,1
5.35,271.0572488106728,104,3.586,159,0.8551724137931035,2,w1118,m,2,1
2.4,319.62724881067277,104,3.586,120,0.9586206896551724,2,w1118,m,2,1
14.04,255.3472488106728,104,3.586,233,0.4482758620689655,2,w1118,m,2,1
136.02,318.7786281210176,105,3.621,152,0.8758620689655172,2,w1118,m,2,1
120.82,250.79862812101763,105,3.621,148,0.903448275862069,2,w1118,m,2,1
94.08,303.2286281210176,105,3.621,235,0.45517241379310347,2,w1118,m,2,1
3.86,271.2886281210176,105,3.621,159,0.8551724137931035,2,w1118,m,2,1
1.92,319.43862812101764,105,3.621,120,0.9586206896551724,2,w1118,m,2,1
14.34,255.57862812101763,105,3.621,233,0.4482758620689655,2,w1118,m,2,1
141.77,318.6289729486038,106,3.655,152,0.8758620689655172,2,w1118,m,2,1
118.04,250.76897294860382,106,3.655,148,0.903448275862069,2,w1118,m,2,1
111.61,314.7989729486038,106,3.655,28,0.9793103448275862,2,w1118,m,2,1
96.09,304.7989729486038,106,3.655,235,0.45517241379310347,2,w1118,m,2,1
44.09,236.15897294860383,106,3.655,22,0.9862068965517241,2,w1118,m,2,1
3.08,271.0789729486038,106,3.655,159,0.8551724137931035,2,w1118,m,2,1
3.05,318.9689729486038,106,3.655,120,0.9586206896551724,2,w1118,m,2,1
14.92,255.71897294860383,106,3.655,233,0.4482758620689655,2,w1118,m,2,1
141.77,318.92966260377625,107,3.69,152,0.8758620689655172,2,w1118,m,2,1
117.94,249.93966260377624,107,3.69,148,0.903448275862069,2,w1118,m,2,1
111.06,314.28966260377626,107,3.69,28,0.9793103448275862,2,w1118,m,2,1
95.87,304.8396626037762,107,3.69,235,0.45517241379310347,2,w1118,m,2,1
43.06,236.40966260377624,107,3.69,22,0.9862068965517241,2,w1118,m,2,1
2.93,318.99966260377624,107,3.69,120,0.9586206896551724,2,w1118,m,2,1
1.85,271.13966260377623,107,3.69,159,0.8551724137931035,2,w1118,m,2,1
15.1,255.75966260377623,107,3.69,233,0.4482758620689655,2,w1118,m,2,1
137.51,318.96262556673923,108,3.724,152,0.8758620689655172,2,w1118,m,2,1
119.07,248.5026255667392,108,3.724,148,0.903448275862069,2,w1118,m,2,1
112.94,312.6726255667392,108,3.724,28,0.9793103448275862,2,w1118,m,2,1
96.96,306.89262556673924,108,3.724,235,0.45517241379310347,2,w1118,m,2,1
4.86,318.83262556673924,108,3.724,120,0.9586206896551724,2,w1118,m,2,1
0.07,271.2526255667392,108,3.724,159,0.8551724137931035,2,w1118,m,2,1
14.98,256.4026255667392,108,3.724,233,0.4482758620689655,2,w1118,m,2,1
138.32,318.46558852970213,109,3.759,152,0.8758620689655172,2,w1118,m,2,1
119.31,248.67558852970217,109,3.759,148,0.903448275862069,2,w1118,m,2,1
113.08,312.3555885297021,109,3.759,28,0.9793103448275862,2,w1118,m,2,1
1.34,318.5355885297021,109,3.759,120,0.9586206896551724,2,w1118,m,2,1
0.91,271.13558852970215,109,3.759,159,0.8551724137931035,2,w1118,m,2,1
14.82,256.33558852970214,109,3.759,233,0.4482758620689655,2,w1118,m,2,1
139.99,318.5463292704429,110,3.793,152,0.8758620689655172,2,w1118,m,2,1
119.04,248.5863292704429,110,3.793,148,0.903448275862069,2,w1118,m,2,1
113.93,311.9363292704429,110,3.793,28,0.9793103448275862,2,w1118,m,2,1
1.09,318.5563292704429,110,3.793,120,0.9586206896551724,2,w1118,m,2,1
2.17,271.1763292704429,110,3.793,159,0.8551724137931035,2,w1118,m,2,1
13.28,256.4563292704429,110,3.793,233,0.4482758620689655,2,w1118,m,2,1
143.19,318.78669964081325,111,3.828,152,0.8758620689655172,2,w1118,m,2,1
118.5,247.00669964081328,111,3.828,148,0.903448275862069,2,w1118,m,2,1
114.21,310.85669964081325,111,3.828,28,0.9793103448275862,2,w1118,m,2,1
1.54,318.6366996408133,111,3.828,120,0.9586206896551724,2,w1118,m,2,1
3.66,271.2566996408133,111,3.828,159,0.8551724137931035,2,w1118,m,2,1
13.72,256.96669964081326,111,3.828,233,0.4482758620689655,2,w1118,m,2,1
143.21,318.76299593710957,112,3.862,152,0.8758620689655172,2,w1118,m,2,1
119.53,245.96299593710958,112,3.862,148,0.903448275862069,2,w1118,m,2,1
113.37,310.80299593710953,112,3.862,28,0.9793103448275862,2,w1118,m,2,1
4.64,271.21299593710955,112,3.862,159,0.8551724137931035,2,w1118,m,2,1
12.82,257.0529959371096,112,3.862,233,0.4482758620689655,2,w1118,m,2,1
142.72,318.75336630747995,113,3.897,152,0.8758620689655172,2,w1118,m,2,1
120.04,245.00336630747995,113,3.897,148,0.903448275862069,2,w1118,m,2,1
112.85,310.81336630747995,113,3.897,28,0.9793103448275862,2,w1118,m,2,1
6.13,271.25336630747995,113,3.897,159,0.8551724137931035,2,w1118,m,2,1
14.04,257.08336630747993,113,3.897,233,0.4482758620689655,2,w1118,m,2,1
120.99,244.9352181593318,114,3.931,148,0.903448275862069,2,w1118,m,2,1
114.89,309.63521815933177,114,3.931,28,0.9793103448275862,2,w1118,m,2,1
1.93,317.59521815933175,114,3.931,120,0.9586206896551724,2,w1118,m,2,1
14.08,256.9452181593318,114,3.931,233,0.4482758620689655,2,w1118,m,2,1
115.74,308.837440381554,115,3.966,28,0.9793103448275862,2,w1118,m,2,1
4.5,316.597440381554,115,3.966,120,0.9586206896551724,2,w1118,m,2,1
14.81,256.897440381554,115,3.966,233,0.4482758620689655,2,w1118,m,2,1
116.26,307.8748477889614,116,4.0,28,0.9793103448275862,2,w1118,m,2,1
3.26,317.0448477889614,116,4.0,120,0.9586206896551724,2,w1118,m,2,1
10.74,258.2148477889614,116,4.0,233,0.4482758620689655,2,w1118,m,2,1
115.06,307.9034684786166,117,4.034,28,0.9793103448275862,2,w1118,m,2,1
38.86,235.81346847861658,117,4.034,22,0.9862068965517241,2,w1118,m,2,1
10.93,257.6834684786166,117,4.034,233,0.4482758620689655,2,w1118,m,2,1
99.71,314.0031458979714,118,4.069,235,0.45517241379310347,2,w1118,m,2,1
10.25,257.7531458979714,118,4.069,233,0.4482758620689655,2,w1118,m,2,1
147.83,316.0315329947456,119,4.103,152,0.8758620689655172,2,w1118,m,2,1
100.01,313.7715329947456,119,4.103,235,0.45517241379310347,2,w1118,m,2,1
37.87,236.0715329947456,119,4.103,22,0.9862068965517241,2,w1118,m,2,1
3.92,316.8715329947456,119,4.103,120,0.9586206896551724,2,w1118,m,2,1
150.47,316.4273950637112,120,4.138,152,0.8758620689655172,2,w1118,m,2,1
115.76,306.08739506371114,120,4.138,28,0.9793103448275862,2,w1118,m,2,1
99.55,314.27739506371114,120,4.138,235,0.45517241379310347,2,w1118,m,2,1
34.51,236.02739506371114,120,4.138,22,0.9862068965517241,2,w1118,m,2,1
6.52,259.01739506371115,120,4.138,233,0.4482758620689655,2,w1118,m,2,1
14.43,271.5473950637112,120,4.138,159,0.8551724137931035,2,w1118,m,2,1
32.69,237.85739506371115,120,4.138,206,0.6344827586206897,2,w1118,m,2,1
152.06,316.3777176443563,121,4.172,152,0.8758620689655172,2,w1118,m,2,1
121.54,239.20771764435628,121,4.172,148,0.903448275862069,2,w1118,m,2,1
114.94,306.29771764435634,121,4.172,28,0.9793103448275862,2,w1118,m,2,1
101.38,314.4477176443563,121,4.172,235,0.45517241379310347,2,w1118,m,2,1
33.46,236.14771764435628,121,4.172,22,0.9862068965517241,2,w1118,m,2,1
4.62,259.2177176443563,121,4.172,233,0.4482758620689655,2,w1118,m,2,1
32.74,237.9477176443563,121,4.172,206,0.6344827586206897,2,w1118,m,2,1
151.8,316.0945926443563,122,4.207,152,0.8758620689655172,2,w1118,m,2,1
122.13,238.3145926443563,122,4.207,148,0.903448275862069,2,w1118,m,2,1
115.16,305.7345926443563,122,4.207,28,0.9793103448275862,2,w1118,m,2,1
101.24,314.8645926443563,122,4.207,235,0.45517241379310347,2,w1118,m,2,1
33.12,236.1645926443563,122,4.207,22,0.9862068965517241,2,w1118,m,2,1
3.99,259.1345926443563,122,4.207,233,0.4482758620689655,2,w1118,m,2,1
32.37,238.1945926443563,122,4.207,206,0.6344827586206897,2,w1118,m,2,1
150.22,315.9445926443563,123,4.241,152,0.8758620689655172,2,w1118,m,2,1
122.08,238.1645926443563,123,4.241,148,0.903448275862069,2,w1118,m,2,1
120.6,303.7645926443563,123,4.241,28,0.9793103448275862,2,w1118,m,2,1
103.04,315.02459264435635,123,4.241,235,0.45517241379310347,2,w1118,m,2,1
33.07,236.1945926443563,123,4.241,22,0.9862068965517241,2,w1118,m,2,1
3.07,259.2345926443563,123,4.241,233,0.4482758620689655,2,w1118,m,2,1
33.79,238.2945926443563,123,4.241,206,0.6344827586206897,2,w1118,m,2,1
123.1,237.2099051443563,124,4.276,148,0.903448275862069,2,w1118,m,2,1
120.8,303.6299051443563,124,4.276,28,0.9793103448275862,2,w1118,m,2,1
104.93,315.2099051443563,124,4.276,235,0.45517241379310347,2,w1118,m,2,1
32.16,236.5999051443563,124,4.276,22,0.9862068965517241,2,w1118,m,2,1
33.82,238.3999051443563,124,4.276,206,0.6344827586206897,2,w1118,m,2,1
123.19,236.08778393223508,125,4.31,148,0.903448275862069,2,w1118,m,2,1
122.04,301.6977839322351,125,4.31,28,0.9793103448275862,2,w1118,m,2,1
106.08,315.2377839322351,125,4.31,235,0.45517241379310347,2,w1118,m,2,1
31.19,236.6577839322351,125,4.31,22,0.9862068965517241,2,w1118,m,2,1
33.04,238.2277839322351,125,4.31,206,0.6344827586206897,2,w1118,m,2,1
123.19,235.40869302314417,126,4.345,148,0.903448275862069,2,w1118,m,2,1
121.06,301.5786930231442,126,4.345,28,0.9793103448275862,2,w1118,m,2,1
106.16,315.7586930231442,126,4.345,235,0.45517241379310347,2,w1118,m,2,1
31.18,236.72869302314416,126,4.345,22,0.9862068965517241,2,w1118,m,2,1
0.7,259.5786930231442,126,4.345,233,0.4482758620689655,2,w1118,m,2,1
32.17,238.24869302314417,126,4.345,206,0.6344827586206897,2,w1118,m,2,1
116.95,303.30486949373244,127,4.379,28,0.9793103448275862,2,w1118,m,2,1
107.35,316.00486949373243,127,4.379,235,0.45517241379310347,2,w1118,m,2,1
34.46,238.39486949373241,127,4.379,206,0.6344827586206897,2,w1118,m,2,1
156.44,315.6136930231442,128,4.414,152,0.8758620689655172,2,w1118,m,2,1
123.79,234.1336930231442,128,4.414,148,0.903448275862069,2,w1118,m,2,1
107.64,315.48369302314416,128,4.414,235,0.45517241379310347,2,w1118,m,2,1
35.23,237.9736930231442,128,4.414,206,0.6344827586206897,2,w1118,m,2,1
157.34,315.88140730885846,129,4.448,152,0.8758620689655172,2,w1118,m,2,1
125.95,233.25140730885846,129,4.448,148,0.903448275862069,2,w1118,m,2,1
109.25,315.7214073088585,129,4.448,235,0.45517241379310347,2,w1118,m,2,1
34.5,237.96140730885847,129,4.448,206,0.6344827586206897,2,w1118,m,2,1
158.94,315.764054367682,130,4.483,152,0.8758620689655172,2,w1118,m,2,1
109.22,315.754054367682,130,4.483,235,0.45517241379310347,2,w1118,m,2,1
30.89,239.074054367682,130,4.483,206,0.6344827586206897,2,w1118,m,2,1
159.45,316.09062579625345,131,4.517,152,0.8758620689655172,2,w1118,m,2,1
24.56,272.26062579625346,131,4.517,159,0.8551724137931035,2,w1118,m,2,1
31.34,239.6706257962534,131,4.517,206,0.6344827586206897,2,w1118,m,2,1
158.66,315.8172924629201,132,4.552,152,0.8758620689655172,2,w1118,m,2,1
123.48,232.9472924629201,132,4.552,148,0.903448275862069,2,w1118,m,2,1
121.78,298.0672924629201,132,4.552,28,0.9793103448275862,2,w1118,m,2,1
109.67,316.7572924629201,132,4.552,235,0.45517241379310347,2,w1118,m,2,1
27.84,236.7272924629201,132,4.552,22,0.9862068965517241,2,w1118,m,2,1
3.23,261.65729246292005,132,4.552,233,0.4482758620689655,2,w1118,m,2,1
26.33,272.40729246292005,132,4.552,159,0.8551724137931035,2,w1118,m,2,1
28.62,239.5672924629201,132,4.552,206,0.6344827586206897,2,w1118,m,2,1
158.76,315.2686257962534,133,4.586,152,0.8758620689655172,2,w1118,m,2,1
124.57,232.72862579625343,133,4.586,148,0.903448275862069,2,w1118,m,2,1
121.98,297.9886257962534,133,4.586,28,0.9793103448275862,2,w1118,m,2,1
110.93,316.7986257962534,133,4.586,235,0.45517241379310347,2,w1118,m,2,1
27.11,236.76862579625345,133,4.586,22,0.9862068965517241,2,w1118,m,2,1
3.76,262.1786257962534,133,4.586,233,0.4482758620689655,2,w1118,m,2,1
27.07,272.4486257962534,133,4.586,159,0.8551724137931035,2,w1118,m,2,1
28.24,239.78862579625343,133,4.586,206,0.6344827586206897,2,w1118,m,2,1
159.59,315.4416257962534,134,4.621,152,0.8758620689655172,2,w1118,m,2,1
124.62,232.32162579625344,134,4.621,148,0.903448275862069,2,w1118,m,2,1
124.43,296.1316257962534,134,4.621,28,0.9793103448275862,2,w1118,m,2,1
111.66,316.9916257962534,134,4.621,235,0.45517241379310347,2,w1118,m,2,1
27.82,236.85162579625344,134,4.621,22,0.9862068965517241,2,w1118,m,2,1
3.59,262.3516257962534,134,4.621,233,0.4482758620689655,2,w1118,m,2,1
28.24,272.6216257962534,134,4.621,159,0.8551724137931035,2,w1118,m,2,1
160.45,315.52095912958674,135,4.655,152,0.8758620689655172,2,w1118,m,2,1
123.47,232.40095912958677,135,4.655,148,0.903448275862069,2,w1118,m,2,1
111.61,317.0509591295868,135,4.655,235,0.45517241379310347,2,w1118,m,2,1
26.67,236.99095912958677,135,4.655,22,0.9862068965517241,2,w1118,m,2,1
4.21,262.65095912958674,135,4.655,233,0.4482758620689655,2,w1118,m,2,1
29.39,272.70095912958675,135,4.655,159,0.8551724137931035,2,w1118,m,2,1
161.3,315.61302809510397,136,4.69,152,0.8758620689655172,2,w1118,m,2,1
122.52,232.493028095104,136,4.69,148,0.903448275862069,2,w1118,m,2,1
111.52,317.55302809510397,136,4.69,235,0.45517241379310347,2,w1118,m,2,1
4.36,263.193028095104,136,4.69,233,0.4482758620689655,2,w1118,m,2,1
26.69,240.703028095104,136,4.69,206,0.6344827586206897,2,w1118,m,2,1
30.54,272.793028095104,136,4.69,159,0.8551724137931035,2,w1118,m,2,1
160.3,315.2088901640695,137,4.724,152,0.8758620689655172,2,w1118,m,2,1
122.42,232.4588901640695,137,4.724,148,0.903448275862069,2,w1118,m,2,1
113.33,317.4288901640695,137,4.724,235,0.45517241379310347,2,w1118,m,2,1
26.08,240.5988901640695,137,4.724,206,0.6344827586206897,2,w1118,m,2,1
31.64,272.7688901640695,137,4.724,159,0.8551724137931035,2,w1118,m,2,1
161.75,314.874752233035,138,4.759,152,0.8758620689655172,2,w1118,m,2,1
122.9,232.25475223303502,138,4.759,148,0.903448275862069,2,w1118,m,2,1
112.96,317.594752233035,138,4.759,235,0.45517241379310347,2,w1118,m,2,1
25.4,241.27475223303503,138,4.759,206,0.6344827586206897,2,w1118,m,2,1
32.15,272.984752233035,138,4.759,159,0.8551724137931035,2,w1118,m,2,1
161.91,315.03716602613844,139,4.793,152,0.8758620689655172,2,w1118,m,2,1
123.82,232.4171660261385,139,4.793,148,0.903448275862069,2,w1118,m,2,1
114.12,317.64716602613845,139,4.793,235,0.45517241379310347,2,w1118,m,2,1
26.96,241.4771660261385,139,4.793,206,0.6344827586206897,2,w1118,m,2,1
162.37,315.0732950583966,140,4.828,152,0.8758620689655172,2,w1118,m,2,1
122.61,232.48329505839655,140,4.828,148,0.903448275862069,2,w1118,m,2,1
114.63,317.6932950583966,140,4.828,235,0.45517241379310347,2,w1118,m,2,1
6.5,264.8332950583966,140,4.828,233,0.4482758620689655,2,w1118,m,2,1
27.89,241.95329505839655,140,4.828,206,0.6344827586206897,2,w1118,m,2,1
161.56,315.1642325583966,141,4.862,152,0.8758620689655172,2,w1118,m,2,1
122.54,232.56423255839653,141,4.862,148,0.903448275862069,2,w1118,m,2,1
114.58,317.92423255839657,141,4.862,235,0.45517241379310347,2,w1118,m,2,1
6.43,264.92423255839657,141,4.862,233,0.4482758620689655,2,w1118,m,2,1
28.11,241.76423255839654,141,4.862,206,0.6344827586206897,2,w1118,m,2,1
161.77,314.94142005839655,142,4.897,152,0.8758620689655172,2,w1118,m,2,1
114.83,318.0414200583965,142,4.897,235,0.45517241379310347,2,w1118,m,2,1
6.79,265.4914200583965,142,4.897,233,0.4482758620689655,2,w1118,m,2,1
27.25,241.86142005839656,142,4.897,206,0.6344827586206897,2,w1118,m,2,1
162.5,314.02517005839655,143,4.931,152,0.8758620689655172,2,w1118,m,2,1
115.68,317.8051700583965,143,4.931,235,0.45517241379310347,2,w1118,m,2,1
18.67,237.19517005839654,143,4.931,22,0.9862068965517241,2,w1118,m,2,1
7.53,265.19517005839657,143,4.931,233,0.4482758620689655,2,w1118,m,2,1
28.3,242.05517005839656,143,4.931,206,0.6344827586206897,2,w1118,m,2,1
162.6,314.1841355756379,144,4.966,152,0.8758620689655172,2,w1118,m,2,1
125.35,288.4441355756379,144,4.966,28,0.9793103448275862,2,w1118,m,2,1
123.49,233.66413557563794,144,4.966,148,0.903448275862069,2,w1118,m,2,1
114.76,317.9341355756379,144,4.966,235,0.45517241379310347,2,w1118,m,2,1
20.28,237.42413557563793,144,4.966,22,0.9862068965517241,2,w1118,m,2,1
10.3,313.3341355756379,144,4.966,120,0.9586206896551724,2,w1118,m,2,1
8.43,265.1541355756379,144,4.966,233,0.4482758620689655,2,w1118,m,2,1
24.68,243.46413557563793,144,4.966,206,0.6344827586206897,2,w1118,m,2,1
55.36,240.03413557563792,144,4.966,258,0.1793103448275862,2,w1118,m,2,1
266.63,418.82,0,0.0,0,0.496551724137931,3,w1118,m,2,1
66.94,499.67,0,0.0,10,1.0,3,w1118,m,2,1
61.65,507.27,0,0.0,6,0.993103448275862,3,w1118,m,2,1
48.94,421.85,0,0.0,7,0.16551724137931034,3,w1118,m,2,1
40.93,445.11,0,0.0,15,0.6275862068965518,3,w1118,m,2,1
40.35,494.52,0,0.0,4,1.0,3,w1118,m,2,1
39.93,481.03,0,0.0,5,1.0,3,w1118,m,2,1
32.81,462.88,0,0.0,17,0.4413793103448276,3,w1118,m,2,1
267.03,419.421,1,0.034,0,0.496551724137931,3,w1118,m,2,1
71.09,499.561,1,0.034,10,1.0,3,w1118,m,2,1
49.52,421.861,1,0.034,7,0.16551724137931034,3,w1118,m,2,1
43.36,494.791,1,0.034,4,1.0,3,w1118,m,2,1
40.33,445.45099999999996,1,0.034,15,0.6275862068965518,3,w1118,m,2,1
39.54,479.82099999999997,1,0.034,5,1.0,3,w1118,m,2,1
31.86,458.751,1,0.034,17,0.4413793103448276,3,w1118,m,2,1
268.1,419.5487777777778,2,0.069,0,0.496551724137931,3,w1118,m,2,1
73.33,499.5387777777778,2,0.069,10,1.0,3,w1118,m,2,1
51.91,421.8087777777778,2,0.069,7,0.16551724137931034,3,w1118,m,2,1
43.7,494.69877777777776,2,0.069,4,1.0,3,w1118,m,2,1
38.63,478.4787777777778,2,0.069,5,1.0,3,w1118,m,2,1
37.75,450.4287777777778,2,0.069,15,0.6275862068965518,3,w1118,m,2,1
31.26,456.5987777777778,2,0.069,17,0.4413793103448276,3,w1118,m,2,1
268.25,420.1133015873016,3,0.103,0,0.496551724137931,3,w1118,m,2,1
74.22,499.89330158730155,3,0.103,10,1.0,3,w1118,m,2,1
53.81,422.46330158730154,3,0.103,7,0.16551724137931034,3,w1118,m,2,1
44.48,494.81330158730157,3,0.103,4,1.0,3,w1118,m,2,1
42.11,446.2833015873016,3,0.103,15,0.6275862068965518,3,w1118,m,2,1
37.43,477.4933015873016,3,0.103,5,1.0,3,w1118,m,2,1
29.62,457.88330158730156,3,0.103,17,0.4413793103448276,3,w1118,m,2,1
269.24,420.1115873015873,4,0.138,0,0.496551724137931,3,w1118,m,2,1
74.4,499.6615873015873,4,0.138,10,1.0,3,w1118,m,2,1
57.43,422.8115873015873,4,0.138,7,0.16551724137931034,3,w1118,m,2,1
47.25,494.3615873015873,4,0.138,4,1.0,3,w1118,m,2,1
41.43,446.0715873015873,4,0.138,15,0.6275862068965518,3,w1118,m,2,1
37.15,477.0515873015873,4,0.138,5,1.0,3,w1118,m,2,1
29.42,457.8815873015873,4,0.138,17,0.4413793103448276,3,w1118,m,2,1
270.41,420.08131703131704,5,0.172,0,0.496551724137931,3,w1118,m,2,1
78.39,499.39131703131704,5,0.172,10,1.0,3,w1118,m,2,1
64.56,423.64131703131704,5,0.172,7,0.16551724137931034,3,w1118,m,2,1
47.64,494.18131703131706,5,0.172,4,1.0,3,w1118,m,2,1
40.92,445.89131703131704,5,0.172,15,0.6275862068965518,3,w1118,m,2,1
36.68,473.21131703131704,5,0.172,5,1.0,3,w1118,m,2,1
28.74,459.08131703131704,5,0.172,17,0.4413793103448276,3,w1118,m,2,1
271.11,420.23058975858976,6,0.207,0,0.496551724137931,3,w1118,m,2,1
80.7,499.41058975858977,6,0.207,10,1.0,3,w1118,m,2,1
48.17,494.2705897585898,6,0.207,4,1.0,3,w1118,m,2,1
40.66,445.3905897585898,6,0.207,15,0.6275862068965518,3,w1118,m,2,1
36.04,471.9405897585898,6,0.207,5,1.0,3,w1118,m,2,1
28.19,460.0905897585898,6,0.207,17,0.4413793103448276,3,w1118,m,2,1
272.12,420.96834486063057,7,0.241,0,0.496551724137931,3,w1118,m,2,1
82.0,499.52834486063057,7,0.241,10,1.0,3,w1118,m,2,1
49.3,494.1483448606306,7,0.241,4,1.0,3,w1118,m,2,1
42.36,447.0183448606306,7,0.241,15,0.6275862068965518,3,w1118,m,2,1
35.24,469.1483448606306,7,0.241,5,1.0,3,w1118,m,2,1
27.82,451.9583448606306,7,0.241,27,0.22758620689655173,3,w1118,m,2,1
26.81,460.23834486063055,7,0.241,17,0.4413793103448276,3,w1118,m,2,1
272.79,420.79334486063055,8,0.276,0,0.496551724137931,3,w1118,m,2,1
83.57,499.41334486063056,8,0.276,10,1.0,3,w1118,m,2,1
50.01,493.2633448606306,8,0.276,4,1.0,3,w1118,m,2,1
42.82,447.06334486063054,8,0.276,15,0.6275862068965518,3,w1118,m,2,1
34.84,467.97334486063056,8,0.276,5,1.0,3,w1118,m,2,1
27.16,450.87334486063054,8,0.276,27,0.22758620689655173,3,w1118,m,2,1
25.73,459.6933448606306,8,0.276,17,0.4413793103448276,3,w1118,m,2,1
274.25,421.0219987067844,9,0.31,0,0.496551724137931,3,w1118,m,2,1
85.03,499.6419987067844,9,0.31,10,1.0,3,w1118,m,2,1
52.38,493.88199870678443,9,0.31,4,1.0,3,w1118,m,2,1
44.34,448.37199870678444,9,0.31,15,0.6275862068965518,3,w1118,m,2,1
34.45,468.05199870678445,9,0.31,5,1.0,3,w1118,m,2,1
26.6,450.1019987067844,9,0.31,27,0.22758620689655173,3,w1118,m,2,1
25.27,460.05199870678445,9,0.31,17,0.4413793103448276,3,w1118,m,2,1
86.51,499.92047328305557,10,0.345,10,1.0,3,w1118,m,2,1
52.81,494.2704732830556,10,0.345,4,1.0,3,w1118,m,2,1
43.03,448.4704732830556,10,0.345,15,0.6275862068965518,3,w1118,m,2,1
33.95,467.4404732830556,10,0.345,5,1.0,3,w1118,m,2,1
25.61,450.3404732830556,10,0.345,27,0.22758620689655173,3,w1118,m,2,1
24.59,460.0704732830556,10,0.345,17,0.4413793103448276,3,w1118,m,2,1
87.93,499.97761614019845,11,0.379,10,1.0,3,w1118,m,2,1
55.21,493.67761614019844,11,0.379,4,1.0,3,w1118,m,2,1
46.11,449.7476161401985,11,0.379,15,0.6275862068965518,3,w1118,m,2,1
33.38,467.4976161401985,11,0.379,5,1.0,3,w1118,m,2,1
277.7,422.5189064627791,12,0.414,0,0.496551724137931,3,w1118,m,2,1
89.52,500.4589064627791,12,0.414,10,1.0,3,w1118,m,2,1
77.87,425.9289064627791,12,0.414,7,0.16551724137931034,3,w1118,m,2,1
75.82,507.69890646277906,12,0.414,6,0.993103448275862,3,w1118,m,2,1
58.51,492.7689064627791,12,0.414,4,1.0,3,w1118,m,2,1
48.62,451.4889064627791,12,0.414,15,0.6275862068965518,3,w1118,m,2,1
32.27,466.9089064627791,12,0.414,5,1.0,3,w1118,m,2,1
23.23,448.7989064627791,12,0.414,27,0.22758620689655173,3,w1118,m,2,1
278.06,422.92112868500135,13,0.448,0,0.496551724137931,3,w1118,m,2,1
89.93,500.15112868500137,13,0.448,10,1.0,3,w1118,m,2,1
80.21,426.04112868500135,13,0.448,7,0.16551724137931034,3,w1118,m,2,1
58.87,492.87112868500134,13,0.448,4,1.0,3,w1118,m,2,1
50.04,451.90112868500137,13,0.448,15,0.6275862068965518,3,w1118,m,2,1
31.54,467.90112868500137,13,0.448,5,1.0,3,w1118,m,2,1
22.56,448.29112868500135,13,0.448,27,0.22758620689655173,3,w1118,m,2,1
92.77,500.0628933908837,14,0.483,10,1.0,3,w1118,m,2,1
80.99,425.8928933908837,14,0.483,7,0.16551724137931034,3,w1118,m,2,1
77.95,507.57289339088373,14,0.483,6,0.993103448275862,3,w1118,m,2,1
57.87,492.8028933908837,14,0.483,4,1.0,3,w1118,m,2,1
31.23,467.8428933908837,14,0.483,5,1.0,3,w1118,m,2,1
22.25,448.2228933908837,14,0.483,27,0.22758620689655173,3,w1118,m,2,1
94.1,499.8825087754991,15,0.517,10,1.0,3,w1118,m,2,1
60.38,491.7125087754991,15,0.517,4,1.0,3,w1118,m,2,1
30.74,467.6925087754991,15,0.517,5,1.0,3,w1118,m,2,1
21.18,447.8325087754991,15,0.517,27,0.22758620689655173,3,w1118,m,2,1
94.35,499.8161822448868,16,0.552,10,1.0,3,w1118,m,2,1
59.71,491.6361822448868,16,0.552,4,1.0,3,w1118,m,2,1
29.98,466.66618224488684,16,0.552,5,1.0,3,w1118,m,2,1
20.45,447.7661822448868,16,0.552,27,0.22758620689655173,3,w1118,m,2,1
95.78,499.3636367903414,17,0.586,10,1.0,3,w1118,m,2,1
82.88,426.5436367903414,17,0.586,7,0.16551724137931034,3,w1118,m,2,1
60.88,491.0636367903414,17,0.586,4,1.0,3,w1118,m,2,1
29.24,465.6636367903414,17,0.586,5,1.0,3,w1118,m,2,1
25.83,435.8036367903414,17,0.586,75,0.2482758620689655,3,w1118,m,2,1
19.7,447.7136367903414,17,0.586,27,0.22758620689655173,3,w1118,m,2,1
98.15,499.034021405726,18,0.621,10,1.0,3,w1118,m,2,1
84.38,505.75402140572595,18,0.621,6,0.993103448275862,3,w1118,m,2,1
83.36,427.05402140572596,18,0.621,7,0.16551724137931034,3,w1118,m,2,1
62.37,490.844021405726,18,0.621,4,1.0,3,w1118,m,2,1
28.77,465.824021405726,18,0.621,5,1.0,3,w1118,m,2,1
25.52,435.92402140572597,18,0.621,75,0.2482758620689655,3,w1118,m,2,1
85.64,505.8065704253338,19,0.655,6,0.993103448275862,3,w1118,m,2,1
64.65,489.9265704253338,19,0.655,4,1.0,3,w1118,m,2,1
28.9,464.4065704253338,19,0.655,5,1.0,3,w1118,m,2,1
284.42,424.2165704253338,20,0.69,0,0.496551724137931,3,w1118,m,2,1
100.19,498.63657042533384,20,0.69,10,1.0,3,w1118,m,2,1
86.49,506.0965704253338,20,0.69,6,0.993103448275862,3,w1118,m,2,1
84.26,427.94657042533385,20,0.69,7,0.16551724137931034,3,w1118,m,2,1
26.98,466.0565704253338,20,0.69,5,1.0,3,w1118,m,2,1
23.49,435.1765704253338,20,0.69,75,0.2482758620689655,3,w1118,m,2,1
284.87,424.38214734841074,21,0.724,0,0.496551724137931,3,w1118,m,2,1
100.75,498.2921473484107,21,0.724,10,1.0,3,w1118,m,2,1
88.85,505.20214734841073,21,0.724,6,0.993103448275862,3,w1118,m,2,1
67.69,488.62214734841075,21,0.724,4,1.0,3,w1118,m,2,1
26.5,465.2821473484107,21,0.724,5,1.0,3,w1118,m,2,1
100.36,498.44487462113807,22,0.759,10,1.0,3,w1118,m,2,1
89.21,505.304874621138,22,0.759,6,0.993103448275862,3,w1118,m,2,1
87.6,430.36487462113803,22,0.759,7,0.16551724137931034,3,w1118,m,2,1
26.5,464.04487462113804,22,0.759,5,1.0,3,w1118,m,2,1
22.54,435.95487462113806,22,0.759,75,0.2482758620689655,3,w1118,m,2,1
287.85,425.72110103623237,23,0.793,0,0.496551724137931,3,w1118,m,2,1
102.01,498.06110103623234,23,0.793,10,1.0,3,w1118,m,2,1
90.83,505.17110103623236,23,0.793,6,0.993103448275862,3,w1118,m,2,1
87.51,430.9011010362324,23,0.793,7,0.16551724137931034,3,w1118,m,2,1
25.97,464.0211010362324,23,0.793,5,1.0,3,w1118,m,2,1
22.19,436.50110103623234,23,0.793,75,0.2482758620689655,3,w1118,m,2,1
14.72,445.3311010362324,23,0.793,27,0.22758620689655173,3,w1118,m,2,1
290.57,425.7252186832912,24,0.828,0,0.496551724137931,3,w1118,m,2,1
106.6,497.0852186832912,24,0.828,10,1.0,3,w1118,m,2,1
92.19,433.6252186832912,24,0.828,155,0.8413793103448276,3,w1118,m,2,1
89.18,505.6552186832912,24,0.828,6,0.993103448275862,3,w1118,m,2,1
70.18,487.1352186832912,24,0.828,4,1.0,3,w1118,m,2,1
54.06,454.2852186832912,24,0.828,15,0.6275862068965518,3,w1118,m,2,1
28.42,463.4252186832912,24,0.828,5,1.0,3,w1118,m,2,1
22.36,435.9852186832912,24,0.828,75,0.2482758620689655,3,w1118,m,2,1
290.22,425.8000758261483,25,0.862,0,0.496551724137931,3,w1118,m,2,1
107.27,496.4200758261483,25,0.862,10,1.0,3,w1118,m,2,1
92.54,434.16007582614833,25,0.862,155,0.8413793103448276,3,w1118,m,2,1
90.6,504.77007582614834,25,0.862,6,0.993103448275862,3,w1118,m,2,1
70.67,486.6100758261483,25,0.862,4,1.0,3,w1118,m,2,1
53.47,454.0500758261483,25,0.862,15,0.6275862068965518,3,w1118,m,2,1
29.01,463.45007582614835,25,0.862,5,1.0,3,w1118,m,2,1
21.73,435.7500758261483,25,0.862,75,0.2482758620689655,3,w1118,m,2,1
71.43,486.1678536039261,26,0.897,4,1.0,3,w1118,m,2,1
52.26,454.5978536039261,26,0.897,15,0.6275862068965518,3,w1118,m,2,1
33.2,463.37785360392616,26,0.897,5,1.0,3,w1118,m,2,1
20.39,435.9778536039261,26,0.897,75,0.2482758620689655,3,w1118,m,2,1
291.96,427.2250758261483,27,0.931,0,0.496551724137931,3,w1118,m,2,1
71.31,486.46507582614834,27,0.931,4,1.0,3,w1118,m,2,1
50.94,454.78507582614833,27,0.931,15,0.6275862068965518,3,w1118,m,2,1
34.01,462.53507582614833,27,0.931,5,1.0,3,w1118,m,2,1
19.09,435.2250758261483,27,0.931,75,0.2482758620689655,3,w1118,m,2,1
292.97,427.21732582614834,28,0.966,0,0.496551724137931,3,w1118,m,2,1
50.17,454.7473258261483,28,0.966,15,0.6275862068965518,3,w1118,m,2,1
34.37,462.6373258261483,28,0.966,5,1.0,3,w1118,m,2,1
18.33,435.1073258261483,28,0.966,75,0.2482758620689655,3,w1118,m,2,1
293.67,427.6780950569176,29,1.0,0,0.496551724137931,3,w1118,m,2,1
49.71,455.38809505691756,29,1.0,15,0.6275862068965518,3,w1118,m,2,1
34.17,463.6180950569176,29,1.0,5,1.0,3,w1118,m,2,1
17.8,435.6580950569176,29,1.0,75,0.2482758620689655,3,w1118,m,2,1
112.66,497.015039501362,30,1.034,10,1.0,3,w1118,m,2,1
74.7,485.915039501362,30,1.034,4,1.0,3,w1118,m,2,1
48.74,455.54503950136206,30,1.034,15,0.6275862068965518,3,w1118,m,2,1
39.59,463.205039501362,30,1.034,5,1.0,3,w1118,m,2,1
16.76,436.575039501362,30,1.034,75,0.2482758620689655,3,w1118,m,2,1
7.5,437.25503950136203,30,1.034,141,0.9103448275862069,3,w1118,m,2,1
111.71,497.3022617235842,31,1.069,10,1.0,3,w1118,m,2,1
74.81,486.1122617235842,31,1.069,4,1.0,3,w1118,m,2,1
47.76,455.8622617235842,31,1.069,15,0.6275862068965518,3,w1118,m,2,1
38.89,463.25226172358424,31,1.069,5,1.0,3,w1118,m,2,1
15.82,436.8022617235842,31,1.069,75,0.2482758620689655,3,w1118,m,2,1
6.46,436.20226172358423,31,1.069,141,0.9103448275862069,3,w1118,m,2,1
112.07,496.76226172358423,32,1.103,10,1.0,3,w1118,m,2,1
77.02,485.1522617235842,32,1.103,4,1.0,3,w1118,m,2,1
47.24,455.8422617235842,32,1.103,15,0.6275862068965518,3,w1118,m,2,1
42.02,463.11226172358425,32,1.103,5,1.0,3,w1118,m,2,1
15.21,436.24226172358425,32,1.103,75,0.2482758620689655,3,w1118,m,2,1
5.12,436.3322617235842,32,1.103,141,0.9103448275862069,3,w1118,m,2,1
112.02,496.67226172358426,33,1.138,10,1.0,3,w1118,m,2,1
46.03,456.04226172358426,33,1.138,15,0.6275862068965518,3,w1118,m,2,1
41.67,463.76226172358423,33,1.138,5,1.0,3,w1118,m,2,1
13.76,436.20226172358423,33,1.138,75,0.2482758620689655,3,w1118,m,2,1
3.79,434.49226172358425,33,1.138,141,0.9103448275862069,3,w1118,m,2,1
113.94,496.747133518456,34,1.172,10,1.0,3,w1118,m,2,1
104.67,445.797133518456,34,1.172,155,0.8413793103448276,3,w1118,m,2,1
77.99,484.847133518456,34,1.172,4,1.0,3,w1118,m,2,1
45.2,456.337133518456,34,1.172,15,0.6275862068965518,3,w1118,m,2,1
13.05,435.877133518456,34,1.172,75,0.2482758620689655,3,w1118,m,2,1
2.96,434.757133518456,34,1.172,141,0.9103448275862069,3,w1118,m,2,1
296.41,429.82908473796823,35,1.207,0,0.496551724137931,3,w1118,m,2,1
116.52,495.97908473796826,35,1.207,10,1.0,3,w1118,m,2,1
104.92,446.67908473796825,35,1.207,155,0.8413793103448276,3,w1118,m,2,1
78.5,484.79908473796826,35,1.207,4,1.0,3,w1118,m,2,1
44.67,456.60908473796826,35,1.207,15,0.6275862068965518,3,w1118,m,2,1
12.56,435.87908473796824,35,1.207,75,0.2482758620689655,3,w1118,m,2,1
2.55,434.12908473796824,35,1.207,141,0.9103448275862069,3,w1118,m,2,1
297.65,429.76876215732307,36,1.241,0,0.496551724137931,3,w1118,m,2,1
118.51,495.3887621573231,36,1.241,10,1.0,3,w1118,m,2,1
108.6,450.27876215732306,36,1.241,155,0.8413793103448276,3,w1118,m,2,1
103.18,503.2587621573231,36,1.241,6,0.993103448275862,3,w1118,m,2,1
80.63,483.6687621573231,36,1.241,4,1.0,3,w1118,m,2,1
41.75,456.0987621573231,36,1.241,15,0.6275862068965518,3,w1118,m,2,1
41.59,465.0087621573231,36,1.241,5,1.0,3,w1118,m,2,1
11.07,434.5987621573231,36,1.241,75,0.2482758620689655,3,w1118,m,2,1
298.33,429.95258568673484,37,1.276,0,0.496551724137931,3,w1118,m,2,1
116.36,495.5925856867348,37,1.276,10,1.0,3,w1118,m,2,1
103.84,503.0325856867348,37,1.276,6,0.993103448275862,3,w1118,m,2,1
81.27,483.8125856867348,37,1.276,4,1.0,3,w1118,m,2,1
41.24,456.26258568673484,37,1.276,15,0.6275862068965518,3,w1118,m,2,1
10.51,434.3125856867348,37,1.276,75,0.2482758620689655,3,w1118,m,2,1
298.16,430.6046445102642,38,1.31,0,0.496551724137931,3,w1118,m,2,1
117.17,495.64464451026424,38,1.31,10,1.0,3,w1118,m,2,1
110.01,451.4746445102642,38,1.31,155,0.8413793103448276,3,w1118,m,2,1
104.59,503.1046445102642,38,1.31,6,0.993103448275862,3,w1118,m,2,1
81.95,483.14464451026424,38,1.31,4,1.0,3,w1118,m,2,1
41.02,456.4346445102642,38,1.31,15,0.6275862068965518,3,w1118,m,2,1
13.8,433.62464451026426,38,1.31,75,0.2482758620689655,3,w1118,m,2,1
299.43,431.144922288042,39,1.345,0,0.496551724137931,3,w1118,m,2,1
119.65,494.934922288042,39,1.345,10,1.0,3,w1118,m,2,1
104.81,502.08492228804204,39,1.345,6,0.993103448275862,3,w1118,m,2,1
81.18,482.894922288042,39,1.345,4,1.0,3,w1118,m,2,1
39.98,456.394922288042,39,1.345,15,0.6275862068965518,3,w1118,m,2,1
14.03,433.674922288042,39,1.345,75,0.2482758620689655,3,w1118,m,2,1
300.36,431.1162736393934,40,1.379,0,0.496551724137931,3,w1118,m,2,1
119.03,494.6162736393934,40,1.379,10,1.0,3,w1118,m,2,1
82.33,482.85627363939335,40,1.379,4,1.0,3,w1118,m,2,1
39.14,456.35627363939335,40,1.379,15,0.6275862068965518,3,w1118,m,2,1
15.07,433.66627363939335,40,1.379,75,0.2482758620689655,3,w1118,m,2,1
301.16,432.1684164965362,41,1.414,0,0.496551724137931,3,w1118,m,2,1
119.77,495.1684164965362,41,1.414,10,1.0,3,w1118,m,2,1
82.82,482.72841649653617,41,1.414,4,1.0,3,w1118,m,2,1
40.24,467.9284164965362,41,1.414,5,1.0,3,w1118,m,2,1
37.88,456.9184164965362,41,1.414,15,0.6275862068965518,3,w1118,m,2,1
12.1,433.7084164965362,41,1.414,173,0.7793103448275862,3,w1118,m,2,1
300.07,432.49911417095484,42,1.448,0,0.496551724137931,3,w1118,m,2,1
119.78,495.21911417095487,42,1.448,10,1.0,3,w1118,m,2,1
82.55,482.55911417095484,42,1.448,4,1.0,3,w1118,m,2,1
41.71,468.98911417095485,42,1.448,5,1.0,3,w1118,m,2,1
36.6,456.94911417095483,42,1.448,15,0.6275862068965518,3,w1118,m,2,1
12.93,434.21911417095487,42,1.448,173,0.7793103448275862,3,w1118,m,2,1
301.88,433.3718414436821,43,1.483,0,0.496551724137931,3,w1118,m,2,1
120.58,494.72184144368214,43,1.483,10,1.0,3,w1118,m,2,1
83.48,482.0018414436821,43,1.483,4,1.0,3,w1118,m,2,1
41.65,469.5018414436821,43,1.483,5,1.0,3,w1118,m,2,1
34.67,457.10184144368213,43,1.483,15,0.6275862068965518,3,w1118,m,2,1
15.81,434.6218414436821,43,1.483,173,0.7793103448275862,3,w1118,m,2,1
304.1,433.57717477701544,44,1.517,0,0.496551724137931,3,w1118,m,2,1
121.1,494.9171747770155,44,1.517,10,1.0,3,w1118,m,2,1
114.17,458.86717477701546,44,1.517,155,0.8413793103448276,3,w1118,m,2,1
82.95,481.9771747770155,44,1.517,4,1.0,3,w1118,m,2,1
41.11,469.58717477701543,44,1.517,5,1.0,3,w1118,m,2,1
34.0,457.23717477701547,44,1.517,15,0.6275862068965518,3,w1118,m,2,1
16.04,434.73717477701547,44,1.517,173,0.7793103448275862,3,w1118,m,2,1
120.93,494.5392202315609,45,1.552,10,1.0,3,w1118,m,2,1
113.97,459.91922023156087,45,1.552,155,0.8413793103448276,3,w1118,m,2,1
106.51,501.54922023156087,45,1.552,6,0.993103448275862,3,w1118,m,2,1
81.64,481.9592202315609,45,1.552,4,1.0,3,w1118,m,2,1
40.64,469.66922023156087,45,1.552,5,1.0,3,w1118,m,2,1
32.7,457.2192202315609,45,1.552,15,0.6275862068965518,3,w1118,m,2,1
17.94,434.63922023156084,45,1.552,173,0.7793103448275862,3,w1118,m,2,1
305.3,434.5016011839419,46,1.586,0,0.496551724137931,3,w1118,m,2,1
122.27,494.54160118394185,46,1.586,10,1.0,3,w1118,m,2,1
116.38,462.79160118394185,46,1.586,155,0.8413793103448276,3,w1118,m,2,1
106.24,501.17160118394185,46,1.586,6,0.993103448275862,3,w1118,m,2,1
81.16,482.0016011839419,46,1.586,4,1.0,3,w1118,m,2,1
39.29,469.67160118394185,46,1.586,5,1.0,3,w1118,m,2,1
32.22,457.2616011839419,46,1.586,15,0.6275862068965518,3,w1118,m,2,1
18.61,434.98160118394185,46,1.586,173,0.7793103448275862,3,w1118,m,2,1
304.43,434.2382678506085,47,1.621,0,0.496551724137931,3,w1118,m,2,1
123.14,494.5582678506085,47,1.621,10,1.0,3,w1118,m,2,1
107.11,501.1882678506085,47,1.621,6,0.993103448275862,3,w1118,m,2,1
80.06,482.02826785060853,47,1.621,4,1.0,3,w1118,m,2,1
39.18,469.6882678506085,47,1.621,5,1.0,3,w1118,m,2,1
31.11,457.27826785060853,47,1.621,15,0.6275862068965518,3,w1118,m,2,1
19.29,435.0682678506085,47,1.621,173,0.7793103448275862,3,w1118,m,2,1
308.3,435.9276011839418,48,1.655,0,0.496551724137931,3,w1118,m,2,1
124.29,493.88760118394185,48,1.655,10,1.0,3,w1118,m,2,1
118.35,467.09760118394183,48,1.655,155,0.8413793103448276,3,w1118,m,2,1
107.3,501.06760118394186,48,1.655,6,0.993103448275862,3,w1118,m,2,1
75.59,482.82760118394185,48,1.655,4,1.0,3,w1118,m,2,1
37.3,469.6076011839418,48,1.655,5,1.0,3,w1118,m,2,1
30.28,457.51760118394185,48,1.655,15,0.6275862068965518,3,w1118,m,2,1
22.18,435.65760118394184,48,1.655,173,0.7793103448275862,3,w1118,m,2,1
307.3,435.86699512333576,49,1.69,0,0.496551724137931,3,w1118,m,2,1
124.22,493.97699512333577,49,1.69,10,1.0,3,w1118,m,2,1
118.25,468.26699512333573,49,1.69,155,0.8413793103448276,3,w1118,m,2,1
107.22,501.13699512333574,49,1.69,6,0.993103448275862,3,w1118,m,2,1
74.48,482.85699512333576,49,1.69,4,1.0,3,w1118,m,2,1
36.19,469.63699512333574,49,1.69,5,1.0,3,w1118,m,2,1
29.17,457.54699512333576,49,1.69,15,0.6275862068965518,3,w1118,m,2,1
22.2,435.60699512333576,49,1.69,173,0.7793103448275862,3,w1118,m,2,1
308.57,436.8218436081842,50,1.724,0,0.496551724137931,3,w1118,m,2,1
124.73,494.04184360818425,50,1.724,10,1.0,3,w1118,m,2,1
107.57,500.73184360818425,50,1.724,6,0.993103448275862,3,w1118,m,2,1
73.88,482.85184360818425,50,1.724,4,1.0,3,w1118,m,2,1
35.6,469.6318436081842,50,1.724,5,1.0,3,w1118,m,2,1
28.57,457.54184360818425,50,1.724,15,0.6275862068965518,3,w1118,m,2,1
22.71,435.96184360818427,50,1.724,173,0.7793103448275862,3,w1118,m,2,1
11.57,456.8818436081842,50,1.724,17,0.4413793103448276,3,w1118,m,2,1
308.47,437.1336617900024,51,1.759,0,0.496551724137931,3,w1118,m,2,1
126.38,494.0036617900024,51,1.759,10,1.0,3,w1118,m,2,1
107.46,500.7436617900024,51,1.759,6,0.993103448275862,3,w1118,m,2,1
72.72,482.79366179000243,51,1.759,4,1.0,3,w1118,m,2,1
34.44,469.58366179000245,51,1.759,5,1.0,3,w1118,m,2,1
27.42,457.48366179000243,51,1.759,15,0.6275862068965518,3,w1118,m,2,1
24.42,436.48366179000243,51,1.759,173,0.7793103448275862,3,w1118,m,2,1
3.34,427.4236617900024,51,1.759,141,0.9103448275862069,3,w1118,m,2,1
11.78,456.3036617900024,51,1.759,17,0.4413793103448276,3,w1118,m,2,1
309.41,436.9331062344469,52,1.793,0,0.496551724137931,3,w1118,m,2,1
126.62,493.4831062344469,52,1.793,10,1.0,3,w1118,m,2,1
108.41,500.4631062344469,52,1.793,6,0.993103448275862,3,w1118,m,2,1
71.71,482.5831062344469,52,1.793,4,1.0,3,w1118,m,2,1
33.42,469.3631062344469,52,1.793,5,1.0,3,w1118,m,2,1
26.4,457.2731062344469,52,1.793,15,0.6275862068965518,3,w1118,m,2,1
25.5,436.2231062344469,52,1.793,173,0.7793103448275862,3,w1118,m,2,1
309.42,437.6352683966091,53,1.828,0,0.496551724137931,3,w1118,m,2,1
108.42,500.7752683966091,53,1.828,6,0.993103448275862,3,w1118,m,2,1
70.69,482.8252683966091,53,1.828,4,1.0,3,w1118,m,2,1
32.4,469.60526839660906,53,1.828,5,1.0,3,w1118,m,2,1
26.38,436.4952683966091,53,1.828,173,0.7793103448275862,3,w1118,m,2,1
25.38,457.5152683966091,53,1.828,15,0.6275862068965518,3,w1118,m,2,1
1.65,425.9452683966091,53,1.828,141,0.9103448275862069,3,w1118,m,2,1
308.34,437.88526839660904,54,1.862,0,0.496551724137931,3,w1118,m,2,1
109.13,500.5952683966091,54,1.862,6,0.993103448275862,3,w1118,m,2,1
69.43,482.72526839660907,54,1.862,4,1.0,3,w1118,m,2,1
31.14,469.50526839660904,54,1.862,5,1.0,3,w1118,m,2,1
27.12,436.3952683966091,54,1.862,173,0.7793103448275862,3,w1118,m,2,1
24.12,457.41526839660906,54,1.862,15,0.6275862068965518,3,w1118,m,2,1
6.68,455.4052683966091,54,1.862,17,0.4413793103448276,3,w1118,m,2,1
307.85,437.67526839660906,55,1.897,0,0.496551724137931,3,w1118,m,2,1
110.0,499.67526839660906,55,1.897,6,0.993103448275862,3,w1118,m,2,1
68.3,482.41526839660906,55,1.897,4,1.0,3,w1118,m,2,1
30.01,469.19526839660904,55,1.897,5,1.0,3,w1118,m,2,1
26.19,435.8452683966091,55,1.897,173,0.7793103448275862,3,w1118,m,2,1
22.99,457.10526839660906,55,1.897,15,0.6275862068965518,3,w1118,m,2,1
129.77,494.38094407228476,56,1.931,10,1.0,3,w1118,m,2,1
110.97,499.58094407228475,56,1.931,6,0.993103448275862,3,w1118,m,2,1
67.3,482.38094407228476,56,1.931,4,1.0,3,w1118,m,2,1
29.01,469.16094407228474,56,1.931,5,1.0,3,w1118,m,2,1
28.1,435.85094407228473,56,1.931,173,0.7793103448275862,3,w1118,m,2,1
21.99,457.07094407228476,56,1.931,15,0.6275862068965518,3,w1118,m,2,1
6.57,424.41094407228474,56,1.931,141,0.9103448275862069,3,w1118,m,2,1
109.13,499.10673354596895,57,1.966,6,0.993103448275862,3,w1118,m,2,1
66.26,482.18673354596893,57,1.966,4,1.0,3,w1118,m,2,1
27.97,468.97673354596895,57,1.966,5,1.0,3,w1118,m,2,1
20.94,456.87673354596893,57,1.966,15,0.6275862068965518,3,w1118,m,2,1
7.3,424.23673354596895,57,1.966,141,0.9103448275862069,3,w1118,m,2,1
7.0,455.17673354596894,57,1.966,17,0.4413793103448276,3,w1118,m,2,1
109.68,499.22083611007156,58,2.0,6,0.993103448275862,3,w1118,m,2,1
64.82,482.3008361100715,58,2.0,4,1.0,3,w1118,m,2,1
26.53,469.09083611007156,58,2.0,5,1.0,3,w1118,m,2,1
19.51,456.99083611007154,58,2.0,15,0.6275862068965518,3,w1118,m,2,1
4.34,453.84083611007156,58,2.0,17,0.4413793103448276,3,w1118,m,2,1
130.79,495.93647713571255,59,2.034,10,1.0,3,w1118,m,2,1
109.96,499.0964771357126,59,2.034,6,0.993103448275862,3,w1118,m,2,1
64.11,482.17647713571256,59,2.034,4,1.0,3,w1118,m,2,1
31.91,437.13647713571254,59,2.034,173,0.7793103448275862,3,w1118,m,2,1
25.82,468.9664771357126,59,2.034,5,1.0,3,w1118,m,2,1
18.83,456.86647713571256,59,2.034,15,0.6275862068965518,3,w1118,m,2,1
5.1,453.67647713571256,59,2.034,17,0.4413793103448276,3,w1118,m,2,1
132.61,495.65820127364356,60,2.069,10,1.0,3,w1118,m,2,1
125.91,485.0082012736436,60,2.069,155,0.8413793103448276,3,w1118,m,2,1
112.53,498.4182012736436,60,2.069,6,0.993103448275862,3,w1118,m,2,1
62.79,481.9782012736436,60,2.069,4,1.0,3,w1118,m,2,1
32.64,436.7582012736436,60,2.069,173,0.7793103448275862,3,w1118,m,2,1
23.75,468.7482012736436,60,2.069,5,1.0,3,w1118,m,2,1
16.75,456.6982012736436,60,2.069,15,0.6275862068965518,3,w1118,m,2,1
1.25,453.3782012736436,60,2.069,17,0.4413793103448276,3,w1118,m,2,1
133.59,496.0678786929984,61,2.103,10,1.0,3,w1118,m,2,1
127.08,485.0678786929984,61,2.103,155,0.8413793103448276,3,w1118,m,2,1
112.8,497.5178786929984,61,2.103,6,0.993103448275862,3,w1118,m,2,1
61.9,482.05787869299843,61,2.103,4,1.0,3,w1118,m,2,1
32.85,436.80787869299843,61,2.103,173,0.7793103448275862,3,w1118,m,2,1
22.86,468.8278786929984,61,2.103,5,1.0,3,w1118,m,2,1
15.89,456.7878786929984,61,2.103,15,0.6275862068965518,3,w1118,m,2,1
2.1,453.4978786929984,61,2.103,17,0.4413793103448276,3,w1118,m,2,1
310.72,438.23820127364354,62,2.138,0,0.496551724137931,3,w1118,m,2,1
110.1,498.0082012736436,62,2.138,6,0.993103448275862,3,w1118,m,2,1
61.07,482.0682012736436,62,2.138,4,1.0,3,w1118,m,2,1
34.02,436.8182012736436,62,2.138,173,0.7793103448275862,3,w1118,m,2,1
22.03,468.83820127364356,62,2.138,5,1.0,3,w1118,m,2,1
15.05,456.77820127364356,62,2.138,15,0.6275862068965518,3,w1118,m,2,1
0.09,453.33820127364356,62,2.138,17,0.4413793103448276,3,w1118,m,2,1
127.65,487.53382627364357,63,2.172,155,0.8413793103448276,3,w1118,m,2,1
108.71,497.9338262736436,63,2.172,6,0.993103448275862,3,w1118,m,2,1
59.4,481.9938262736436,63,2.172,4,1.0,3,w1118,m,2,1
34.34,437.2138262736436,63,2.172,173,0.7793103448275862,3,w1118,m,2,1
20.36,468.7638262736436,63,2.172,5,1.0,3,w1118,m,2,1
13.51,456.72382627364357,63,2.172,15,0.6275862068965518,3,w1118,m,2,1
4.22,453.3438262736436,63,2.172,17,0.4413793103448276,3,w1118,m,2,1
128.07,488.1757617575145,64,2.207,155,0.8413793103448276,3,w1118,m,2,1
111.08,497.14576175751455,64,2.207,6,0.993103448275862,3,w1118,m,2,1
58.09,481.95576175751455,64,2.207,4,1.0,3,w1118,m,2,1
19.05,468.72576175751453,64,2.207,5,1.0,3,w1118,m,2,1
12.57,456.7457617575145,64,2.207,15,0.6275862068965518,3,w1118,m,2,1
307.02,437.0660558751616,65,2.241,0,0.496551724137931,3,w1118,m,2,1
134.38,497.7660558751616,65,2.241,10,1.0,3,w1118,m,2,1
109.93,497.0760558751616,65,2.241,6,0.993103448275862,3,w1118,m,2,1
56.85,481.85605587516164,65,2.241,4,1.0,3,w1118,m,2,1
17.81,468.6260558751616,65,2.241,5,1.0,3,w1118,m,2,1
11.37,456.5760558751616,65,2.241,15,0.6275862068965518,3,w1118,m,2,1
306.28,436.9795852869263,66,2.276,0,0.496551724137931,3,w1118,m,2,1
113.15,494.9295852869263,66,2.276,6,0.993103448275862,3,w1118,m,2,1
56.23,481.6295852869263,66,2.276,4,1.0,3,w1118,m,2,1
17.19,468.9995852869263,66,2.276,5,1.0,3,w1118,m,2,1
10.38,455.7495852869263,66,2.276,15,0.6275862068965518,3,w1118,m,2,1
134.27,498.4872323457498,67,2.31,10,1.0,3,w1118,m,2,1
56.21,481.0572323457498,67,2.31,4,1.0,3,w1118,m,2,1
16.32,468.7972323457498,67,2.31,5,1.0,3,w1118,m,2,1
55.49,481.0238990124165,68,2.345,4,1.0,3,w1118,m,2,1
42.31,437.29389901241655,68,2.345,173,0.7793103448275862,3,w1118,m,2,1
16.61,469.7638990124165,68,2.345,5,1.0,3,w1118,m,2,1
136.14,499.7582740124165,69,2.379,10,1.0,3,w1118,m,2,1
114.83,492.5282740124165,69,2.379,6,0.993103448275862,3,w1118,m,2,1
54.11,481.1482740124165,69,2.379,4,1.0,3,w1118,m,2,1
42.07,437.3982740124165,69,2.379,173,0.7793103448275862,3,w1118,m,2,1
17.12,470.4682740124165,69,2.379,5,1.0,3,w1118,m,2,1
135.75,499.32889901241646,70,2.414,10,1.0,3,w1118,m,2,1
113.68,492.3688990124165,70,2.414,6,0.993103448275862,3,w1118,m,2,1
52.69,480.81889901241647,70,2.414,4,1.0,3,w1118,m,2,1
40.7,437.50889901241646,70,2.414,173,0.7793103448275862,3,w1118,m,2,1
17.41,470.6688990124165,70,2.414,5,1.0,3,w1118,m,2,1
113.65,492.22435355787104,71,2.448,6,0.993103448275862,3,w1118,m,2,1
51.77,480.67435355787103,71,2.448,4,1.0,3,w1118,m,2,1
136.42,500.00828212929963,72,2.483,10,1.0,3,w1118,m,2,1
125.33,489.8982821292996,72,2.483,155,0.8413793103448276,3,w1118,m,2,1
109.51,491.8282821292996,72,2.483,6,0.993103448275862,3,w1118,m,2,1
49.32,480.7682821292996,72,2.483,4,1.0,3,w1118,m,2,1
43.17,436.81828212929963,72,2.483,173,0.7793103448275862,3,w1118,m,2,1
27.16,421.90828212929966,72,2.483,141,0.9103448275862069,3,w1118,m,2,1
21.0,471.9582821292996,72,2.483,5,1.0,3,w1118,m,2,1
19.09,453.3382821292996,72,2.483,230,0.503448275862069,3,w1118,m,2,1
124.62,489.86061546263295,73,2.517,155,0.8413793103448276,3,w1118,m,2,1
109.53,491.1506154626329,73,2.517,6,0.993103448275862,3,w1118,m,2,1
50.41,480.12061546263294,73,2.517,4,1.0,3,w1118,m,2,1
43.46,436.8506154626329,73,2.517,173,0.7793103448275862,3,w1118,m,2,1
27.43,421.9506154626329,73,2.517,141,0.9103448275862069,3,w1118,m,2,1
21.32,453.9006154626329,73,2.517,230,0.503448275862069,3,w1118,m,2,1
21.26,472.7206154626329,73,2.517,5,1.0,3,w1118,m,2,1
123.35,489.7490025594072,74,2.552,155,0.8413793103448276,3,w1118,m,2,1
112.94,488.91900255940715,74,2.552,6,0.993103448275862,3,w1118,m,2,1
48.15,480.14900255940717,74,2.552,4,1.0,3,w1118,m,2,1
28.16,421.8290025594072,74,2.552,141,0.9103448275862069,3,w1118,m,2,1
123.01,489.8046275594071,75,2.586,155,0.8413793103448276,3,w1118,m,2,1
111.97,489.01462755940713,75,2.586,6,0.993103448275862,3,w1118,m,2,1
47.03,480.0946275594071,75,2.586,4,1.0,3,w1118,m,2,1
44.85,437.57462755940713,75,2.586,173,0.7793103448275862,3,w1118,m,2,1
122.22,489.5658775594071,76,2.621,155,0.8413793103448276,3,w1118,m,2,1
110.9,489.4358775594071,76,2.621,6,0.993103448275862,3,w1118,m,2,1
46.0,479.9458775594071,76,2.621,4,1.0,3,w1118,m,2,1
45.9,437.0658775594071,76,2.621,173,0.7793103448275862,3,w1118,m,2,1
122.6,489.4616351351647,77,2.655,155,0.8413793103448276,3,w1118,m,2,1
46.56,436.81163513516475,77,2.655,173,0.7793103448275862,3,w1118,m,2,1
44.67,479.70163513516474,77,2.655,4,1.0,3,w1118,m,2,1
25.7,453.8516351351647,77,2.655,230,0.503448275862069,3,w1118,m,2,1
23.66,473.5416351351647,77,2.655,5,1.0,3,w1118,m,2,1
122.37,489.53587755940714,78,2.69,155,0.8413793103448276,3,w1118,m,2,1
44.65,479.4458775594071,78,2.69,4,1.0,3,w1118,m,2,1
26.62,453.77587755940715,78,2.69,230,0.503448275862069,3,w1118,m,2,1
23.58,473.4258775594071,78,2.69,5,1.0,3,w1118,m,2,1
121.38,489.5295139230435,79,2.724,155,0.8413793103448276,3,w1118,m,2,1
110.51,487.36951392304354,79,2.724,6,0.993103448275862,3,w1118,m,2,1
43.64,479.36951392304354,79,2.724,4,1.0,3,w1118,m,2,1
27.73,453.7295139230435,79,2.724,230,0.503448275862069,3,w1118,m,2,1
24.6,473.9195139230435,79,2.724,5,1.0,3,w1118,m,2,1
110.25,486.8515727465729,80,2.759,6,0.993103448275862,3,w1118,m,2,1
39.5,480.01157274657294,80,2.759,4,1.0,3,w1118,m,2,1
29.26,453.0715727465729,80,2.759,230,0.503448275862069,3,w1118,m,2,1
25.33,473.8015727465729,80,2.759,5,1.0,3,w1118,m,2,1
122.12,488.9543000193002,81,2.793,155,0.8413793103448276,3,w1118,m,2,1
38.57,479.9943000193002,81,2.793,4,1.0,3,w1118,m,2,1
31.23,453.0343000193002,81,2.793,230,0.503448275862069,3,w1118,m,2,1
24.53,474.1443000193002,81,2.793,5,1.0,3,w1118,m,2,1
121.13,488.0894515344517,82,2.828,155,0.8413793103448276,3,w1118,m,2,1
39.88,479.1094515344517,82,2.828,4,1.0,3,w1118,m,2,1
25.04,474.7294515344517,82,2.828,5,1.0,3,w1118,m,2,1
121.36,487.3850765344517,83,2.862,155,0.8413793103448276,3,w1118,m,2,1
38.43,478.8550765344517,83,2.862,4,1.0,3,w1118,m,2,1
34.18,421.6450765344517,83,2.862,141,0.9103448275862069,3,w1118,m,2,1
24.61,474.8050765344517,83,2.862,5,1.0,3,w1118,m,2,1
133.0,505.3191506085258,84,2.897,10,1.0,3,w1118,m,2,1
123.91,487.5291506085258,84,2.897,155,0.8413793103448276,3,w1118,m,2,1
112.98,483.4691506085258,84,2.897,6,0.993103448275862,3,w1118,m,2,1
50.05,437.3491506085258,84,2.897,173,0.7793103448275862,3,w1118,m,2,1
36.94,478.6291506085258,84,2.897,4,1.0,3,w1118,m,2,1
34.96,422.3591506085258,84,2.897,141,0.9103448275862069,3,w1118,m,2,1
33.86,453.76915060852576,84,2.897,230,0.503448275862069,3,w1118,m,2,1
26.11,474.9091506085258,84,2.897,5,1.0,3,w1118,m,2,1
22.97,456.19915060852577,84,2.897,15,0.6275862068965518,3,w1118,m,2,1
124.7,486.83415060852576,85,2.931,155,0.8413793103448276,3,w1118,m,2,1
113.81,482.5441506085258,85,2.931,6,0.993103448275862,3,w1118,m,2,1
49.87,436.8141506085258,85,2.931,173,0.7793103448275862,3,w1118,m,2,1
35.92,478.65415060852575,85,2.931,4,1.0,3,w1118,m,2,1
35.84,422.2841506085258,85,2.931,141,0.9103448275862069,3,w1118,m,2,1
33.75,453.71415060852576,85,2.931,230,0.503448275862069,3,w1118,m,2,1
25.86,474.89415060852576,85,2.931,5,1.0,3,w1118,m,2,1
23.69,456.15415060852575,85,2.931,15,0.6275862068965518,3,w1118,m,2,1
130.68,504.8154839418591,86,2.966,10,1.0,3,w1118,m,2,1
124.68,486.3654839418591,86,2.966,155,0.8413793103448276,3,w1118,m,2,1
110.82,483.3054839418591,86,2.966,6,0.993103448275862,3,w1118,m,2,1
50.64,436.7554839418591,86,2.966,173,0.7793103448275862,3,w1118,m,2,1
34.68,478.5554839418591,86,2.966,4,1.0,3,w1118,m,2,1
34.58,453.5454839418591,86,2.966,230,0.503448275862069,3,w1118,m,2,1
24.62,474.28548394185907,86,2.966,5,1.0,3,w1118,m,2,1
130.05,504.6191506085258,87,3.0,10,1.0,3,w1118,m,2,1
125.0,486.20915060852576,87,3.0,155,0.8413793103448276,3,w1118,m,2,1
111.16,483.1291506085258,87,3.0,6,0.993103448275862,3,w1118,m,2,1
35.97,453.3591506085258,87,3.0,230,0.503448275862069,3,w1118,m,2,1
34.96,478.13915060852577,87,3.0,4,1.0,3,w1118,m,2,1
24.1,473.5691506085258,87,3.0,5,1.0,3,w1118,m,2,1
131.36,485.1244839418591,88,3.034,155,0.8413793103448276,3,w1118,m,2,1
128.65,504.5744839418591,88,3.034,10,1.0,3,w1118,m,2,1
111.63,483.0844839418591,88,3.034,6,0.993103448275862,3,w1118,m,2,1
33.43,478.0944839418591,88,3.034,4,1.0,3,w1118,m,2,1
22.56,473.2744839418591,88,3.034,5,1.0,3,w1118,m,2,1
131.72,484.5613589418591,89,3.069,155,0.8413793103448276,3,w1118,m,2,1
127.87,504.5113589418591,89,3.069,10,1.0,3,w1118,m,2,1
111.94,482.0313589418591,89,3.069,6,0.993103448275862,3,w1118,m,2,1
32.71,478.1413589418591,89,3.069,4,1.0,3,w1118,m,2,1
20.79,473.2013589418591,89,3.069,5,1.0,3,w1118,m,2,1
134.22,484.5413589418591,90,3.103,155,0.8413793103448276,3,w1118,m,2,1
126.52,504.5113589418591,90,3.103,10,1.0,3,w1118,m,2,1
116.32,480.0713589418591,90,3.103,6,0.993103448275862,3,w1118,m,2,1
32.28,478.0813589418591,90,3.103,4,1.0,3,w1118,m,2,1
19.31,473.1913589418591,90,3.103,5,1.0,3,w1118,m,2,1
125.8,504.52071378056877,91,3.138,10,1.0,3,w1118,m,2,1
115.6,480.0807137805688,91,3.138,6,0.993103448275862,3,w1118,m,2,1
31.55,478.10071378056875,91,3.138,4,1.0,3,w1118,m,2,1
18.68,472.78071378056876,91,3.138,5,1.0,3,w1118,m,2,1
136.43,483.96704711390214,92,3.172,155,0.8413793103448276,3,w1118,m,2,1
124.93,504.1070471139021,92,3.172,10,1.0,3,w1118,m,2,1
115.72,480.15704711390214,92,3.172,6,0.993103448275862,3,w1118,m,2,1
31.66,478.5470471139021,92,3.172,4,1.0,3,w1118,m,2,1
17.73,472.64704711390215,92,3.172,5,1.0,3,w1118,m,2,1
140.0,482.4500471139021,93,3.207,155,0.8413793103448276,3,w1118,m,2,1
123.69,504.0700471139021,93,3.207,10,1.0,3,w1118,m,2,1
116.41,480.0100471139021,93,3.207,6,0.993103448275862,3,w1118,m,2,1
31.43,478.5900471139021,93,3.207,4,1.0,3,w1118,m,2,1
141.27,482.42556435528144,94,3.241,155,0.8413793103448276,3,w1118,m,2,1
122.7,503.97556435528145,94,3.241,10,1.0,3,w1118,m,2,1
116.47,480.03556435528145,94,3.241,6,0.993103448275862,3,w1118,m,2,1
32.45,478.72556435528145,94,3.241,4,1.0,3,w1118,m,2,1
142.32,481.68728849321246,95,3.276,155,0.8413793103448276,3,w1118,m,2,1
121.77,503.86728849321247,95,3.276,10,1.0,3,w1118,m,2,1
117.5,479.07728849321245,95,3.276,6,0.993103448275862,3,w1118,m,2,1
34.5,478.06728849321246,95,3.276,4,1.0,3,w1118,m,2,1
140.49,480.70459618552013,96,3.31,155,0.8413793103448276,3,w1118,m,2,1
121.1,504.56459618552014,96,3.31,10,1.0,3,w1118,m,2,1
115.28,478.51459618552013,96,3.31,6,0.993103448275862,3,w1118,m,2,1
54.32,435.4645961855202,96,3.31,173,0.7793103448275862,3,w1118,m,2,1
38.25,424.80459618552015,96,3.31,141,0.9103448275862069,3,w1118,m,2,1
32.48,477.60459618552017,96,3.31,4,1.0,3,w1118,m,2,1
14.37,470.68459618552015,96,3.31,5,1.0,3,w1118,m,2,1
143.14,479.8465192624432,97,3.345,155,0.8413793103448276,3,w1118,m,2,1
120.0,504.5965192624432,97,3.345,10,1.0,3,w1118,m,2,1
113.31,478.54651926244327,97,3.345,6,0.993103448275862,3,w1118,m,2,1
55.18,435.5365192624432,97,3.345,173,0.7793103448275862,3,w1118,m,2,1
39.12,425.42651926244326,97,3.345,141,0.9103448275862069,3,w1118,m,2,1
32.41,477.64651926244323,97,3.345,4,1.0,3,w1118,m,2,1
13.29,470.70651926244324,97,3.345,5,1.0,3,w1118,m,2,1
144.68,479.81382695475094,98,3.379,155,0.8413793103448276,3,w1118,m,2,1
118.76,504.6538269547509,98,3.379,10,1.0,3,w1118,m,2,1
116.96,477.6438269547509,98,3.379,6,0.993103448275862,3,w1118,m,2,1
39.05,425.3938269547509,98,3.379,141,0.9103448275862069,3,w1118,m,2,1
37.91,476.35382695475096,98,3.379,4,1.0,3,w1118,m,2,1
12.07,470.5238269547509,98,3.379,5,1.0,3,w1118,m,2,1
144.93,478.5030577239817,99,3.414,155,0.8413793103448276,3,w1118,m,2,1
117.87,504.4730577239817,99,3.414,10,1.0,3,w1118,m,2,1
117.05,477.8530577239817,99,3.414,6,0.993103448275862,3,w1118,m,2,1
36.59,476.5930577239817,99,3.414,4,1.0,3,w1118,m,2,1
11.18,470.3430577239817,99,3.414,5,1.0,3,w1118,m,2,1
147.24,476.7511346470586,100,3.448,155,0.8413793103448276,3,w1118,m,2,1
117.25,478.34113464705865,100,3.448,6,0.993103448275862,3,w1118,m,2,1
116.85,504.5011346470586,100,3.448,10,1.0,3,w1118,m,2,1
148.87,476.84228849321244,101,3.483,155,0.8413793103448276,3,w1118,m,2,1
117.95,477.57228849321245,101,3.483,6,0.993103448275862,3,w1118,m,2,1
115.73,504.59228849321244,101,3.483,10,1.0,3,w1118,m,2,1
39.25,475.59228849321244,101,3.483,4,1.0,3,w1118,m,2,1
147.98,476.59117738210136,102,3.517,155,0.8413793103448276,3,w1118,m,2,1
116.75,477.46117738210137,102,3.517,6,0.993103448275862,3,w1118,m,2,1
114.48,504.62117738210134,102,3.517,10,1.0,3,w1118,m,2,1
40.8,474.8911773821014,102,3.517,4,1.0,3,w1118,m,2,1
25.59,447.94117738210133,102,3.517,247,0.30344827586206896,3,w1118,m,2,1
149.78,475.04082023924417,103,3.552,155,0.8413793103448276,3,w1118,m,2,1
118.42,476.98082023924417,103,3.552,6,0.993103448275862,3,w1118,m,2,1
113.33,504.79082023924417,103,3.552,10,1.0,3,w1118,m,2,1
57.64,436.0008202392442,103,3.552,173,0.7793103448275862,3,w1118,m,2,1
41.48,474.9908202392442,103,3.552,4,1.0,3,w1118,m,2,1
24.44,448.1208202392442,103,3.552,247,0.30344827586206896,3,w1118,m,2,1
154.08,473.3372488106728,104,3.586,155,0.8413793103448276,3,w1118,m,2,1
120.22,476.7372488106728,104,3.586,6,0.993103448275862,3,w1118,m,2,1
112.15,504.56724881067277,104,3.586,10,1.0,3,w1118,m,2,1
57.45,435.7672488106728,104,3.586,173,0.7793103448275862,3,w1118,m,2,1
41.3,474.7672488106728,104,3.586,4,1.0,3,w1118,m,2,1
157.35,473.0286281210176,105,3.621,155,0.8413793103448276,3,w1118,m,2,1
120.52,476.9186281210176,105,3.621,6,0.993103448275862,3,w1118,m,2,1
110.67,504.7986281210176,105,3.621,10,1.0,3,w1118,m,2,1
41.89,474.5986281210176,105,3.621,4,1.0,3,w1118,m,2,1
21.86,447.7286281210176,105,3.621,247,0.30344827586206896,3,w1118,m,2,1
153.29,472.8789729486038,106,3.655,155,0.8413793103448276,3,w1118,m,2,1
119.95,476.7389729486038,106,3.655,6,0.993103448275862,3,w1118,m,2,1
109.88,504.5889729486038,106,3.655,10,1.0,3,w1118,m,2,1
42.2,474.4189729486038,106,3.655,4,1.0,3,w1118,m,2,1
18.18,447.7089729486038,106,3.655,247,0.30344827586206896,3,w1118,m,2,1
155.14,471.75966260377623,107,3.69,155,0.8413793103448276,3,w1118,m,2,1
117.81,476.60966260377626,107,3.69,6,0.993103448275862,3,w1118,m,2,1
108.66,504.6496626037762,107,3.69,10,1.0,3,w1118,m,2,1
43.04,474.50966260377623,107,3.69,4,1.0,3,w1118,m,2,1
17.92,447.68966260377624,107,3.69,247,0.30344827586206896,3,w1118,m,2,1
156.14,472.3526255667392,108,3.724,155,0.8413793103448276,3,w1118,m,2,1
118.94,475.83262556673924,108,3.724,6,0.993103448275862,3,w1118,m,2,1
106.85,504.6826255667392,108,3.724,10,1.0,3,w1118,m,2,1
61.66,435.39262556673924,108,3.724,173,0.7793103448275862,3,w1118,m,2,1
42.16,474.3026255667392,108,3.724,4,1.0,3,w1118,m,2,1
41.38,429.0626255667392,108,3.724,141,0.9103448275862069,3,w1118,m,2,1
31.05,454.6826255667392,108,3.724,230,0.503448275862069,3,w1118,m,2,1
16.98,447.7226255667392,108,3.724,247,0.30344827586206896,3,w1118,m,2,1
4.61,466.96262556673923,108,3.724,5,1.0,3,w1118,m,2,1
158.15,471.70558852970214,109,3.759,155,0.8413793103448276,3,w1118,m,2,1
118.0,475.46558852970213,109,3.759,6,0.993103448275862,3,w1118,m,2,1
105.89,504.65558852970213,109,3.759,10,1.0,3,w1118,m,2,1
61.91,435.82558852970215,109,3.759,173,0.7793103448275862,3,w1118,m,2,1
48.97,474.7955885297021,109,3.759,4,1.0,3,w1118,m,2,1
31.12,454.9855885297021,109,3.759,230,0.503448275862069,3,w1118,m,2,1
15.15,447.50558852970215,109,3.759,247,0.30344827586206896,3,w1118,m,2,1
2.82,467.64558852970214,109,3.759,5,1.0,3,w1118,m,2,1
157.96,470.3563292704429,110,3.793,155,0.8413793103448276,3,w1118,m,2,1
119.7,474.7563292704429,110,3.793,6,0.993103448275862,3,w1118,m,2,1
104.63,504.6963292704429,110,3.793,10,1.0,3,w1118,m,2,1
45.04,475.0663292704429,110,3.793,4,1.0,3,w1118,m,2,1
32.85,456.0263292704429,110,3.793,230,0.503448275862069,3,w1118,m,2,1
13.89,447.5463292704429,110,3.793,247,0.30344827586206896,3,w1118,m,2,1
1.56,467.6863292704429,110,3.793,5,1.0,3,w1118,m,2,1
161.26,470.0466996408133,111,3.828,155,0.8413793103448276,3,w1118,m,2,1
117.51,475.71669964081326,111,3.828,6,0.993103448275862,3,w1118,m,2,1
103.14,504.77669964081326,111,3.828,10,1.0,3,w1118,m,2,1
44.84,475.5566996408133,111,3.828,4,1.0,3,w1118,m,2,1
34.36,456.10669964081325,111,3.828,230,0.503448275862069,3,w1118,m,2,1
12.4,447.6266996408133,111,3.828,247,0.30344827586206896,3,w1118,m,2,1
0.07,467.7666996408133,111,3.828,5,1.0,3,w1118,m,2,1
163.33,469.72299593710954,112,3.862,155,0.8413793103448276,3,w1118,m,2,1
118.35,475.55299593710953,112,3.862,6,0.993103448275862,3,w1118,m,2,1
102.16,504.73299593710954,112,3.862,10,1.0,3,w1118,m,2,1
61.33,434.78299593710955,112,3.862,173,0.7793103448275862,3,w1118,m,2,1
35.43,456.9929959371095,112,3.862,230,0.503448275862069,3,w1118,m,2,1
12.36,447.9429959371096,112,3.862,247,0.30344827586206896,3,w1118,m,2,1
0.91,467.72299593710954,112,3.862,5,1.0,3,w1118,m,2,1
163.95,468.01336630747994,113,3.897,155,0.8413793103448276,3,w1118,m,2,1
118.9,473.82336630747994,113,3.897,6,0.993103448275862,3,w1118,m,2,1
100.67,504.77336630747993,113,3.897,10,1.0,3,w1118,m,2,1
61.74,434.95336630747994,113,3.897,173,0.7793103448275862,3,w1118,m,2,1
10.75,447.9033663074799,113,3.897,247,0.30344827586206896,3,w1118,m,2,1
2.4,467.76336630747994,113,3.897,5,1.0,3,w1118,m,2,1
99.62,504.70521815933176,114,3.931,10,1.0,3,w1118,m,2,1
60.82,435.4352181593318,114,3.931,173,0.7793103448275862,3,w1118,m,2,1
9.71,447.83521815933176,114,3.931,247,0.30344827586206896,3,w1118,m,2,1
3.45,467.6952181593318,114,3.931,5,1.0,3,w1118,m,2,1
117.8,473.05744038155404,115,3.966,6,0.993103448275862,3,w1118,m,2,1
98.47,504.717440381554,115,3.966,10,1.0,3,w1118,m,2,1
61.62,434.917440381554,115,3.966,173,0.7793103448275862,3,w1118,m,2,1
38.83,458.907440381554,115,3.966,230,0.503448275862069,3,w1118,m,2,1
7.71,447.587440381554,115,3.966,247,0.30344827586206896,3,w1118,m,2,1
4.6,467.707440381554,115,3.966,5,1.0,3,w1118,m,2,1
167.48,466.2548477889614,116,4.0,155,0.8413793103448276,3,w1118,m,2,1
118.38,473.1448477889614,116,4.0,6,0.993103448275862,3,w1118,m,2,1
97.17,504.8948477889614,116,4.0,10,1.0,3,w1118,m,2,1
6.41,447.7748477889614,116,4.0,247,0.30344827586206896,3,w1118,m,2,1
5.9,467.8848477889614,116,4.0,5,1.0,3,w1118,m,2,1
168.03,465.1134684786166,117,4.034,155,0.8413793103448276,3,w1118,m,2,1
118.13,473.2234684786166,117,4.034,6,0.993103448275862,3,w1118,m,2,1
95.81,504.8634684786166,117,4.034,10,1.0,3,w1118,m,2,1
50.78,478.7934684786166,117,4.034,4,1.0,3,w1118,m,2,1
5.05,447.7334684786166,117,4.034,247,0.30344827586206896,3,w1118,m,2,1
7.26,467.8534684786166,117,4.034,5,1.0,3,w1118,m,2,1
169.84,464.8731458979714,118,4.069,155,0.8413793103448276,3,w1118,m,2,1
118.8,473.17314589797144,118,4.069,6,0.993103448275862,3,w1118,m,2,1
94.62,504.9031458979714,118,4.069,10,1.0,3,w1118,m,2,1
50.65,478.5931458979714,118,4.069,4,1.0,3,w1118,m,2,1
44.68,461.0431458979714,118,4.069,230,0.503448275862069,3,w1118,m,2,1
3.85,447.7731458979714,118,4.069,247,0.30344827586206896,3,w1118,m,2,1
8.45,467.8931458979714,118,4.069,5,1.0,3,w1118,m,2,1
171.94,464.9415329947456,119,4.103,155,0.8413793103448276,3,w1118,m,2,1
117.12,472.7715329947456,119,4.103,6,0.993103448275862,3,w1118,m,2,1
93.69,504.8915329947456,119,4.103,10,1.0,3,w1118,m,2,1
43.76,461.1815329947456,119,4.103,230,0.503448275862069,3,w1118,m,2,1
2.93,447.7615329947456,119,4.103,247,0.30344827586206896,3,w1118,m,2,1
9.38,467.8815329947456,119,4.103,5,1.0,3,w1118,m,2,1
174.41,462.6073950637111,120,4.138,155,0.8413793103448276,3,w1118,m,2,1
119.57,471.32739506371115,120,4.138,6,0.993103448275862,3,w1118,m,2,1
65.26,434.21739506371114,120,4.138,173,0.7793103448275862,3,w1118,m,2,1
48.57,479.09739506371113,120,4.138,4,1.0,3,w1118,m,2,1
47.47,462.2373950637112,120,4.138,230,0.503448275862069,3,w1118,m,2,1
42.53,434.2273950637111,120,4.138,141,0.9103448275862069,3,w1118,m,2,1
1.58,448.15739506371114,120,4.138,247,0.30344827586206896,3,w1118,m,2,1
13.29,469.82739506371115,120,4.138,5,1.0,3,w1118,m,2,1
176.97,461.17771764435633,121,4.172,155,0.8413793103448276,3,w1118,m,2,1
118.47,471.2077176443563,121,4.172,6,0.993103448275862,3,w1118,m,2,1
65.36,434.3977176443563,121,4.172,173,0.7793103448275862,3,w1118,m,2,1
47.64,479.1277176443563,121,4.172,4,1.0,3,w1118,m,2,1
46.57,462.2877176443563,121,4.172,230,0.503448275862069,3,w1118,m,2,1
42.66,434.23771764435634,121,4.172,141,0.9103448275862069,3,w1118,m,2,1
0.53,448.2777176443563,121,4.172,247,0.30344827586206896,3,w1118,m,2,1
14.34,469.9577176443563,121,4.172,5,1.0,3,w1118,m,2,1
177.96,461.2645926443563,122,4.207,155,0.8413793103448276,3,w1118,m,2,1
119.12,471.3145926443563,122,4.207,6,0.993103448275862,3,w1118,m,2,1
61.24,434.2445926443563,122,4.207,173,0.7793103448275862,3,w1118,m,2,1
48.11,479.2445926443563,122,4.207,4,1.0,3,w1118,m,2,1
48.09,463.1745926443563,122,4.207,230,0.503448275862069,3,w1118,m,2,1
42.35,434.1145926443563,122,4.207,141,0.9103448275862069,3,w1118,m,2,1
0.09,448.2845926443563,122,4.207,247,0.30344827586206896,3,w1118,m,2,1
14.78,469.9545926443563,122,4.207,5,1.0,3,w1118,m,2,1
178.81,461.1945926443563,123,4.241,155,0.8413793103448276,3,w1118,m,2,1
119.15,471.3645926443563,123,4.241,6,0.993103448275862,3,w1118,m,2,1
60.5,434.2945926443563,123,4.241,173,0.7793103448275862,3,w1118,m,2,1
48.26,463.5045926443563,123,4.241,230,0.503448275862069,3,w1118,m,2,1
47.18,479.6345926443563,123,4.241,4,1.0,3,w1118,m,2,1
0.05,448.20459264435635,123,4.241,247,0.30344827586206896,3,w1118,m,2,1
15.74,469.9845926443563,123,4.241,5,1.0,3,w1118,m,2,1
178.66,460.2499051443563,124,4.276,155,0.8413793103448276,3,w1118,m,2,1
120.06,471.4099051443563,124,4.276,6,0.993103448275862,3,w1118,m,2,1
49.24,463.7399051443563,124,4.276,230,0.503448275862069,3,w1118,m,2,1
47.16,479.7899051443563,124,4.276,4,1.0,3,w1118,m,2,1
0.96,448.35990514435633,124,4.276,247,0.30344827586206896,3,w1118,m,2,1
16.75,470.1499051443563,124,4.276,5,1.0,3,w1118,m,2,1
180.72,459.2477839322351,125,4.31,155,0.8413793103448276,3,w1118,m,2,1
120.2,470.5877839322351,125,4.31,6,0.993103448275862,3,w1118,m,2,1
62.23,434.3677839322351,125,4.31,173,0.7793103448275862,3,w1118,m,2,1
50.18,464.4277839322351,125,4.31,230,0.503448275862069,3,w1118,m,2,1
46.2,479.8777839322351,125,4.31,4,1.0,3,w1118,m,2,1
0.94,448.72778393223507,125,4.31,247,0.30344827586206896,3,w1118,m,2,1
17.71,470.2077839322351,125,4.31,5,1.0,3,w1118,m,2,1
178.2,460.6986930231442,126,4.345,155,0.8413793103448276,3,w1118,m,2,1
119.16,470.66869302314416,126,4.345,6,0.993103448275862,3,w1118,m,2,1
87.51,505.71869302314417,126,4.345,10,1.0,3,w1118,m,2,1
62.21,434.4486930231442,126,4.345,173,0.7793103448275862,3,w1118,m,2,1
52.13,465.36869302314415,126,4.345,230,0.503448275862069,3,w1118,m,2,1
45.19,479.98869302314415,126,4.345,4,1.0,3,w1118,m,2,1
1.96,448.80869302314414,126,4.345,247,0.30344827586206896,3,w1118,m,2,1
18.73,470.27869302314417,126,4.345,5,1.0,3,w1118,m,2,1
180.47,459.22486949373246,127,4.379,155,0.8413793103448276,3,w1118,m,2,1
89.2,506.27486949373247,127,4.379,10,1.0,3,w1118,m,2,1
51.7,465.46486949373246,127,4.379,230,0.503448275862069,3,w1118,m,2,1
44.49,479.77486949373247,127,4.379,4,1.0,3,w1118,m,2,1
2.66,448.5748694937324,127,4.379,247,0.30344827586206896,3,w1118,m,2,1
19.43,470.06486949373243,127,4.379,5,1.0,3,w1118,m,2,1
181.6,457.67369302314415,128,4.414,155,0.8413793103448276,3,w1118,m,2,1
124.53,468.53369302314417,128,4.414,6,0.993103448275862,3,w1118,m,2,1
89.62,507.29369302314416,128,4.414,10,1.0,3,w1118,m,2,1
53.81,466.2736930231442,128,4.414,230,0.503448275862069,3,w1118,m,2,1
43.68,479.8736930231442,128,4.414,4,1.0,3,w1118,m,2,1
2.56,448.5836930231442,128,4.414,247,0.30344827586206896,3,w1118,m,2,1
20.23,470.1436930231442,128,4.414,5,1.0,3,w1118,m,2,1
182.32,458.0714073088585,129,4.448,155,0.8413793103448276,3,w1118,m,2,1
124.43,468.74140730885847,129,4.448,6,0.993103448275862,3,w1118,m,2,1
89.09,507.5714073088585,129,4.448,10,1.0,3,w1118,m,2,1
42.39,480.00140730885846,129,4.448,4,1.0,3,w1118,m,2,1
3.76,448.8614073088585,129,4.448,247,0.30344827586206896,3,w1118,m,2,1
21.53,470.3514073088585,129,4.448,5,1.0,3,w1118,m,2,1
184.14,457.914054367682,130,4.483,155,0.8413793103448276,3,w1118,m,2,1
125.17,468.764054367682,130,4.483,6,0.993103448275862,3,w1118,m,2,1
89.1,508.39405436768203,130,4.483,10,1.0,3,w1118,m,2,1
57.2,468.414054367682,130,4.483,230,0.503448275862069,3,w1118,m,2,1
41.24,480.08405436768203,130,4.483,4,1.0,3,w1118,m,2,1
4.9,448.654054367682,130,4.483,247,0.30344827586206896,3,w1118,m,2,1
22.68,470.434054367682,130,4.483,5,1.0,3,w1118,m,2,1
184.49,457.6906257962534,131,4.517,155,0.8413793103448276,3,w1118,m,2,1
125.51,467.9406257962534,131,4.517,6,0.993103448275862,3,w1118,m,2,1
89.37,508.5606257962534,131,4.517,10,1.0,3,w1118,m,2,1
57.52,468.92062579625343,131,4.517,230,0.503448275862069,3,w1118,m,2,1
48.44,439.78062579625345,131,4.517,141,0.9103448275862069,3,w1118,m,2,1
40.51,480.26062579625346,131,4.517,4,1.0,3,w1118,m,2,1
3.87,447.9906257962534,131,4.517,247,0.30344827586206896,3,w1118,m,2,1
23.41,470.61062579625343,131,4.517,5,1.0,3,w1118,m,2,1
229.89,442.52729246292006,132,4.552,260,0.19310344827586207,3,w1118,m,2,1
187.69,456.0672924629201,132,4.552,155,0.8413793103448276,3,w1118,m,2,1
121.76,468.1972924629201,132,4.552,6,0.993103448275862,3,w1118,m,2,1
68.52,433.54729246292004,132,4.552,173,0.7793103448275862,3,w1118,m,2,1
58.69,469.83729246292006,132,4.552,230,0.503448275862069,3,w1118,m,2,1
49.67,440.60729246292004,132,4.552,141,0.9103448275862069,3,w1118,m,2,1
38.67,480.14729246292006,132,4.552,4,1.0,3,w1118,m,2,1
5.48,447.8172924629201,132,4.552,247,0.30344827586206896,3,w1118,m,2,1
24.11,470.08729246292006,132,4.552,5,1.0,3,w1118,m,2,1
229.2,442.0186257962534,133,4.586,260,0.19310344827586207,3,w1118,m,2,1
189.79,456.0786257962534,133,4.586,155,0.8413793103448276,3,w1118,m,2,1
121.9,468.1286257962534,133,4.586,6,0.993103448275862,3,w1118,m,2,1
64.19,433.6886257962534,133,4.586,173,0.7793103448275862,3,w1118,m,2,1
58.92,470.7886257962534,133,4.586,230,0.503448275862069,3,w1118,m,2,1
50.0,440.9186257962534,133,4.586,141,0.9103448275862069,3,w1118,m,2,1
38.06,480.1486257962534,133,4.586,4,1.0,3,w1118,m,2,1
5.3,447.71862579625343,133,4.586,247,0.30344827586206896,3,w1118,m,2,1
24.85,470.1286257962534,133,4.586,5,1.0,3,w1118,m,2,1
228.45,441.4416257962534,134,4.621,260,0.19310344827586207,3,w1118,m,2,1
190.76,456.2816257962534,134,4.621,155,0.8413793103448276,3,w1118,m,2,1
121.86,468.3816257962534,134,4.621,6,0.993103448275862,3,w1118,m,2,1
64.19,433.89162579625344,134,4.621,173,0.7793103448275862,3,w1118,m,2,1
49.8,441.2016257962534,134,4.621,141,0.9103448275862069,3,w1118,m,2,1
36.89,480.3216257962534,134,4.621,4,1.0,3,w1118,m,2,1
26.02,470.3016257962534,134,4.621,5,1.0,3,w1118,m,2,1
227.33,440.18095912958677,135,4.655,260,0.19310344827586207,3,w1118,m,2,1
190.43,455.9209591295868,135,4.655,155,0.8413793103448276,3,w1118,m,2,1
121.7,468.40095912958674,135,4.655,6,0.993103448275862,3,w1118,m,2,1
68.53,434.31095912958676,135,4.655,173,0.7793103448275862,3,w1118,m,2,1
50.7,442.9209591295868,135,4.655,141,0.9103448275862069,3,w1118,m,2,1
35.74,480.40095912958674,135,4.655,4,1.0,3,w1118,m,2,1
4.09,445.52095912958674,135,4.655,247,0.30344827586206896,3,w1118,m,2,1
27.17,470.38095912958676,135,4.655,5,1.0,3,w1118,m,2,1
226.13,439.713028095104,136,4.69,260,0.19310344827586207,3,w1118,m,2,1
191.41,455.073028095104,136,4.69,155,0.8413793103448276,3,w1118,m,2,1
122.38,468.353028095104,136,4.69,6,0.993103448275862,3,w1118,m,2,1
51.55,443.003028095104,136,4.69,141,0.9103448275862069,3,w1118,m,2,1
34.59,480.49302809510397,136,4.69,4,1.0,3,w1118,m,2,1
4.25,445.353028095104,136,4.69,247,0.30344827586206896,3,w1118,m,2,1
28.32,470.473028095104,136,4.69,5,1.0,3,w1118,m,2,1
225.12,438.9188901640695,137,4.724,260,0.19310344827586207,3,w1118,m,2,1
191.42,455.2388901640695,137,4.724,155,0.8413793103448276,3,w1118,m,2,1
121.61,468.3688901640695,137,4.724,6,0.993103448275862,3,w1118,m,2,1
51.28,443.0488901640695,137,4.724,141,0.9103448275862069,3,w1118,m,2,1
33.49,480.4688901640695,137,4.724,4,1.0,3,w1118,m,2,1
3.38,444.5888901640695,137,4.724,247,0.30344827586206896,3,w1118,m,2,1
29.42,470.4488901640695,137,4.724,5,1.0,3,w1118,m,2,1
193.69,455.744752233035,138,4.759,155,0.8413793103448276,3,w1118,m,2,1
122.08,467.434752233035,138,4.759,6,0.993103448275862,3,w1118,m,2,1
51.95,443.70475223303504,138,4.759,141,0.9103448275862069,3,w1118,m,2,1
32.98,480.684752233035,138,4.759,4,1.0,3,w1118,m,2,1
2.84,444.484752233035,138,4.759,247,0.30344827586206896,3,w1118,m,2,1
29.93,470.664752233035,138,4.759,5,1.0,3,w1118,m,2,1
194.05,455.59716602613844,139,4.793,155,0.8413793103448276,3,w1118,m,2,1
123.1,466.4871660261385,139,4.793,6,0.993103448275862,3,w1118,m,2,1
64.05,475.58716602613845,139,4.793,230,0.503448275862069,3,w1118,m,2,1
51.16,443.77716602613845,139,4.793,141,0.9103448275862069,3,w1118,m,2,1
32.1,480.84716602613844,139,4.793,4,1.0,3,w1118,m,2,1
2.73,444.64716602613845,139,4.793,247,0.30344827586206896,3,w1118,m,2,1
30.81,470.82716602613846,139,4.793,5,1.0,3,w1118,m,2,1
222.42,435.92329505839655,140,4.828,260,0.19310344827586207,3,w1118,m,2,1
193.48,454.65329505839657,140,4.828,155,0.8413793103448276,3,w1118,m,2,1
123.73,465.8332950583966,140,4.828,6,0.993103448275862,3,w1118,m,2,1
64.63,475.61329505839655,140,4.828,230,0.503448275862069,3,w1118,m,2,1
30.7,480.87329505839654,140,4.828,4,1.0,3,w1118,m,2,1
32.21,470.85329505839655,140,4.828,5,1.0,3,w1118,m,2,1
221.36,435.69423255839655,141,4.862,260,0.19310344827586207,3,w1118,m,2,1
200.0,454.5242325583966,141,4.862,155,0.8413793103448276,3,w1118,m,2,1
124.66,465.9142325583966,141,4.862,6,0.993103448275862,3,w1118,m,2,1
63.65,476.1542325583966,141,4.862,230,0.503448275862069,3,w1118,m,2,1
54.4,445.9142325583966,141,4.862,141,0.9103448275862069,3,w1118,m,2,1
29.63,480.95423255839654,141,4.862,4,1.0,3,w1118,m,2,1
33.28,470.93423255839656,141,4.862,5,1.0,3,w1118,m,2,1
220.77,435.8614200583965,142,4.897,260,0.19310344827586207,3,w1118,m,2,1
200.12,455.19142005839655,142,4.897,155,0.8413793103448276,3,w1118,m,2,1
125.67,465.9614200583965,142,4.897,6,0.993103448275862,3,w1118,m,2,1
64.8,477.25142005839655,142,4.897,230,0.503448275862069,3,w1118,m,2,1
53.66,445.9714200583965,142,4.897,141,0.9103448275862069,3,w1118,m,2,1
28.75,481.1114200583965,142,4.897,4,1.0,3,w1118,m,2,1
0.61,441.95142005839654,142,4.897,247,0.30344827586206896,3,w1118,m,2,1
34.16,471.0914200583965,142,4.897,5,1.0,3,w1118,m,2,1
219.87,433.9351700583965,143,4.931,260,0.19310344827586207,3,w1118,m,2,1
200.31,455.27517005839655,143,4.931,155,0.8413793103448276,3,w1118,m,2,1
125.61,465.48517005839653,143,4.931,6,0.993103448275862,3,w1118,m,2,1
67.82,433.26517005839656,143,4.931,173,0.7793103448275862,3,w1118,m,2,1
66.59,477.8051700583965,143,4.931,230,0.503448275862069,3,w1118,m,2,1
27.7,481.3051700583965,143,4.931,4,1.0,3,w1118,m,2,1
35.21,471.28517005839655,143,4.931,5,1.0,3,w1118,m,2,1
199.39,454.8741355756379,144,4.966,155,0.8413793103448276,3,w1118,m,2,1
124.61,465.2741355756379,144,4.966,6,0.993103448275862,3,w1118,m,2,1
71.21,478.3541355756379,144,4.966,230,0.503448275862069,3,w1118,m,2,1
66.82,433.2141355756379,144,4.966,173,0.7793103448275862,3,w1118,m,2,1
54.25,447.4441355756379,144,4.966,141,0.9103448275862069,3,w1118,m,2,1
26.39,481.4741355756379,144,4.966,4,1.0,3,w1118,m,2,1
3.54,440.3141355756379,144,4.966,247,0.30344827586206896,3,w1118,m,2,1
37.44,471.9641355756379,144,4.966,5,1.0,3,w1118,m,2,1
