y,x,mass,size,ecc,signal,raw_mass,ep,frame,t,True_particle,particle,track_completeness,vial
113.37,418.82,576,1.757,0.274,51.67,576,0.0,0,0.0,True,0,0.496551724137931,3.0
336.43,121.97,675,1.807,0.235,52.78,675,0.0,0,0.0,True,1,1.0,1.0
342.02,107.66,755,1.814,0.329,55.21,755,0.0,0,0.0,True,2,1.0,1.0
341.7,79.0,797,1.845,0.101,53.88,797,0.0,0,0.0,True,3,0.35172413793103446,1.0
339.65,494.52,706,1.787,0.139,56.31,706,0.0,0,0.0,True,4,1.0,3.0
340.07,481.03,757,1.826,0.395,54.55,757,0.0,0,0.0,True,5,1.0,3.0
318.35,507.27,591,1.807,0.191,44.39,591,0.0,0,0.0,True,6,0.993103448275862,3.0
331.06,421.85,724,1.863,0.361,54.55,724,0.0,0,0.0,True,7,0.16551724137931034,3.0
331.18,267.05,634,1.818,0.237,47.04,634,0.0,0,0.0,True,8,0.5586206896551724,2.0
319.88,93.92,730,1.875,0.199,49.25,730,0.0,0,0.0,True,9,1.0,1.0
313.06,499.67,649,1.885,0.293,44.61,649,0.0,0,0.0,True,10,1.0,3.0
304.08,82.91,781,1.9,0.286,51.45,781,0.0,0,0.0,True,11,1.0,1.0
344.04,302.72,475,1.746,0.515,41.07,475,0.0,0,0.0,False,12,0.15862068965517243,0.0
343.92,129.86,588,1.751,0.449,49.02,588,0.0,0,0.0,True,13,0.1793103448275862,1.0
353.19,275.87,482,1.736,0.331,39.09,482,0.0,0,0.0,False,14,0.08275862068965517,0.0
339.07,445.11,868,1.913,0.244,52.12,868,0.0,0,0.0,True,15,0.6275862068965518,3.0
349.0,66.96,449,1.812,0.349,35.77,449,0.0,0,0.0,False,16,1.0,0.0
347.19,462.88,671,1.868,0.355,44.61,671,0.0,0,0.0,True,17,0.4413793103448276,3.0
362.02,79.9,247,1.826,0.269,18.33,247,0.0,0,0.0,False,18,0.06206896551724138,0.0
360.91,272.12,257,1.761,0.341,20.54,257,0.0,0,0.0,False,19,0.4896551724137931,0.0
355.37,464.57,257,1.797,0.429,21.42,257,0.0,0,0.0,False,20,0.034482758620689655,0.0
352.84,287.04,416,1.877,0.476,29.59,416,0.0,0,0.0,False,21,0.13793103448275862,0.0
351.72,240.01,502,1.87,0.446,35.55,502,0.0,0,0.0,False,22,0.9862068965517241,0.0
359.56,67.54,243,1.782,0.229,20.32,243,0.0,0,0.0,False,23,0.22758620689655173,0.0
351.12,121.43,552,1.722,0.192,44.83,552,0.0,0,0.0,True,24,0.07586206896551724,1.0
351.19,307.23,492,1.894,0.064,32.9,492,0.0,0,0.0,False,25,0.35172413793103446,0.0
348.96,494.8,217,1.778,0.171,17.67,217,0.0,0,0.0,False,26,0.041379310344827586,0.0
349.18,449.51,371,1.759,0.513,34.01,371,0.0,0,0.0,False,27,0.22758620689655173,0.0
348.69,327.21,371,1.874,0.049,23.19,371,0.0,0,0.0,False,28,0.9793103448275862,0.0
351.87,105.79,539,1.848,0.469,41.07,539,0.0,0,0.0,False,29,0.41379310344827586,0.0
112.96766666666666,419.421,593,1.772,0.304,51.39,593,0.0,1,0.034,True,0,0.496551724137931,3.0
340.55766666666665,121.661,712,1.864,0.212,48.46,712,0.0,1,0.034,True,1,1.0,1.0
343.65766666666667,106.081,684,1.849,0.218,48.23,684,0.0,1,0.034,True,2,1.0,1.0
339.72766666666666,79.301,725,1.907,0.205,44.63,725,0.0,1,0.034,True,3,0.35172413793103446,1.0
336.63766666666663,494.791,727,1.857,0.31,54.54,727,0.0,1,0.034,True,4,1.0,3.0
340.4576666666666,479.82099999999997,743,1.775,0.357,57.47,743,0.0,1,0.034,True,5,1.0,3.0
316.7676666666666,507.961,612,1.879,0.123,40.12,612,0.0,1,0.034,False,6,0.993103448275862,0.0
330.47766666666666,421.861,581,1.768,0.289,51.61,581,0.0,1,0.034,True,7,0.16551724137931034,3.0
330.86766666666665,267.14099999999996,642,1.903,0.215,41.92,642,0.0,1,0.034,False,8,0.5586206896551724,0.0
317.7176666666666,94.511,715,1.902,0.265,47.56,715,0.0,1,0.034,True,9,1.0,1.0
308.90766666666667,499.561,556,1.779,0.317,46.65,556,0.0,1,0.034,True,10,1.0,3.0
301.7676666666666,83.271,740,1.912,0.313,49.13,740,0.0,1,0.034,True,11,1.0,1.0
343.93766666666664,306.211,506,1.803,0.502,43.72,506,0.0,1,0.034,True,12,0.15862068965517243,2.0
344.7176666666666,131.39100000000002,575,1.778,0.502,48.01,575,0.0,1,0.034,True,13,0.1793103448275862,1.0
353.98766666666666,275.431,465,1.794,0.304,35.61,465,0.0,1,0.034,False,14,0.08275862068965517,0.0
339.66766666666666,445.45099999999996,818,1.943,0.05,44.85,818,0.0,1,0.034,True,15,0.6275862068965518,3.0
349.54766666666666,66.771,471,1.806,0.313,37.19,471,0.0,1,0.034,False,16,1.0,0.0
348.13766666666663,458.751,629,1.827,0.349,47.11,629,0.0,1,0.034,True,17,0.4413793103448276,3.0
362.60766666666666,80.671,231,1.74,0.273,20.28,231,0.0,1,0.034,False,18,0.06206896551724138,0.0
361.10766666666666,271.751,284,1.768,0.335,22.54,284,0.0,1,0.034,False,19,0.4896551724137931,0.0
355.87766666666664,462.311,250,1.852,0.493,19.61,250,0.0,1,0.034,False,20,0.034482758620689655,0.0
353.11766666666665,286.561,428,1.86,0.374,31.1,428,0.0,1,0.034,False,21,0.13793103448275862,0.0
351.79766666666666,240.471,456,1.893,0.379,29.53,456,0.0,1,0.034,False,22,0.9862068965517241,0.0
359.69766666666663,67.70100000000001,287,1.803,0.23,19.83,287,0.0,1,0.034,False,23,0.22758620689655173,0.0
351.61766666666665,122.771,601,1.82,0.297,40.79,601,0.0,1,0.034,False,24,0.07586206896551724,0.0
351.86766666666665,308.671,517,1.956,0.112,30.43,517,0.0,1,0.034,False,25,0.35172413793103446,0.0
350.90766666666667,494.76099999999997,147,1.786,0.316,12.4,147,0.0,1,0.034,False,26,0.041379310344827586,0.0
349.62766666666664,446.58099999999996,507,1.853,0.569,39.44,507,0.0,1,0.034,False,27,0.22758620689655173,0.0
349.22766666666666,328.191,331,1.79,0.062,26.14,331,0.0,1,0.034,False,28,0.9793103448275862,0.0
352.72766666666666,106.391,526,1.785,0.49,45.75,526,0.0,1,0.034,True,29,0.41379310344827586,1.0
12.957666666666661,438.601,211,1.853,0.566,17.35,211,0.0,1,0.034,False,30,0.041379310344827586,0.0
13.987666666666662,506.531,151,1.792,0.459,12.62,151,0.0,1,0.034,False,31,0.1103448275862069,0.0
17.74766666666666,310.651,131,1.814,0.52,10.37,131,0.0,1,0.034,False,34,0.020689655172413793,0.0
19.697666666666663,211.561,200,1.78,0.561,18.26,200,0.0,1,0.034,False,35,0.07586206896551724,0.0
20.86766666666666,525.3810000000001,137,1.661,0.517,15.33,137,0.0,1,0.034,False,36,0.15172413793103448,0.0
350.7176666666666,97.561,516,1.894,0.554,38.99,516,0.0,1,0.034,False,40,0.06896551724137931,0.0
361.25766666666664,123.281,280,1.821,0.223,23.67,280,0.0,1,0.034,False,41,0.20689655172413793,0.0
111.90294444444444,419.5487777777778,581,1.718,0.222,51.3,581,0.0,2,0.069,True,0,0.496551724137931,3.0
333.8329444444445,122.52877777777779,591,1.806,0.233,45.7,591,0.0,2,0.069,True,1,1.0,1.0
343.4629444444445,106.5387777777778,840,1.895,0.16,50.66,840,0.0,2,0.069,True,2,1.0,1.0
337.4529444444445,78.60877777777779,713,1.896,0.258,46.78,713,0.0,2,0.069,True,3,0.35172413793103446,1.0
336.30294444444445,494.69877777777776,700,1.835,0.289,54.97,700,0.0,2,0.069,True,4,1.0,3.0
341.37294444444444,478.4787777777778,696,1.791,0.456,54.54,696,0.0,2,0.069,True,5,1.0,3.0
315.47294444444447,507.6887777777778,632,1.899,0.136,39.88,632,0.0,2,0.069,False,6,0.993103448275862,0.0
328.09294444444447,421.8087777777778,536,1.753,0.277,49.15,536,0.0,2,0.069,True,7,0.16551724137931034,3.0
331.23294444444446,265.5587777777778,628,1.889,0.182,40.96,628,0.0,2,0.069,False,8,0.5586206896551724,0.0
311.76294444444443,94.9787777777778,591,1.801,0.195,46.56,591,0.0,2,0.069,True,9,1.0,1.0
306.67294444444445,499.5387777777778,552,1.823,0.335,44.19,552,0.0,2,0.069,True,10,1.0,3.0
299.67294444444445,83.32877777777779,702,1.866,0.316,50.23,702,0.0,2,0.069,True,11,1.0,1.0
344.25294444444444,307.4387777777778,699,1.873,0.514,51.74,699,0.0,2,0.069,True,12,0.15862068965517243,2.0
345.47294444444447,133.39877777777778,602,1.762,0.548,53.68,602,0.0,2,0.069,True,13,0.1793103448275862,1.0
354.53294444444447,275.0587777777778,377,1.71,0.297,33.41,377,0.0,2,0.069,False,14,0.08275862068965517,0.0
342.25294444444444,450.4287777777778,592,1.797,0.518,49.36,592,0.0,2,0.069,True,15,0.6275862068965518,3.0
350.32294444444443,67.1487777777778,419,1.761,0.311,34.71,419,0.0,2,0.069,False,16,1.0,0.0
348.74294444444445,456.5987777777778,650,1.817,0.436,51.3,650,0.0,2,0.069,True,17,0.4413793103448276,3.0
363.38294444444443,80.52877777777779,276,1.71,0.317,24.14,276,0.0,2,0.069,False,18,0.06206896551724138,0.0
353.55294444444445,286.5187777777778,436,1.813,0.488,34.27,436,0.0,2,0.069,False,21,0.13793103448275862,0.0
351.72294444444447,240.3887777777778,403,1.861,0.306,27.59,403,0.0,2,0.069,False,22,0.9862068965517241,0.0
359.68294444444444,68.29877777777779,259,1.818,0.192,17.46,259,0.0,2,0.069,False,23,0.22758620689655173,0.0
352.53294444444447,123.23877777777778,572,1.747,0.301,45.48,572,0.0,2,0.069,True,24,0.07586206896551724,1.0
352.00294444444444,309.62877777777777,499,1.898,0.222,33.63,499,0.0,2,0.069,False,25,0.35172413793103446,0.0
352.5229444444445,494.8587777777778,149,1.81,0.128,11.86,149,0.0,2,0.069,False,26,0.041379310344827586,0.0
349.74294444444445,446.3887777777778,530,1.892,0.49,37.94,530,0.0,2,0.069,False,27,0.22758620689655173,0.0
349.41294444444446,328.0287777777778,328,1.754,0.058,25.87,328,0.0,2,0.069,False,28,0.9793103448275862,0.0
353.1429444444445,106.40877777777779,530,1.838,0.433,40.31,530,0.0,2,0.069,False,29,0.41379310344827586,0.0
14.822944444444442,506.0187777777778,147,1.767,0.439,12.72,147,0.0,2,0.069,False,31,0.1103448275862069,0.0
20.38294444444444,210.67877777777778,148,1.753,0.567,14.66,148,0.1,2,0.069,False,35,0.07586206896551724,0.0
21.642944444444442,525.1287777777778,120,1.54,0.441,14.87,120,0.1,2,0.069,False,36,0.15172413793103448,0.0
350.87294444444444,94.57877777777779,528,1.856,0.5,42.68,528,0.0,2,0.069,True,40,0.06896551724137931,1.0
362.13294444444443,123.5087777777778,254,1.782,0.326,23.5,254,0.0,2,0.069,False,41,0.20689655172413793,0.0
6.862944444444443,150.4787777777778,104,1.814,0.232,7.54,104,0.1,2,0.069,False,45,0.041379310344827586,0.0
6.822944444444443,31.348777777777784,137,1.647,0.462,15.3,137,0.1,2,0.069,False,46,0.041379310344827586,0.0
17.072944444444442,414.2687777777778,120,1.641,0.261,11.42,120,0.0,2,0.069,False,48,0.034482758620689655,0.0
22.84294444444444,593.3287777777778,101,1.733,0.485,9.7,101,0.1,2,0.069,False,49,0.04827586206896552,0.0
20.672944444444443,400.3687777777778,151,1.873,0.569,11.86,151,0.0,2,0.069,False,52,0.11724137931034483,0.0
16.302944444444442,200.2987777777778,173,1.789,0.183,14.66,173,0.0,2,0.069,False,53,0.020689655172413793,0.0
26.22294444444444,220.6287777777778,131,1.742,0.268,10.78,131,0.0,2,0.069,False,54,0.06896551724137931,0.0
21.732944444444442,777.3887777777778,134,1.687,0.386,11.64,134,0.1,2,0.069,False,55,0.041379310344827586,0.0
16.832944444444443,532.8087777777778,168,1.764,0.427,15.95,168,0.0,2,0.069,False,56,0.041379310344827586,0.0
38.49294444444444,36.24877777777778,107,1.761,0.162,9.27,107,0.0,2,0.069,False,57,0.07586206896551724,0.0
344.9629444444445,46.63877777777778,171,1.795,0.399,16.38,171,0.0,2,0.069,False,63,0.06896551724137931,0.0
344.42294444444445,568.4287777777778,117,1.884,0.605,9.05,117,0.0,2,0.069,False,69,0.05517241379310345,0.0
344.54294444444446,587.3687777777778,142,1.837,0.603,12.5,142,0.0,2,0.069,False,70,0.034482758620689655,0.0
344.48294444444446,600.4487777777778,144,1.877,0.619,11.86,144,0.0,2,0.069,False,71,0.041379310344827586,0.0
344.12294444444444,647.3587777777778,117,1.905,0.494,8.62,117,0.0,2,0.069,False,72,0.11724137931034483,0.0
344.6529444444445,434.1087777777778,178,1.652,0.498,19.62,178,0.0,2,0.069,False,75,0.2482758620689655,0.0
344.97294444444447,284.44877777777776,205,1.915,0.541,16.17,205,0.0,2,0.069,False,81,0.1310344827586207,0.0
364.44294444444444,490.3287777777778,115,1.702,0.442,10.78,115,0.0,2,0.069,False,82,0.09655172413793103,0.0
376.5829444444445,17.968777777777785,157,1.662,0.225,15.95,157,0.0,2,0.069,False,87,0.06206896551724138,0.0
376.35294444444446,582.7787777777778,185,1.526,0.073,20.26,185,0.0,2,0.069,False,90,0.06896551724137931,0.0
111.75389682539682,420.1133015873016,611,1.766,0.293,50.85,611,0.0,3,0.103,True,0,0.496551724137931,3.0
333.00389682539685,123.3933015873016,573,1.771,0.172,46.54,573,0.0,3,0.103,True,1,1.0,1.0
344.42389682539687,107.02330158730159,858,1.87,0.158,54.51,858,0.0,3,0.103,True,2,1.0,1.0
337.36389682539686,79.3933015873016,673,1.899,0.226,43.95,673,0.0,3,0.103,True,3,0.35172413793103446,1.0
335.52389682539683,494.81330158730157,699,1.898,0.349,49.13,699,0.0,3,0.103,True,4,1.0,3.0
342.57389682539684,477.4933015873016,600,1.735,0.508,54.94,600,0.0,3,0.103,True,5,1.0,3.0
313.6638968253968,508.94330158730156,583,1.881,0.155,36.84,583,0.0,3,0.103,False,6,0.993103448275862,0.0
326.19389682539685,422.46330158730154,540,1.766,0.273,48.7,540,0.0,3,0.103,True,7,0.16551724137931034,3.0
325.67389682539687,264.1033015873016,684,1.898,0.319,44.6,684,0.0,3,0.103,True,8,0.5586206896551724,2.0
312.7938968253968,96.0333015873016,592,1.804,0.318,46.54,592,0.0,3,0.103,True,9,1.0,1.0
305.7838968253968,499.89330158730155,525,1.79,0.329,43.74,525,0.0,3,0.103,True,10,1.0,3.0
298.6538968253968,84.0633015873016,694,1.875,0.341,49.13,694,0.0,3,0.103,True,11,1.0,1.0
345.27389682539683,311.9133015873016,599,1.827,0.492,48.26,599,0.0,3,0.103,True,12,0.15862068965517243,2.0
346.6538968253968,134.9433015873016,472,1.703,0.493,44.82,472,0.0,3,0.103,True,13,0.1793103448275862,1.0
353.89389682539684,270.32330158730156,536,1.856,0.18,35.12,536,0.0,3,0.103,False,14,0.08275862068965517,0.0
337.89389682539684,446.2833015873016,590,1.736,0.27,52.57,590,0.0,3,0.103,True,15,0.6275862068965518,3.0
351.19389682539685,67.1233015873016,406,1.771,0.284,33.4,406,0.0,3,0.103,False,16,1.0,0.0
350.38389682539685,457.88330158730156,655,1.83,0.496,49.77,655,0.0,3,0.103,True,17,0.4413793103448276,3.0
364.58389682539683,81.94330158730159,243,1.653,0.272,22.41,243,0.0,3,0.103,False,18,0.06206896551724138,0.0
362.98389682539687,272.07330158730156,257,1.815,0.401,21.12,257,0.0,3,0.103,False,19,0.4896551724137931,0.0
355.25389682539685,287.9933015873016,430,1.876,0.458,30.81,430,0.0,3,0.103,False,21,0.13793103448275862,0.0
352.45389682539684,240.3233015873016,382,1.9,0.302,25.86,382,0.0,3,0.103,False,22,0.9862068965517241,0.0
361.55389682539686,68.08330158730159,284,1.836,0.165,19.18,284,0.0,3,0.103,False,23,0.22758620689655173,0.0
354.39389682539684,125.2933015873016,584,1.742,0.301,46.54,584,0.0,3,0.103,True,24,0.07586206896551724,1.0
354.6038968253968,310.06330158730157,504,1.924,0.204,29.3,504,0.0,3,0.103,False,25,0.35172413793103446,0.0
351.63389682539685,446.1133015873016,452,1.877,0.527,33.83,452,0.0,3,0.103,False,27,0.22758620689655173,0.0
350.32389682539684,328.20330158730155,432,1.792,0.167,30.6,432,0.0,3,0.103,False,28,0.9793103448275862,0.0
353.45389682539684,103.27330158730159,502,1.774,0.464,41.8,502,0.0,3,0.103,False,29,0.41379310344827586,0.0
11.923896825396826,210.9433015873016,196,1.642,0.33,19.82,196,0.0,3,0.103,False,35,0.07586206896551724,0.0
352.68389682539686,93.97330158730159,604,1.767,0.476,51.5,604,0.0,3,0.103,True,40,0.06896551724137931,1.0
362.5338968253968,126.7433015873016,276,1.913,0.241,16.59,276,0.0,3,0.103,False,41,0.20689655172413793,0.0
13.453896825396825,142.2433015873016,147,1.526,0.428,17.02,147,0.0,3,0.103,False,45,0.041379310344827586,0.0
13.233896825396826,402.75330158730156,196,1.543,0.358,22.19,196,0.0,3,0.103,False,52,0.11724137931034483,0.0
15.033896825396825,200.1733015873016,130,1.744,0.232,13.14,130,0.0,3,0.103,False,53,0.020689655172413793,0.0
27.123896825396827,221.8733015873016,117,1.722,0.282,9.91,117,0.0,3,0.103,False,54,0.06896551724137931,0.0
17.783896825396823,533.9633015873015,184,1.643,0.35,17.67,184,0.0,3,0.103,False,56,0.041379310344827586,0.0
39.453896825396825,36.89330158730159,107,1.773,0.199,9.05,107,0.0,3,0.103,False,57,0.07586206896551724,0.0
347.21389682539683,46.3033015873016,102,1.751,0.263,8.83,102,0.0,3,0.103,False,63,0.06896551724137931,0.0
377.6038968253968,18.683301587301592,135,1.648,0.231,13.79,135,0.0,3,0.103,False,87,0.06206896551724138,0.0
377.58389682539683,583.3333015873015,174,1.532,0.175,18.75,174,0.0,3,0.103,False,90,0.06896551724137931,0.0
12.313896825396826,326.1033015873016,160,1.705,0.608,17.88,160,0.0,3,0.103,False,93,0.09655172413793103,0.0
192.07389682539682,44.563301587301595,135,1.782,0.249,13.57,135,0.0,3,0.103,False,96,0.14482758620689656,0.0
361.18389682539686,241.3033015873016,131,1.756,0.599,12.71,131,0.0,3,0.103,False,98,0.16551724137931034,0.0
110.7613253968254,420.1115873015873,666,1.801,0.351,53.97,666,0.0,4,0.138,True,0,0.496551724137931,3.0
336.5413253968254,122.6115873015873,706,1.901,0.179,45.62,706,0.0,4,0.138,True,1,1.0,1.0
344.5613253968254,107.0215873015873,794,1.865,0.147,52.25,794,0.0,4,0.138,True,2,1.0,1.0
331.9713253968254,79.0815873015873,585,1.807,0.259,44.33,585,0.0,4,0.138,True,3,0.35172413793103446,1.0
332.7513253968254,494.3615873015873,666,1.899,0.328,47.33,666,0.0,4,0.138,True,4,1.0,3.0
342.8513253968254,477.0515873015873,732,1.869,0.513,54.61,732,0.0,4,0.138,True,5,1.0,3.0
311.8213253968254,508.4015873015873,558,1.853,0.21,39.83,558,0.0,4,0.138,False,6,0.993103448275862,0.0
322.5713253968254,422.8115873015873,583,1.809,0.324,47.54,583,0.0,4,0.138,True,7,0.16551724137931034,3.0
323.7413253968254,263.08158730158726,721,1.938,0.291,43.05,721,0.0,4,0.138,True,8,0.5586206896551724,2.0
311.0413253968254,96.2615873015873,582,1.794,0.27,47.33,582,0.0,4,0.138,True,9,1.0,1.0
305.6013253968254,499.6615873015873,619,1.904,0.29,42.83,619,0.0,4,0.138,True,10,1.0,3.0
298.64132539682544,84.2115873015873,744,1.898,0.252,48.19,744,0.0,4,0.138,True,11,1.0,1.0
345.4013253968254,314.8815873015873,512,1.793,0.477,43.47,512,0.0,4,0.138,True,12,0.15862068965517243,2.0
355.0113253968254,270.0615873015873,580,1.872,0.32,40.26,580,0.0,4,0.138,False,14,0.08275862068965517,0.0
338.5713253968254,446.0715873015873,673,1.834,0.333,52.68,673,0.0,4,0.138,True,15,0.6275862068965518,3.0
351.52132539682543,66.70158730158731,447,1.786,0.26,36.19,447,0.0,4,0.138,False,16,1.0,0.0
350.58132539682543,457.8815873015873,654,1.818,0.497,50.54,654,0.0,4,0.138,True,17,0.4413793103448276,3.0
358.5413253968254,458.9615873015873,302,1.803,0.48,24.41,302,0.0,4,0.138,False,20,0.034482758620689655,0.0
355.5113253968254,286.9115873015873,409,1.889,0.454,28.27,409,0.0,4,0.138,False,21,0.13793103448275862,0.0
352.6813253968254,240.08158730158732,361,1.888,0.36,24.84,361,0.0,4,0.138,False,22,0.9862068965517241,0.0
361.7313253968254,67.2215873015873,259,1.768,0.067,19.7,259,0.0,4,0.138,False,23,0.22758620689655173,0.0
355.2013253968254,127.28158730158731,645,1.782,0.291,50.54,645,0.0,4,0.138,True,24,0.07586206896551724,1.0
356.3213253968254,309.9715873015873,424,1.857,0.216,29.55,424,0.0,4,0.138,False,25,0.35172413793103446,0.0
356.6913253968254,494.2215873015873,126,1.807,0.12,9.64,126,0.0,4,0.138,False,26,0.041379310344827586,0.0
352.6113253968254,446.0715873015873,421,1.874,0.413,29.98,421,0.0,4,0.138,False,27,0.22758620689655173,0.0
350.1713253968254,326.1015873015873,443,1.819,0.276,33.41,443,0.0,4,0.138,False,28,0.9793103448275862,0.0
353.9813253968254,103.5015873015873,442,1.731,0.413,38.98,442,0.0,4,0.138,False,29,0.41379310344827586,0.0
19.871325396825398,310.2915873015873,106,1.696,0.444,10.07,106,0.0,4,0.138,False,34,0.020689655172413793,0.0
12.341325396825397,211.0915873015873,121,1.603,0.225,12.64,121,0.0,4,0.138,False,35,0.07586206896551724,0.0
22.5413253968254,526.0115873015874,108,1.566,0.403,12.85,108,0.0,4,0.138,False,36,0.15172413793103448,0.0
353.77132539682543,89.81158730158731,594,1.771,0.541,52.9,594,0.0,4,0.138,True,40,0.06896551724137931,1.0
13.621325396825396,142.14158730158732,111,1.404,0.389,14.78,111,0.0,4,0.138,False,45,0.041379310344827586,0.0
27.4213253968254,221.9415873015873,125,1.688,0.228,10.71,125,0.0,4,0.138,False,54,0.06896551724137931,0.0
18.141325396825398,533.3715873015874,165,1.776,0.369,14.78,165,0.0,4,0.138,False,56,0.041379310344827586,0.0
351.64132539682544,53.8415873015873,114,1.873,0.216,8.14,114,0.0,4,0.138,False,63,0.06896551724137931,0.0
362.3413253968254,479.2815873015873,106,1.737,0.466,9.64,106,0.0,4,0.138,False,82,0.09655172413793103,0.0
377.9513253968254,583.2515873015874,167,1.651,0.159,15.85,167,0.0,4,0.138,False,90,0.06896551724137931,0.0
192.22132539682542,44.581587301587305,136,1.783,0.259,13.49,136,0.0,4,0.138,False,96,0.14482758620689656,0.0
361.33132539682543,241.2215873015873,127,1.72,0.572,12.64,127,0.0,4,0.138,False,98,0.16551724137931034,0.0
353.2813253968254,253.95158730158732,120,1.585,0.259,12.42,120,0.0,4,0.138,False,99,0.034482758620689655,0.0
109.58943350493351,420.08131703131704,594,1.764,0.308,50.9,594,0.0,5,0.172,True,0,0.496551724137931,3.0
336.1294335049335,121.97131703131704,728,1.876,0.201,48.51,728,0.0,5,0.172,True,1,1.0,1.0
345.1794335049335,107.07131703131705,765,1.845,0.15,52.21,765,0.0,5,0.172,True,2,1.0,1.0
333.3294335049335,78.40131703131705,676,1.925,0.229,42.63,676,0.0,5,0.172,True,3,0.35172413793103446,1.0
332.35943350493346,494.18131703131706,685,1.89,0.359,49.6,685,0.0,5,0.172,True,4,1.0,3.0
343.3194335049335,473.21131703131704,647,1.78,0.547,54.82,647,0.0,5,0.172,True,5,1.0,3.0
310.4894335049335,508.36131703131707,556,1.872,0.197,37.85,556,0.0,5,0.172,False,6,0.993103448275862,0.0
315.4394335049335,423.64131703131704,589,1.831,0.28,45.24,589,0.0,5,0.172,True,7,0.16551724137931034,3.0
323.2494335049335,260.851317031317,714,1.918,0.191,43.07,714,0.0,5,0.172,True,8,0.5586206896551724,2.0
309.5694335049335,96.12131703131705,621,1.839,0.301,46.99,621,0.0,5,0.172,True,9,1.0,1.0
301.60943350493346,499.39131703131704,569,1.809,0.249,46.33,569,0.0,5,0.172,True,10,1.0,3.0
294.3994335049335,83.70131703131705,704,1.911,0.31,46.11,704,0.0,5,0.172,True,11,1.0,1.0
345.4694335049335,317.52131703131704,578,1.776,0.49,49.6,578,0.0,5,0.172,True,12,0.15862068965517243,2.0
349.4094335049335,135.76131703131705,177,1.789,0.135,13.92,177,0.0,5,0.172,False,13,0.1793103448275862,0.0
355.5794335049335,268.93131703131706,587,1.905,0.419,39.15,587,0.0,5,0.172,False,14,0.08275862068965517,0.0
339.0794335049335,445.89131703131704,656,1.84,0.338,49.6,656,0.0,5,0.172,True,15,0.6275862068965518,3.0
350.4694335049335,66.04131703131705,412,1.745,0.308,37.41,412,0.0,5,0.172,False,16,1.0,0.0
351.2594335049335,459.08131703131704,686,1.741,0.335,55.47,686,0.0,5,0.172,True,17,0.4413793103448276,3.0
363.4994335049335,270.07131703131705,277,1.806,0.496,22.84,277,0.0,5,0.172,False,19,0.4896551724137931,0.0
359.28943350493347,459.99131703131707,309,1.786,0.338,23.71,309,0.0,5,0.172,False,20,0.034482758620689655,0.0
355.5894335049335,283.32131703131705,389,1.735,0.381,34.59,389,0.0,5,0.172,False,21,0.13793103448275862,0.0
355.0994335049335,241.51131703131705,314,1.777,0.343,25.45,314,0.0,5,0.172,False,22,0.9862068965517241,0.0
362.2794335049335,67.30131703131704,231,1.751,0.108,19.14,231,0.0,5,0.172,False,23,0.22758620689655173,0.0
355.9494335049335,128.05131703131704,640,1.764,0.302,51.12,640,0.0,5,0.172,True,24,0.07586206896551724,1.0
354.3094335049335,315.08131703131704,450,1.786,0.405,36.11,450,0.0,5,0.172,False,25,0.35172413793103446,0.0
357.85943350493346,494.09131703131703,127,1.784,0.162,10.22,127,0.0,5,0.172,False,26,0.041379310344827586,0.0
351.47943350493347,448.95131703131705,435,1.83,0.308,30.67,435,0.0,5,0.172,False,27,0.22758620689655173,0.0
350.7094335049335,325.84131703131703,419,1.808,0.326,31.98,419,0.0,5,0.172,False,28,0.9793103448275862,0.0
354.2794335049335,103.38131703131705,479,1.729,0.443,42.2,479,0.0,5,0.172,True,29,0.41379310344827586,1.0
10.369433504933507,431.15131703131703,108,1.704,0.651,12.18,108,0.0,5,0.172,False,30,0.041379310344827586,0.0
16.509433504933508,506.721317031317,169,1.793,0.597,15.88,169,0.0,5,0.172,False,31,0.1103448275862069,0.0
22.12943350493351,214.54131703131705,143,1.721,0.536,14.36,143,0.0,5,0.172,False,35,0.07586206896551724,0.0
23.329433504933508,525.8813170313169,109,1.526,0.389,13.27,109,0.0,5,0.172,False,36,0.15172413793103448,0.0
354.4494335049335,85.93131703131705,569,1.76,0.513,50.68,569,0.0,5,0.172,True,40,0.06896551724137931,1.0
9.179433504933506,32.94131703131704,105,1.546,0.299,12.18,105,0.0,5,0.172,False,46,0.041379310344827586,0.0
25.19943350493351,418.74131703131707,111,1.798,0.593,10.66,111,0.0,5,0.172,False,48,0.034482758620689655,0.0
22.779433504933507,404.86131703131707,142,1.815,0.404,12.4,142,0.0,5,0.172,False,52,0.11724137931034483,0.0
18.14943350493351,200.93131703131704,137,1.793,0.124,10.88,137,0.0,5,0.172,False,53,0.020689655172413793,0.0
28.01943350493351,221.80131703131704,118,1.685,0.19,9.79,118,0.0,5,0.172,False,54,0.06896551724137931,0.0
24.159433504933506,777.801317031317,118,1.774,0.448,10.01,118,0.0,5,0.172,False,55,0.041379310344827586,0.0
18.799433504933507,533.151317031317,164,1.789,0.407,14.57,164,0.0,5,0.172,False,56,0.041379310344827586,0.0
352.2094335049335,53.681317031317036,116,1.862,0.191,8.05,116,0.0,5,0.172,False,63,0.06896551724137931,0.0
346.47943350493347,574.1313170313169,105,1.814,0.549,9.35,105,0.0,5,0.172,False,69,0.05517241379310345,0.0
346.4494335049335,597.961317031317,118,1.837,0.564,10.01,118,0.0,5,0.172,False,71,0.041379310344827586,0.0
352.66943350493347,292.27131703131704,270,1.486,0.241,32.19,270,0.0,5,0.172,False,81,0.1310344827586207,0.0
362.5094335049335,479.05131703131707,116,1.77,0.52,10.22,116,0.0,5,0.172,False,82,0.09655172413793103,0.0
378.2994335049335,18.57131703131704,142,1.608,0.372,15.66,142,0.0,5,0.172,False,87,0.06206896551724138,0.0
378.2594335049335,583.351317031317,169,1.529,0.112,18.27,169,0.0,5,0.172,False,90,0.06896551724137931,0.0
192.22943350493352,44.53131703131704,149,1.798,0.325,13.49,149,0.0,5,0.172,False,96,0.14482758620689656,0.0
9.549433504933507,10.84131703131704,137,1.814,0.63,13.27,137,0.0,5,0.172,False,102,0.020689655172413793,0.0
9.819433504933507,586.901317031317,111,1.768,0.29,10.66,111,0.0,5,0.172,False,104,0.027586206896551724,0.0
15.919433504933506,106.90131703131705,100,1.799,0.075,8.48,100,0.0,5,0.172,False,105,0.020689655172413793,0.0
20.42943350493351,266.43131703131706,104,1.601,0.497,12.4,104,0.0,5,0.172,False,106,0.07586206896551724,0.0
20.49943350493351,617.971317031317,108,1.769,0.607,10.22,108,0.0,5,0.172,False,107,0.04827586206896552,0.0
22.389433504933507,159.16131703131705,107,1.955,0.058,5.87,107,0.0,5,0.172,False,108,0.027586206896551724,0.0
339.22943350493347,53.181317031317036,107,1.629,0.104,10.88,107,0.0,5,0.172,False,115,0.04827586206896552,0.0
347.3994335049335,299.911317031317,135,1.804,0.531,10.22,135,0.0,5,0.172,False,116,0.18620689655172415,0.0
108.88652441402442,420.23058975858976,625,1.831,0.355,50.26,625,0.0,6,0.207,True,0,0.496551724137931,3.0
332.8165244140244,122.25058975858977,754,1.907,0.257,49.36,754,0.0,6,0.207,True,1,1.0,1.0
339.9765244140244,107.73058975858976,671,1.862,0.279,48.23,671,0.0,6,0.207,True,2,1.0,1.0
330.8265244140244,79.47058975858977,683,1.93,0.229,42.82,683,0.0,6,0.207,True,3,0.35172413793103446,1.0
331.8265244140244,494.2705897585898,696,1.889,0.344,50.04,696,0.0,6,0.207,True,4,1.0,3.0
343.9565244140244,471.9405897585898,714,1.848,0.574,57.47,714,0.0,6,0.207,True,5,1.0,3.0
309.0765244140244,508.3205897585898,536,1.837,0.23,39.22,536,0.0,6,0.207,False,6,0.993103448275862,0.0
312.8865244140244,424.11058975858975,571,1.868,0.346,40.57,571,0.0,6,0.207,False,7,0.16551724137931034,0.0
317.1265244140244,259.2005897585898,616,1.855,0.267,44.63,616,0.0,6,0.207,True,8,0.5586206896551724,2.0
309.8565244140244,96.12058975858976,721,1.929,0.295,45.08,721,0.0,6,0.207,True,9,1.0,1.0
299.2965244140244,499.41058975858977,516,1.764,0.242,46.2,516,0.0,6,0.207,True,10,1.0,3.0
290.9965244140244,83.82058975858976,660,1.87,0.293,46.2,660,0.0,6,0.207,True,11,1.0,1.0
345.52652441402444,316.0105897585898,673,1.862,0.442,48.46,673,0.0,6,0.207,True,12,0.15862068965517243,2.0
355.7465244140244,263.3305897585898,573,1.795,0.425,44.18,573,0.0,6,0.207,True,14,0.08275862068965517,2.0
339.3365244140244,445.3905897585898,568,1.746,0.328,51.39,568,0.0,6,0.207,True,15,0.6275862068965518,3.0
350.6365244140244,66.41058975858977,328,1.74,0.148,29.53,328,0.0,6,0.207,False,16,1.0,0.0
351.8065244140244,460.0905897585898,682,1.732,0.294,54.32,682,0.0,6,0.207,True,17,0.4413793103448276,3.0
364.15652441402443,271.0805897585898,217,1.874,0.587,18.26,217,0.0,6,0.207,False,19,0.4896551724137931,0.0
355.6165244140244,283.0205897585898,444,1.747,0.426,37.87,444,0.0,6,0.207,False,21,0.13793103448275862,0.0
352.8365244140244,239.13058975858976,339,1.871,0.324,22.99,339,0.0,6,0.207,False,22,0.9862068965517241,0.0
363.8765244140244,67.76058975858976,198,1.84,0.185,14.65,198,0.0,6,0.207,False,23,0.22758620689655173,0.0
356.4465244140244,129.06058975858974,636,1.769,0.276,48.68,636,0.0,6,0.207,True,24,0.07586206896551724,1.0
354.7965244140244,317.8205897585898,443,1.779,0.507,37.87,443,0.0,6,0.207,False,25,0.35172413793103446,0.0
358.3265244140244,494.0105897585898,134,1.828,0.203,9.92,134,0.0,6,0.207,False,26,0.041379310344827586,0.0
351.5865244140244,449.91058975858977,520,1.796,0.332,38.54,520,0.0,6,0.207,False,27,0.22758620689655173,0.0
351.09652441402443,325.2505897585898,364,1.793,0.418,30.2,364,0.0,6,0.207,False,28,0.9793103448275862,0.0
354.8665244140244,104.11058975858977,566,1.846,0.492,43.05,566,0.0,6,0.207,True,29,0.41379310344827586,1.0
17.14652441402442,506.73058975858976,134,1.766,0.532,12.4,134,0.0,6,0.207,False,31,0.1103448275862069,0.0
22.61652441402442,214.60058975858976,143,1.717,0.537,14.42,143,0.0,6,0.207,False,35,0.07586206896551724,0.0
23.80652441402442,525.9605897585898,109,1.531,0.39,13.07,109,0.0,6,0.207,False,36,0.15172413793103448,0.0
355.0165244140244,83.83058975858977,519,1.781,0.444,42.15,519,0.0,6,0.207,False,40,0.06896551724137931,0.0
362.0565244140244,136.92058975858976,171,1.812,0.569,14.65,171,0.0,6,0.207,False,41,0.20689655172413793,0.0
20.72652441402442,28.960589758589766,126,1.626,0.558,15.55,126,0.0,6,0.207,False,46,0.041379310344827586,0.0
25.68652441402442,418.80058975858975,111,1.795,0.588,10.59,111,0.0,6,0.207,False,48,0.034482758620689655,0.0
25.03652441402442,594.6905897585897,103,1.725,0.53,9.92,103,0.0,6,0.207,False,49,0.04827586206896552,0.0
23.136524414024418,405.04058975858976,114,1.711,0.366,10.82,114,0.0,6,0.207,False,52,0.11724137931034483,0.0
28.49652441402442,221.87058975858974,117,1.688,0.193,9.92,117,0.0,6,0.207,False,54,0.06896551724137931,0.0
24.51652441402442,777.8605897585898,119,1.826,0.426,9.47,119,0.0,6,0.207,False,55,0.041379310344827586,0.0
19.14652441402442,533.1405897585897,156,1.756,0.437,14.65,156,0.0,6,0.207,False,56,0.041379310344827586,0.0
352.6965244140244,53.75058975858976,116,1.859,0.186,8.11,116,0.0,6,0.207,False,63,0.06896551724137931,0.0
346.6965244140244,569.9405897585897,167,1.837,0.601,13.97,167,0.0,6,0.207,False,69,0.05517241379310345,0.0
346.8765244140244,592.0705897585897,131,1.839,0.613,11.72,131,0.0,6,0.207,False,70,0.034482758620689655,0.0
346.6365244140244,610.9905897585897,113,1.832,0.532,9.24,113,0.0,6,0.207,False,71,0.041379310344827586,0.0
346.96652441402443,647.0705897585897,102,1.874,0.49,7.66,102,0.0,6,0.207,False,72,0.11724137931034483,0.0
352.8965244140244,292.85058975858976,268,1.527,0.166,28.85,268,0.0,6,0.207,False,81,0.1310344827586207,0.0
362.8765244140244,478.4505897585898,100,1.701,0.528,10.59,100,0.0,6,0.207,False,82,0.09655172413793103,0.0
378.77652441402444,18.640589758589766,142,1.6,0.369,15.78,142,0.0,6,0.207,False,87,0.06206896551724138,0.0
378.7365244140244,583.4205897585897,169,1.529,0.114,18.26,169,0.0,6,0.207,False,90,0.06896551724137931,0.0
193.35652441402442,44.550589758589766,136,1.781,0.255,13.52,136,0.0,6,0.207,False,96,0.14482758620689656,0.0
362.0865244140244,240.94058975858974,154,1.716,0.559,16.0,154,0.0,6,0.207,False,98,0.16551724137931034,0.0
21.16652441402442,618.0005897585897,117,1.739,0.521,10.82,117,0.0,6,0.207,False,107,0.04827586206896552,0.0
22.94652441402442,159.14058975858975,105,1.932,0.068,6.09,105,0.0,6,0.207,False,108,0.027586206896551724,0.0
339.5365244140244,53.32058975858976,104,1.706,0.158,9.69,104,0.0,6,0.207,False,115,0.04827586206896552,0.0
347.5565244140244,300.1505897585898,147,1.786,0.538,12.17,147,0.0,6,0.207,False,116,0.18620689655172415,0.0
346.7965244140244,47.75058975858976,136,1.7,0.574,14.65,136,0.0,6,0.207,False,119,0.08275862068965517,0.0
357.6465244140244,309.2405897585898,392,1.606,0.213,37.64,392,0.0,6,0.207,False,120,0.9586206896551724,0.0
363.5765244140244,284.3205897585898,253,1.72,0.468,23.22,253,0.0,6,0.207,False,121,0.034482758620689655,0.0
107.88203461810605,420.96834486063057,560,1.82,0.327,44.67,560,0.0,7,0.241,True,0,0.496551724137931,3.0
333.62203461810606,122.02834486063058,777,1.911,0.31,52.04,777,0.0,7,0.241,True,1,1.0,1.0
343.57203461810604,107.55834486063058,786,1.876,0.189,53.19,786,0.0,7,0.241,True,2,1.0,1.0
328.662034618106,80.19834486063058,670,1.925,0.266,40.76,670,0.0,7,0.241,False,3,0.35172413793103446,0.0
330.70203461810604,494.1483448606306,733,1.846,0.304,54.11,733,0.0,7,0.241,True,4,1.0,3.0
344.76203461810604,469.1483448606306,719,1.823,0.572,58.72,719,0.0,7,0.241,True,5,1.0,3.0
308.90203461810603,508.15834486063056,563,1.875,0.197,37.07,563,0.0,7,0.241,False,6,0.993103448275862,0.0
310.87203461810606,423.8983448606306,545,1.827,0.28,41.45,545,0.0,7,0.241,False,7,0.16551724137931034,0.0
313.982034618106,258.3283448606306,606,1.831,0.257,45.13,606,0.0,7,0.241,True,8,0.5586206896551724,2.0
309.732034618106,96.35834486063058,708,1.934,0.291,44.21,708,0.0,7,0.241,True,9,1.0,1.0
298.00203461810605,499.52834486063057,557,1.806,0.261,46.05,557,0.0,7,0.241,True,10,1.0,3.0
289.83203461810604,83.91834486063058,683,1.894,0.303,46.05,683,0.0,7,0.241,True,11,1.0,1.0
346.482034618106,316.10834486063055,664,1.807,0.404,52.73,664,0.0,7,0.241,True,12,0.15862068965517243,2.0
357.06203461810605,263.10834486063055,610,1.807,0.404,48.12,610,0.0,7,0.241,True,14,0.08275862068965517,2.0
337.64203461810604,447.0183448606306,686,1.89,0.337,44.9,686,0.0,7,0.241,True,15,0.6275862068965518,3.0
346.65203461810603,65.09834486063059,424,1.631,0.091,41.45,424,0.0,7,0.241,False,16,1.0,0.0
353.19203461810605,460.23834486063055,522,1.566,0.14,53.19,522,0.0,7,0.241,True,17,0.4413793103448276,3.0
379.93203461810606,89.08834486063058,121,1.827,0.544,9.44,121,0.0,7,0.241,False,18,0.06206896551724138,0.0
358.852034618106,272.15834486063056,598,1.765,0.117,41.45,598,0.0,7,0.241,False,19,0.4896551724137931,0.0
356.18203461810606,282.5683448606306,355,1.814,0.334,29.47,355,0.0,7,0.241,False,21,0.13793103448275862,0.0
354.842034618106,239.87834486063056,372,1.888,0.325,26.71,372,0.0,7,0.241,False,22,0.9862068965517241,0.0
364.992034618106,67.48834486063059,183,1.796,0.149,15.2,183,0.0,7,0.241,False,23,0.22758620689655173,0.0
357.58203461810604,129.85834486063058,565,1.708,0.319,48.36,565,0.0,7,0.241,True,24,0.07586206896551724,1.0
356.352034618106,318.16834486063055,471,1.799,0.408,38.91,471,0.0,7,0.241,False,25,0.35172413793103446,0.0
352.18203461810606,451.9583448606306,578,1.815,0.277,43.52,578,0.0,7,0.241,True,27,0.22758620689655173,3.0
355.71203461810603,103.55834486063058,466,1.721,0.429,40.99,466,0.0,7,0.241,False,29,0.41379310344827586,0.0
14.402034618106045,425.0183448606306,151,1.833,0.656,14.05,151,0.0,7,0.241,False,30,0.041379310344827586,0.0
24.392034618106045,510.33834486063057,115,1.7,0.085,11.97,115,0.0,7,0.241,False,31,0.1103448275862069,0.0
23.652034618106047,321.9583448606306,141,1.776,0.479,11.74,141,0.0,7,0.241,False,34,0.020689655172413793,0.0
13.832034618106045,211.04834486063058,201,1.612,0.401,20.49,201,0.0,7,0.241,False,35,0.07586206896551724,0.0
357.092034618106,78.22834486063059,595,1.872,0.461,44.44,595,0.0,7,0.241,True,40,0.06896551724137931,1.0
15.792034618106046,142.14834486063057,116,1.538,0.414,12.89,116,0.0,7,0.241,False,45,0.041379310344827586,0.0
21.752034618106045,599.3183448606305,134,1.727,0.215,10.82,134,0.0,7,0.241,False,49,0.04827586206896552,0.0
15.342034618106046,402.77834486063057,182,1.634,0.311,18.88,182,0.0,7,0.241,False,52,0.11724137931034483,0.0
29.452034618106044,222.08834486063057,120,1.72,0.223,10.13,120,0.0,7,0.241,False,54,0.06896551724137931,0.0
19.732034618106045,533.5083448606306,138,1.638,0.402,13.59,138,0.0,7,0.241,False,56,0.041379310344827586,0.0
41.63203461810605,36.76834486063058,101,1.803,0.187,8.52,101,0.0,7,0.241,False,57,0.07586206896551724,0.0
353.602034618106,53.87834486063058,116,1.858,0.188,8.06,116,0.0,7,0.241,False,63,0.06896551724137931,0.0
347.802034618106,575.1983448606305,107,1.843,0.594,8.98,107,0.0,7,0.241,False,69,0.05517241379310345,0.0
347.782034618106,592.2083448606305,131,1.839,0.615,11.74,131,0.0,7,0.241,False,70,0.034482758620689655,0.0
347.532034618106,611.1183448606306,113,1.829,0.535,9.21,113,0.0,7,0.241,False,71,0.041379310344827586,0.0
347.88203461810605,647.1983448606305,102,1.872,0.487,7.6,102,0.0,7,0.241,False,72,0.11724137931034483,0.0
347.482034618106,441.22834486063056,350,1.783,0.48,31.55,350,0.0,7,0.241,False,75,0.2482758620689655,0.0
353.93203461810606,292.92834486063055,289,1.515,0.205,31.55,289,0.0,7,0.241,False,81,0.1310344827586207,0.0
363.82203461810604,478.6383448606306,104,1.68,0.513,11.05,104,0.0,7,0.241,False,82,0.09655172413793103,0.0
379.742034618106,18.83834486063058,134,1.594,0.331,14.97,134,0.0,7,0.241,False,87,0.06206896551724138,0.0
379.64203461810604,583.5483448606306,169,1.528,0.11,18.19,169,0.0,7,0.241,False,90,0.06896551724137931,0.0
14.272034618106046,326.2483448606306,183,1.688,0.539,19.8,183,0.0,7,0.241,False,93,0.09655172413793103,0.0
194.26203461810604,44.67834486063058,135,1.78,0.258,13.59,135,0.0,7,0.241,False,96,0.14482758620689656,0.0
7.7120346181060455,586.3883448606306,102,1.673,0.08,9.67,102,0.0,7,0.241,False,104,0.027586206896551724,0.0
13.612034618106046,112.06834486063059,125,1.805,0.633,11.74,125,0.0,7,0.241,False,105,0.020689655172413793,0.0
22.482034618106045,619.1083448606306,139,1.844,0.469,10.82,139,0.0,7,0.241,False,107,0.04827586206896552,0.0
340.64203461810604,53.36834486063058,104,1.666,0.131,9.9,104,0.0,7,0.241,False,115,0.04827586206896552,0.0
359.472034618106,308.4983448606306,495,1.788,0.028,38.45,495,0.0,7,0.241,False,120,0.9586206896551724,0.0
364.672034618106,284.5683448606306,189,1.722,0.532,17.96,189,0.0,7,0.241,False,121,0.034482758620689655,0.0
22.832034618106047,239.20834486063058,113,1.697,0.531,11.05,113,0.0,7,0.241,False,123,0.034482758620689655,0.0
8.842034618106045,513.0983448606306,118,1.839,0.72,11.97,118,0.0,7,0.241,False,125,0.034482758620689655,0.0
107.20724295143937,420.79334486063055,570,1.838,0.328,44.13,570,0.0,8,0.276,True,0,0.496551724137931,3.0
332.09724295143934,121.84334486063058,756,1.907,0.249,48.5,756,0.0,8,0.276,True,1,1.0,1.0
343.16724295143933,107.74334486063057,748,1.894,0.23,50.03,748,0.0,8,0.276,True,2,1.0,1.0
325.3072429514394,81.02334486063057,662,1.855,0.276,46.32,662,0.0,8,0.276,True,3,0.35172413793103446,1.0
329.9872429514394,493.2633448606306,703,1.823,0.286,54.84,703,0.0,8,0.276,True,4,1.0,3.0
345.15724295143934,467.97334486063056,688,1.827,0.562,55.71,688,0.0,8,0.276,True,5,1.0,3.0
308.2372429514394,507.74334486063054,568,1.89,0.296,38.89,568,0.0,8,0.276,False,6,0.993103448275862,0.0
308.20724295143935,424.2033448606306,528,1.868,0.315,36.92,528,0.0,8,0.276,False,7,0.16551724137931034,0.0
313.26724295143936,256.3333448606306,622,1.865,0.267,43.92,622,0.0,8,0.276,True,8,0.5586206896551724,2.0
309.1172429514394,96.17334486063058,705,1.929,0.284,44.13,705,0.0,8,0.276,True,9,1.0,1.0
296.4272429514394,499.41334486063056,556,1.806,0.261,46.1,556,0.0,8,0.276,True,10,1.0,3.0
290.13724295143936,83.17334486063058,697,1.917,0.304,45.01,697,0.0,8,0.276,True,11,1.0,1.0
346.81724295143937,316.0733448606306,555,1.762,0.322,48.07,555,0.0,8,0.276,True,12,0.15862068965517243,2.0
358.20724295143935,261.7733448606306,537,1.758,0.444,44.35,537,0.0,8,0.276,True,14,0.08275862068965517,2.0
337.1772429514394,447.06334486063054,650,1.88,0.345,46.76,650,0.0,8,0.276,True,15,0.6275862068965518,3.0
346.27724295143935,64.89334486063058,525,1.632,0.079,50.69,525,0.0,8,0.276,True,16,1.0,1.0
354.26724295143936,459.6933448606306,548,1.578,0.19,53.09,548,0.0,8,0.276,True,17,0.4413793103448276,3.0
380.3672429514394,88.96334486063058,121,1.831,0.543,9.39,121,0.0,8,0.276,False,18,0.06206896551724138,0.0
359.71724295143935,271.74334486063054,549,1.808,0.203,40.42,549,0.0,8,0.276,False,19,0.4896551724137931,0.0
356.66724295143933,282.21334486063057,385,1.832,0.32,30.59,385,0.0,8,0.276,False,21,0.13793103448275862,0.0
354.08724295143935,239.0533448606306,386,1.903,0.341,26.44,386,0.0,8,0.276,False,22,0.9862068965517241,0.0
366.1772429514394,67.89334486063058,167,1.856,0.223,12.67,167,0.0,8,0.276,False,23,0.22758620689655173,0.0
358.16724295143933,130.48334486063058,534,1.661,0.288,49.81,534,0.0,8,0.276,True,24,0.07586206896551724,1.0
357.1172429514394,318.05334486063055,390,1.73,0.44,34.96,390,0.0,8,0.276,False,25,0.35172413793103446,0.0
352.83724295143935,450.87334486063054,512,1.688,0.279,45.44,512,0.0,8,0.276,True,27,0.22758620689655173,3.0
357.25724295143937,106.87334486063058,554,1.821,0.435,43.7,554,0.0,8,0.276,True,29,0.41379310344827586,1.0
15.02724295143938,424.80334486063055,112,1.792,0.584,10.27,112,0.0,8,0.276,False,30,0.041379310344827586,0.0
18.39724295143938,506.73334486063055,128,1.738,0.573,12.89,128,0.0,8,0.276,False,31,0.1103448275862069,0.0
24.02724295143938,214.6133448606306,114,1.732,0.556,11.58,114,0.0,8,0.276,False,35,0.07586206896551724,0.0
25.42724295143938,525.9533448606305,103,1.576,0.341,12.02,103,0.0,8,0.276,False,36,0.15172413793103448,0.0
357.94724295143936,77.01334486063058,584,1.828,0.474,44.57,584,0.0,8,0.276,True,40,0.06896551724137931,1.0
16.25724295143938,141.8333448606306,103,1.518,0.375,11.58,103,0.0,8,0.276,False,45,0.041379310344827586,0.0
13.13724295143938,609.9833448606306,104,1.841,0.727,10.71,104,0.0,8,0.276,False,49,0.04827586206896552,0.0
15.89724295143938,402.5833448606306,161,1.583,0.381,18.79,161,0.0,8,0.276,False,52,0.11724137931034483,0.0
29.91724295143938,222.0233448606306,119,1.688,0.221,10.27,119,0.0,8,0.276,False,54,0.06896551724137931,0.0
25.95724295143938,777.9133448606306,107,1.783,0.41,8.96,107,0.0,8,0.276,False,55,0.041379310344827586,0.0
42.05724295143938,36.653344860630575,102,1.802,0.19,8.52,102,0.0,8,0.276,False,57,0.07586206896551724,0.0
354.01724295143936,53.763344860630575,116,1.86,0.19,8.08,116,0.0,8,0.276,False,63,0.06896551724137931,0.0
348.27724295143935,574.2133448606305,103,1.821,0.563,9.18,103,0.0,8,0.276,False,69,0.05517241379310345,0.0
348.14724295143935,440.85334486063056,294,1.844,0.561,23.6,294,0.0,8,0.276,False,75,0.2482758620689655,0.0
354.8672429514394,292.80334486063055,258,1.613,0.057,25.56,258,0.0,8,0.276,False,81,0.1310344827586207,0.0
380.16724295143933,18.72334486063058,134,1.588,0.332,15.08,134,0.0,8,0.276,False,87,0.06206896551724138,0.0
380.06724295143937,583.4333448606305,169,1.529,0.11,18.35,169,0.0,8,0.276,False,90,0.06896551724137931,0.0
194.6972429514394,44.56334486063058,136,1.782,0.257,13.55,136,0.0,8,0.276,False,96,0.14482758620689656,0.0
366.45724295143935,259.0833448606306,197,1.825,0.501,16.17,197,0.0,8,0.276,False,99,0.034482758620689655,0.0
22.787242951439378,618.9133448606306,121,1.794,0.539,11.14,121,0.0,8,0.276,False,107,0.04827586206896552,0.0
341.06724295143937,53.263344860630575,104,1.664,0.136,9.83,104,0.0,8,0.276,False,115,0.04827586206896552,0.0
359.3572429514394,308.03334486063056,551,1.718,0.126,45.01,551,0.0,8,0.276,True,120,0.9586206896551724,2.0
365.1772429514394,284.21334486063057,192,1.682,0.512,19.66,192,0.0,8,0.276,False,121,0.034482758620689655,0.0
23.25724295143938,239.10334486063059,112,1.698,0.532,10.92,112,0.0,8,0.276,False,123,0.034482758620689655,0.0
17.75724295143938,782.3733448606306,117,1.696,0.341,11.8,117,0.0,8,0.276,False,127,0.020689655172413793,0.0
18.29724295143938,439.0833448606306,116,1.779,0.473,9.61,116,0.0,8,0.276,False,128,0.027586206896551724,0.0
105.74743525913168,421.0219987067844,573,1.832,0.324,44.1,573,0.0,9,0.31,True,0,0.496551724137931,3.0
330.7374352591317,121.66199870678443,761,1.929,0.217,45.71,761,0.0,9,0.31,True,1,1.0,1.0
338.7574352591317,108.11199870678442,724,1.837,0.303,54.44,724,0.0,9,0.31,True,2,1.0,1.0
322.8574352591317,82.26199870678442,662,1.861,0.281,45.94,662,0.0,9,0.31,True,3,0.35172413793103446,1.0
327.6174352591317,493.88199870678443,675,1.862,0.22,47.55,675,0.0,9,0.31,True,4,1.0,3.0
345.5474352591317,468.05199870678445,683,1.848,0.51,53.29,683,0.0,9,0.31,True,5,1.0,3.0
306.7774352591317,508.0719987067844,576,1.895,0.293,38.59,576,0.0,9,0.31,False,6,0.993103448275862,0.0
305.8074352591317,424.92199870678445,556,1.854,0.268,40.66,556,0.0,9,0.31,False,7,0.16551724137931034,0.0
310.7974352591317,255.56199870678444,623,1.856,0.265,44.79,623,0.0,9,0.31,True,8,0.5586206896551724,2.0
307.70743525913167,96.47199870678442,698,1.925,0.28,44.33,698,0.0,9,0.31,True,9,1.0,1.0
294.9674352591317,499.6419987067844,556,1.806,0.262,45.94,556,0.0,9,0.31,True,10,1.0,3.0
288.6474352591317,83.39199870678442,681,1.904,0.283,44.79,681,0.0,9,0.31,True,11,1.0,1.0
346.3874352591317,317.1619987067844,620,1.859,0.346,45.25,620,0.0,9,0.31,True,12,0.15862068965517243,2.0
358.8474352591317,254.72199870678443,560,1.758,0.241,44.79,560,0.0,9,0.31,True,14,0.08275862068965517,2.0
335.6574352591317,448.37199870678444,727,1.886,0.306,47.09,727,0.0,9,0.31,True,15,0.6275862068965518,3.0
346.7674352591317,65.07199870678443,622,1.649,0.085,58.57,622,0.0,9,0.31,True,16,1.0,1.0
354.7274352591317,460.05199870678445,512,1.603,0.197,47.78,512,0.0,9,0.31,True,17,0.4413793103448276,3.0
380.9074352591317,89.18199870678443,118,1.819,0.547,9.42,118,0.0,9,0.31,False,18,0.06206896551724138,0.0
360.2274352591317,271.2719987067844,578,1.774,0.155,43.18,578,0.0,9,0.31,True,19,0.4896551724137931,2.0
357.6674352591317,281.4619987067844,511,1.852,0.376,35.14,511,0.0,9,0.31,False,21,0.13793103448275862,0.0
354.5274352591317,239.42199870678442,377,1.902,0.334,25.96,377,0.0,9,0.31,False,22,0.9862068965517241,0.0
365.7774352591317,75.18199870678443,303,1.808,0.401,24.35,303,0.0,9,0.31,False,23,0.22758620689655173,0.0
358.8374352591317,131.22199870678443,459,1.712,0.292,37.67,459,0.0,9,0.31,False,24,0.07586206896551724,0.0
357.5074352591317,318.44199870678443,309,1.691,0.437,30.32,309,0.0,9,0.31,False,25,0.35172413793103446,0.0
353.3974352591317,450.1019987067844,568,1.746,0.299,46.4,568,0.0,9,0.31,True,27,0.22758620689655173,3.0
357.6374352591317,107.05199870678443,537,1.813,0.44,42.72,537,0.0,9,0.31,True,29,0.41379310344827586,1.0
18.377435259131687,430.56199870678444,105,1.7,0.456,9.88,105,0.0,9,0.31,False,30,0.041379310344827586,0.0
18.937435259131686,506.9619987067844,128,1.737,0.575,12.86,128,0.0,9,0.31,False,31,0.1103448275862069,0.0
24.567435259131685,214.83199870678442,114,1.729,0.56,11.49,114,0.0,9,0.31,False,35,0.07586206896551724,0.0
25.967435259131683,526.1819987067844,102,1.57,0.342,11.94,102,0.0,9,0.31,False,36,0.15172413793103448,0.0
359.0674352591317,70.81199870678442,490,1.711,0.292,43.41,490,0.0,9,0.31,True,40,0.06896551724137931,1.0
19.667435259131686,130.97199870678443,108,1.742,0.481,10.57,108,0.0,9,0.31,False,45,0.041379310344827586,0.0
22.667435259131686,29.311998706784422,108,1.599,0.522,13.32,108,0.0,9,0.31,False,46,0.041379310344827586,0.0
27.597435259131686,418.1619987067844,104,1.741,0.546,9.65,104,0.0,9,0.31,False,48,0.034482758620689655,0.0
13.677435259131686,610.2019987067845,104,1.84,0.724,10.57,104,0.0,9,0.31,False,49,0.04827586206896552,0.0
30.447435259131687,222.1819987067844,114,1.668,0.205,9.88,114,0.0,9,0.31,False,54,0.06896551724137931,0.0
26.497435259131684,778.1419987067844,107,1.778,0.41,8.96,107,0.0,9,0.31,False,55,0.041379310344827586,0.0
42.597435259131686,36.881998706784415,101,1.803,0.187,8.5,101,0.0,9,0.31,False,57,0.07586206896551724,0.0
354.5674352591317,54.00199870678442,116,1.858,0.189,8.04,116,0.0,9,0.31,False,63,0.06896551724137931,0.0
348.8074352591317,574.4519987067845,102,1.817,0.566,9.19,102,0.0,9,0.31,False,69,0.05517241379310345,0.0
348.5674352591317,591.2719987067844,130,1.846,0.55,10.34,130,0.0,9,0.31,False,70,0.034482758620689655,0.0
348.3774352591317,603.1019987067845,116,1.823,0.447,9.65,116,0.0,9,0.31,False,71,0.041379310344827586,0.0
348.5474352591317,650.1919987067844,101,1.918,0.346,6.43,101,0.0,9,0.31,False,72,0.11724137931034483,0.0
348.3974352591317,439.2719987067844,434,1.786,0.395,38.13,434,0.0,9,0.31,False,75,0.2482758620689655,0.0
355.0674352591317,292.48199870678445,277,1.531,0.24,30.78,277,0.0,9,0.31,False,81,0.1310344827586207,0.0
380.70743525913167,18.951998706784423,134,1.594,0.331,14.93,134,0.0,9,0.31,False,87,0.06206896551724138,0.0
380.6074352591317,583.6519987067844,169,1.527,0.112,18.38,169,0.0,9,0.31,False,90,0.06896551724137931,0.0
195.2274352591317,44.79199870678442,136,1.781,0.258,13.55,136,0.0,9,0.31,False,96,0.14482758620689656,0.0
363.9674352591317,240.31199870678444,127,1.728,0.532,13.32,127,0.0,9,0.31,False,98,0.16551724137931034,0.0
366.4974352591317,259.00199870678443,243,1.738,0.439,21.82,243,0.0,9,0.31,False,99,0.034482758620689655,0.0
11.787435259131687,10.861998706784421,103,1.706,0.486,11.26,103,0.0,9,0.31,False,102,0.020689655172413793,0.0
18.317435259131685,107.11199870678442,103,1.72,0.157,9.65,103,0.0,9,0.31,False,105,0.020689655172413793,0.0
22.857435259131684,266.8419987067844,104,1.54,0.449,12.86,104,0.0,9,0.31,False,106,0.07586206896551724,0.0
23.327435259131683,619.1319987067844,121,1.793,0.538,11.03,121,0.0,9,0.31,False,107,0.04827586206896552,0.0
25.067435259131685,159.50199870678443,101,1.849,0.094,7.35,101,0.0,9,0.31,False,108,0.027586206896551724,0.0
341.6074352591317,53.48199870678442,104,1.666,0.131,9.88,104,0.0,9,0.31,False,115,0.04827586206896552,0.0
349.5474352591317,301.00199870678443,132,1.629,0.408,13.32,132,0.0,9,0.31,False,116,0.18620689655172415,0.0
359.5174352591317,309.0319987067844,447,1.701,0.205,37.44,447,0.0,9,0.31,False,120,0.9586206896551724,0.0
365.6574352591317,283.36199870678445,264,1.733,0.541,24.35,264,0.0,9,0.31,False,121,0.034482758620689655,0.0
18.307435259131687,782.6019987067845,117,1.695,0.337,11.71,117,0.0,9,0.31,False,127,0.020689655172413793,0.0
18.837435259131688,439.3219987067844,116,1.781,0.478,9.65,116,0.0,9,0.31,False,128,0.027586206896551724,0.0
105.3189606828605,421.6504732830556,541,1.849,0.339,40.66,541,0.0,10,0.345,False,0,0.496551724137931,0.0
330.2789606828605,121.9404732830556,743,1.916,0.216,45.42,743,0.0,10,0.345,True,1,1.0,1.0
339.97896068286053,108.5404732830556,735,1.794,0.192,57.69,735,0.0,10,0.345,True,2,1.0,1.0
320.7389606828605,82.5904732830556,618,1.786,0.207,48.38,618,0.0,10,0.345,True,3,0.35172413793103446,1.0
327.1889606828605,494.2704732830556,663,1.856,0.306,49.74,663,0.0,10,0.345,True,4,1.0,3.0
346.0489606828605,467.4404732830556,696,1.857,0.447,51.78,696,0.0,10,0.345,True,5,1.0,3.0
304.4889606828605,507.7504732830556,521,1.841,0.274,38.61,521,0.0,10,0.345,False,6,0.993103448275862,0.0
303.5489606828605,425.1604732830556,528,1.851,0.243,39.52,528,0.0,10,0.345,False,7,0.16551724137931034,0.0
307.6389606828605,254.89047328305563,591,1.823,0.281,47.47,591,0.0,10,0.345,True,8,0.5586206896551724,2.0
304.8089606828605,97.5804732830556,533,1.78,0.216,42.7,533,0.0,10,0.345,True,9,1.0,1.0
293.4889606828605,499.92047328305557,577,1.856,0.286,43.83,577,0.0,10,0.345,True,10,1.0,3.0
287.3589606828605,83.5804732830556,667,1.902,0.297,44.52,667,0.0,10,0.345,True,11,1.0,1.0
347.9589606828605,316.7704732830556,537,1.711,0.216,48.6,537,0.0,10,0.345,True,12,0.15862068965517243,2.0
359.47896068286053,253.64047328305563,571,1.843,0.338,40.43,571,0.0,10,0.345,False,14,0.08275862068965517,0.0
336.9689606828605,448.4704732830556,615,1.839,0.318,47.24,615,0.0,10,0.345,True,15,0.6275862068965518,3.0
347.2489606828605,65.3604732830556,578,1.668,0.062,53.15,578,0.0,10,0.345,True,16,1.0,1.0
355.4089606828605,460.0704732830556,468,1.589,0.156,47.7,468,0.0,10,0.345,True,17,0.4413793103448276,3.0
381.5789606828605,89.35047328305559,116,1.81,0.531,9.54,116,0.0,10,0.345,False,18,0.06206896551724138,0.0
361.3589606828605,270.5904732830556,544,1.757,0.285,42.7,544,0.0,10,0.345,True,19,0.4896551724137931,2.0
358.5889606828605,280.6304732830556,538,1.871,0.409,36.57,538,0.0,10,0.345,False,21,0.13793103448275862,0.0
353.2689606828605,238.7004732830556,363,1.846,0.237,25.21,363,0.0,10,0.345,False,22,0.9862068965517241,0.0
360.0689606828605,69.8404732830556,647,1.771,0.412,54.28,647,0.0,10,0.345,True,23,0.22758620689655173,1.0
354.3889606828605,450.3404732830556,591,1.706,0.372,51.56,591,0.0,10,0.345,True,27,0.22758620689655173,3.0
354.4089606828605,323.6504732830556,405,1.863,0.052,27.03,405,0.0,10,0.345,False,28,0.9793103448275862,0.0
357.4489606828605,104.6204732830556,582,1.793,0.479,47.24,582,0.0,10,0.345,True,29,0.41379310344827586,1.0
19.0189606828605,430.8304732830556,105,1.697,0.455,9.99,105,0.0,10,0.345,False,30,0.041379310344827586,0.0
19.578960682860497,507.2304732830556,129,1.739,0.57,12.72,129,0.0,10,0.345,False,31,0.1103448275862069,0.0
25.2089606828605,215.11047328305563,114,1.734,0.553,11.36,114,0.0,10,0.345,False,35,0.07586206896551724,0.0
26.6089606828605,526.4504732830555,102,1.565,0.343,12.04,102,0.0,10,0.345,False,36,0.15172413793103448,0.0
351.6889606828605,74.2104732830556,156,1.724,0.472,14.76,156,0.0,10,0.345,False,40,0.06896551724137931,0.0
366.3289606828605,131.65047328305562,218,1.58,0.454,24.3,218,0.0,10,0.345,False,41,0.20689655172413793,0.0
23.308960682860498,29.580473283055607,108,1.6,0.52,13.4,108,0.0,10,0.345,False,46,0.041379310344827586,0.0
28.2389606828605,418.4404732830556,104,1.749,0.547,9.54,104,0.0,10,0.345,False,48,0.034482758620689655,0.0
14.3189606828605,610.4804732830556,104,1.842,0.724,10.67,104,0.0,10,0.345,False,49,0.04827586206896552,0.0
31.128960682860498,222.49047328305562,118,1.671,0.241,10.45,118,0.0,10,0.345,False,54,0.06896551724137931,0.0
27.1389606828605,778.4104732830556,107,1.778,0.409,8.86,107,0.0,10,0.345,False,55,0.041379310344827586,0.0
43.2489606828605,37.150473283055604,101,1.802,0.183,8.4,101,0.0,10,0.345,False,57,0.07586206896551724,0.0
355.2089606828605,54.27047328305561,116,1.858,0.189,8.18,116,0.0,10,0.345,False,63,0.06896551724137931,0.0
349.4089606828605,575.5704732830555,108,1.841,0.592,9.08,108,0.0,10,0.345,False,69,0.05517241379310345,0.0
349.2089606828605,591.5204732830556,130,1.844,0.547,10.45,130,0.0,10,0.345,False,70,0.034482758620689655,0.0
349.0189606828605,603.3604732830556,116,1.824,0.442,9.54,116,0.0,10,0.345,False,71,0.041379310344827586,0.0
349.1889606828605,650.4604732830555,101,1.924,0.346,6.36,101,0.0,10,0.345,False,72,0.11724137931034483,0.0
349.0489606828605,439.4404732830556,442,1.777,0.447,39.75,442,0.0,10,0.345,False,75,0.2482758620689655,0.0
355.7189606828605,292.7204732830556,307,1.539,0.272,32.93,307,0.0,10,0.345,False,81,0.1310344827586207,0.0
381.3589606828605,19.220473283055608,134,1.592,0.332,14.99,134,0.0,10,0.345,False,87,0.06206896551724138,0.0
381.2489606828605,583.9304732830556,169,1.532,0.111,18.17,169,0.0,10,0.345,False,90,0.06896551724137931,0.0
195.2189606828605,45.110473283055605,148,1.801,0.326,13.4,148,0.0,10,0.345,False,96,0.14482758620689656,0.0
367.2489606828605,258.3304732830556,273,1.762,0.503,23.85,273,0.0,10,0.345,False,99,0.034482758620689655,0.0
12.4389606828605,11.120473283055606,104,1.705,0.488,11.36,104,0.0,10,0.345,False,102,0.020689655172413793,0.0
23.4989606828605,267.11047328305557,104,1.544,0.446,12.72,104,0.0,10,0.345,False,106,0.07586206896551724,0.0
23.968960682860498,619.4004732830556,122,1.794,0.537,11.13,122,0.0,10,0.345,False,107,0.04827586206896552,0.0
25.6989606828605,159.77047328305562,101,1.849,0.097,7.27,101,0.0,10,0.345,False,108,0.027586206896551724,0.0
342.2389606828605,53.7604732830556,105,1.669,0.136,9.77,105,0.0,10,0.345,False,115,0.04827586206896552,0.0
360.1889606828605,308.2804732830556,384,1.739,0.19,31.34,384,0.0,10,0.345,False,120,0.9586206896551724,0.0
366.22896068286053,283.5404732830556,264,1.779,0.553,22.49,264,0.0,10,0.345,False,121,0.034482758620689655,0.0
18.948960682860502,782.8804732830556,117,1.698,0.338,11.58,117,0.0,10,0.345,False,127,0.020689655172413793,0.0
19.4789606828605,439.5904732830556,116,1.78,0.479,9.77,116,0.0,10,0.345,False,128,0.027586206896551724,0.0
348.5989606828605,611.4704732830556,115,1.888,0.509,8.86,115,0.0,10,0.345,False,131,0.09655172413793103,0.0
368.4289606828605,110.8104732830556,156,1.573,0.292,16.81,156,0.0,10,0.345,False,132,0.15172413793103448,0.0
103.88610354000336,421.70761614019847,541,1.847,0.339,40.84,541,0.0,11,0.379,False,0,0.496551724137931,0.0
329.8561035400034,121.51761614019847,735,1.917,0.216,45.11,735,0.0,11,0.379,True,1,1.0,1.0
338.78610354000335,108.35761614019846,713,1.875,0.31,51.28,713,0.0,11,0.379,True,2,1.0,1.0
317.2961035400034,83.67761614019847,604,1.77,0.198,48.43,604,0.0,11,0.379,True,3,0.35172413793103446,1.0
324.78610354000335,493.67761614019844,680,1.83,0.265,50.57,680,0.0,11,0.379,True,4,1.0,3.0
346.6161035400034,467.4976161401985,697,1.857,0.446,51.76,697,0.0,11,0.379,True,5,1.0,3.0
302.3561035400034,507.66761614019845,438,1.796,0.296,37.51,438,0.0,11,0.379,False,6,0.993103448275862,0.0
304.90610354000336,424.89761614019847,519,1.862,0.31,37.51,519,0.0,11,0.379,False,7,0.16551724137931034,0.0
306.20610354000337,252.97761614019845,571,1.808,0.245,45.35,571,0.0,11,0.379,True,8,0.5586206896551724,2.0
302.22610354000335,98.50761614019846,505,1.765,0.225,41.79,505,0.0,11,0.379,False,9,1.0,0.0
292.0661035400034,499.97761614019845,576,1.855,0.284,43.69,576,0.0,11,0.379,True,10,1.0,3.0
285.90610354000336,83.16761614019846,627,1.93,0.23,39.41,627,0.0,11,0.379,False,11,1.0,0.0
344.89610354000337,317.8776161401985,617,1.857,0.201,43.45,617,0.0,11,0.379,True,12,0.15862068965517243,2.0
355.7461035400034,136.73761614019847,278,1.66,0.498,28.02,278,0.0,11,0.379,False,13,0.1793103448275862,0.0
360.7561035400034,252.50761614019845,498,1.769,0.368,41.07,498,0.0,11,0.379,False,14,0.08275862068965517,0.0
333.8861035400034,449.7476161401985,673,1.863,0.285,47.01,673,0.0,11,0.379,True,15,0.6275862068965518,3.0
347.66610354000335,65.37761614019847,652,1.658,0.097,60.54,652,0.0,11,0.379,True,16,1.0,1.0
356.39610354000337,459.79761614019844,423,1.646,0.171,39.17,423,0.0,11,0.379,False,17,0.4413793103448276,0.0
382.14610354000337,89.40761614019846,117,1.809,0.53,9.5,117,0.0,11,0.379,False,18,0.06206896551724138,0.0
362.76610354000337,270.45761614019847,487,1.744,0.222,37.51,487,0.0,11,0.379,False,19,0.4896551724137931,0.0
364.40610354000336,459.91761614019845,125,1.595,0.331,14.01,125,0.0,11,0.379,False,20,0.034482758620689655,0.0
359.78610354000335,281.42761614019844,493,1.897,0.386,31.58,493,0.0,11,0.379,False,21,0.13793103448275862,0.0
354.1361035400034,238.42761614019847,328,1.772,0.208,26.35,328,0.0,11,0.379,False,22,0.9862068965517241,0.0
361.4261035400034,67.65761614019846,605,1.871,0.403,44.4,605,0.0,11,0.379,True,23,0.22758620689655173,1.0
355.4861035400034,448.9476161401985,485,1.714,0.321,41.79,485,0.0,11,0.379,False,27,0.22758620689655173,0.0
354.95610354000337,323.61761614019844,407,1.878,0.091,25.88,407,0.0,11,0.379,False,28,0.9793103448275862,0.0
358.6761035400034,103.57761614019846,535,1.862,0.462,38.7,535,0.0,11,0.379,False,29,0.41379310344827586,0.0
20.14610354000336,507.28761614019845,129,1.74,0.573,12.82,129,0.0,11,0.379,False,31,0.1103448275862069,0.0
15.76610354000336,211.46761614019846,159,1.636,0.144,14.96,159,0.0,11,0.379,False,35,0.07586206896551724,0.0
27.176103540003357,526.5176161401985,102,1.569,0.345,11.87,102,0.0,11,0.379,False,36,0.15172413793103448,0.0
364.7361035400034,137.47761614019845,187,1.771,0.273,15.91,187,0.0,11,0.379,False,41,0.20689655172413793,0.0
14.886103540003358,610.5276161401986,103,1.843,0.727,10.68,103,0.0,11,0.379,False,49,0.04827586206896552,0.0
31.706103540003358,222.51761614019847,122,1.676,0.245,10.68,122,0.0,11,0.379,False,54,0.06896551724137931,0.0
43.79610354000336,37.21761614019847,101,1.796,0.183,8.55,101,0.0,11,0.379,False,57,0.07586206896551724,0.0
364.4361035400034,57.74761614019847,102,1.462,0.11,12.35,102,0.0,11,0.379,False,63,0.06896551724137931,0.0
349.97610354000335,575.6376161401985,108,1.841,0.592,9.02,108,0.0,11,0.379,False,69,0.05517241379310345,0.0
349.95610354000337,439.34761614019845,305,1.77,0.481,28.49,305,0.0,11,0.379,False,75,0.2482758620689655,0.0
356.27610354000336,292.7576161401985,316,1.542,0.297,33.95,316,0.0,11,0.379,False,81,0.1310344827586207,0.0
381.91610354000335,19.26761614019847,134,1.591,0.328,14.96,134,0.0,11,0.379,False,87,0.06206896551724138,0.0
381.8161035400034,583.9876161401985,169,1.53,0.112,18.28,169,0.0,11,0.379,False,90,0.06896551724137931,0.0
196.43610354000336,45.11761614019847,136,1.782,0.255,13.53,136,0.0,11,0.379,False,96,0.14482758620689656,0.0
367.89610354000337,258.4376161401985,234,1.754,0.543,22.08,234,0.0,11,0.379,False,99,0.034482758620689655,0.0
16.636103540003358,595.5376161401986,131,1.808,0.387,10.21,131,0.0,11,0.379,False,104,0.027586206896551724,0.0
24.606103540003357,619.5976161401985,129,1.829,0.557,11.16,129,0.0,11,0.379,False,107,0.04827586206896552,0.0
342.8161035400034,53.80761614019847,104,1.669,0.138,9.73,104,0.0,11,0.379,False,115,0.04827586206896552,0.0
355.77610354000336,54.32761614019847,116,1.857,0.189,8.07,116,0.0,11,0.379,False,119,0.08275862068965517,0.0
360.7461035400034,306.41761614019845,425,1.891,0.236,27.07,425,0.0,11,0.379,False,120,0.9586206896551724,0.0
20.046103540003358,439.64761614019847,117,1.779,0.476,9.73,117,0.0,11,0.379,False,128,0.027586206896551724,0.0
349.16610354000335,611.5276161401986,115,1.89,0.509,8.78,115,0.0,11,0.379,False,131,0.09655172413793103,0.0
368.97610354000335,110.86761614019846,162,1.566,0.301,17.09,162,0.0,11,0.379,False,132,0.15172413793103448,0.0
102.29642612064852,422.5189064627791,556,1.809,0.318,48.41,556,0.0,12,0.414,True,0,0.496551724137931,3.0
326.3764261206485,122.48890646277911,689,1.844,0.244,52.33,689,0.0,12,0.414,True,1,1.0,1.0
336.0964261206485,108.20890646277911,652,1.914,0.192,40.11,652,0.0,12,0.414,False,2,1.0,0.0
319.1564261206485,84.71890646277912,749,1.909,0.249,46.8,749,0.0,12,0.414,True,3,0.35172413793103446,1.0
321.4864261206485,492.7689064627791,541,1.725,0.249,50.72,541,0.0,12,0.414,True,4,1.0,3.0
347.7264261206485,466.9089064627791,735,1.856,0.414,53.94,735,0.0,12,0.414,True,5,1.0,3.0
304.1764261206485,507.69890646277906,649,1.914,0.277,42.19,649,0.0,12,0.414,True,6,0.993103448275862,3.0
302.1264261206485,425.9289064627791,633,1.838,0.321,49.33,633,0.0,12,0.414,True,7,0.16551724137931034,3.0
309.8464261206485,253.0889064627791,645,1.818,0.065,47.72,645,0.0,12,0.414,True,8,0.5586206896551724,2.0
302.3864261206485,99.69890646277912,462,1.775,0.241,38.96,462,0.0,12,0.414,False,9,1.0,0.0
290.4764261206485,500.4589064627791,604,1.809,0.23,47.26,604,0.0,12,0.414,True,10,1.0,3.0
281.3564261206485,82.75890646277912,619,1.774,0.227,50.95,619,0.0,12,0.414,True,11,1.0,1.0
344.0564261206485,317.8089064627791,667,1.881,0.24,44.26,667,0.0,12,0.414,True,12,0.15862068965517243,2.0
357.7764261206485,136.79890646277912,434,1.641,0.383,41.73,434,0.0,12,0.414,False,13,0.1793103448275862,0.0
331.3764261206485,451.4889064627791,638,1.844,0.255,45.18,638,0.0,12,0.414,True,15,0.6275862068965518,3.0
348.1264261206485,65.25890646277911,754,1.789,0.148,58.79,754,0.0,12,0.414,True,16,1.0,1.0
358.2864261206485,461.1089064627791,379,1.574,0.282,38.73,379,0.0,12,0.414,False,17,0.4413793103448276,0.0
363.2864261206485,269.5389064627791,530,1.856,0.241,34.81,530,0.0,12,0.414,False,19,0.4896551724137931,0.0
361.7864261206485,280.7089064627791,545,1.856,0.419,40.11,545,0.0,12,0.414,False,21,0.13793103448275862,0.0
351.5064261206485,238.9889064627791,478,1.711,0.172,42.42,478,0.0,12,0.414,True,22,0.9862068965517241,2.0
363.3364261206485,63.45890646277911,423,1.691,0.37,41.03,423,0.0,12,0.414,False,23,0.22758620689655173,0.0
363.6164261206485,126.79890646277912,100,1.414,0.106,13.14,100,0.1,12,0.414,False,24,0.07586206896551724,0.0
356.7664261206485,448.7989064627791,590,1.747,0.373,48.87,590,0.0,12,0.414,True,27,0.22758620689655173,3.0
355.3164261206485,322.0489064627791,367,1.854,0.475,29.51,367,0.0,12,0.414,False,28,0.9793103448275862,0.0
360.3464261206485,103.35890646277912,530,1.709,0.403,50.26,530,0.0,12,0.414,True,29,0.41379310344827586,1.0
27.36642612064852,524.8889064627791,148,1.76,0.494,13.6,148,0.0,12,0.414,False,36,0.15172413793103448,0.0
365.9264261206485,136.21890646277913,315,1.857,0.158,22.13,315,0.0,12,0.414,False,41,0.20689655172413793,0.0
15.416426120648516,33.57890646277911,103,1.848,0.096,7.84,103,0.0,12,0.414,False,46,0.041379310344827586,0.0
12.386426120648517,410.7189064627791,133,1.814,0.648,12.68,133,0.0,12,0.414,False,52,0.11724137931034483,0.0
352.14642612064847,635.8489064627792,133,1.844,0.588,11.07,133,0.1,12,0.414,False,72,0.11724137931034483,0.0
351.2564261206485,436.1489064627791,463,1.815,0.473,37.81,463,0.0,12,0.414,False,75,0.2482758620689655,0.0
357.9664261206485,294.1189064627791,334,1.64,0.408,35.5,334,0.0,12,0.414,False,81,0.1310344827586207,0.0
367.3464261206485,480.0789064627791,124,1.809,0.366,9.45,124,0.0,12,0.414,False,82,0.09655172413793103,0.0
12.366426120648518,321.0389064627791,138,1.817,0.64,12.91,138,0.0,12,0.414,False,93,0.09655172413793103,0.0
196.93642612064852,45.09890646277911,155,1.83,0.259,11.99,155,0.0,12,0.414,False,96,0.14482758620689656,0.0
362.0864261206485,245.00890646277912,514,1.837,0.517,40.57,514,0.0,12,0.414,False,98,0.16551724137931034,0.0
358.1364261206485,305.50890646277907,442,1.699,0.272,39.88,442,0.0,12,0.414,False,120,0.9586206896551724,0.0
12.386426120648517,504.9189064627791,144,1.837,0.636,12.68,144,0.0,12,0.414,False,125,0.034482758620689655,0.0
352.14642612064847,617.8489064627792,128,1.878,0.613,10.14,128,0.0,12,0.414,False,131,0.09655172413793103,0.0
27.04642612064852,346.8089064627791,108,1.586,0.488,12.45,108,0.1,12,0.414,False,134,0.08275862068965517,0.0
19.79642612064852,296.8689064627791,108,1.911,0.517,7.61,108,0.0,12,0.414,False,135,0.16551724137931034,0.0
13.166426120648516,727.1089064627791,121,1.595,0.434,13.14,121,0.0,12,0.414,False,137,0.08275862068965517,0.0
321.2564261206485,58.65890646277911,109,1.822,0.413,10.37,109,0.1,12,0.414,False,138,0.08275862068965517,0.0
237.51642612064853,45.60890646277911,100,1.727,0.224,9.22,100,0.1,12,0.414,False,139,0.08275862068965517,0.0
359.1164261206485,437.9389064627791,239,1.801,0.536,20.52,239,0.0,12,0.414,False,141,0.9103448275862069,0.0
101.93953723175963,422.92112868500135,555,1.843,0.352,44.16,555,0.0,13,0.448,True,0,0.496551724137931,3.0
325.9195372317596,122.55112868500133,720,1.876,0.247,51.59,720,0.0,13,0.448,True,1,1.0,1.0
333.7795372317596,108.58112868500133,707,1.887,0.235,48.31,707,0.0,13,0.448,True,2,1.0,1.0
317.7995372317596,84.83112868500133,764,1.889,0.224,48.53,764,0.0,13,0.448,True,3,0.35172413793103446,1.0
321.1295372317596,492.87112868500134,579,1.819,0.293,46.56,579,0.0,13,0.448,True,4,1.0,3.0
348.4595372317596,467.90112868500137,726,1.862,0.455,53.78,726,0.0,13,0.448,True,5,1.0,3.0
303.7695372317596,507.84112868500137,624,1.931,0.335,39.79,624,0.0,13,0.448,False,6,0.993103448275862,0.0
299.7895372317596,426.04112868500135,635,1.843,0.324,49.19,635,0.0,13,0.448,True,7,0.16551724137931034,3.0
307.7995372317596,252.79112868500133,656,1.869,0.083,41.32,656,0.0,13,0.448,False,8,0.5586206896551724,0.0
305.98953723175964,98.28112868500133,566,1.878,0.107,36.29,566,0.0,13,0.448,False,9,1.0,0.0
290.0695372317596,500.15112868500137,562,1.717,0.187,50.06,562,0.0,13,0.448,True,10,1.0,3.0
279.86953723175964,83.35112868500133,614,1.864,0.221,43.29,614,0.0,13,0.448,True,11,1.0,1.0
343.8395372317596,317.97112868500136,656,1.885,0.265,43.5,656,0.0,13,0.448,True,12,0.15862068965517243,2.0
358.4495372317596,136.79112868500133,434,1.634,0.398,41.32,434,0.0,13,0.448,False,13,0.1793103448275862,0.0
329.9595372317596,451.90112868500137,662,1.88,0.247,43.07,662,0.0,13,0.448,True,15,0.6275862068965518,3.0
348.7595372317596,64.90112868500134,668,1.739,0.158,55.75,668,0.0,13,0.448,True,16,1.0,1.0
359.0395372317596,460.80112868500134,367,1.605,0.276,35.85,367,0.0,13,0.448,False,17,0.4413793103448276,0.0
362.9795372317596,268.36112868500135,483,1.762,0.152,36.07,483,0.0,13,0.448,False,19,0.4896551724137931,0.0
362.0995372317596,276.4511286850014,468,1.794,0.421,38.26,468,0.0,13,0.448,False,21,0.13793103448275862,0.0
352.1595372317596,239.04112868500133,470,1.713,0.142,40.66,470,0.0,13,0.448,False,22,0.9862068965517241,0.0
363.98953723175964,64.16112868500133,524,1.814,0.455,41.1,524,0.0,13,0.448,False,23,0.22758620689655173,0.0
357.43953723175963,448.29112868500135,560,1.697,0.351,48.97,560,0.0,13,0.448,True,27,0.22758620689655173,3.0
351.5495372317596,326.75112868500133,297,1.701,0.06,28.2,297,0.0,13,0.448,False,28,0.9793103448275862,0.0
361.0095372317596,103.20112868500134,560,1.742,0.425,49.41,560,0.0,13,0.448,True,29,0.41379310344827586,1.0
27.999537231759636,525.0311286850012,131,1.706,0.458,12.68,131,0.0,13,0.448,False,36,0.15172413793103448,0.0
366.5895372317596,136.87112868500134,321,1.81,0.127,22.74,321,0.0,13,0.448,False,41,0.20689655172413793,0.0
13.569537231759636,410.85112868500136,107,1.806,0.608,10.06,107,0.0,13,0.448,False,52,0.11724137931034483,0.0
352.7995372317596,635.9511286850013,133,1.846,0.592,11.15,133,0.1,13,0.448,False,72,0.11724137931034483,0.0
351.9095372317596,436.2611286850014,464,1.816,0.473,37.82,464,0.0,13,0.448,False,75,0.2482758620689655,0.0
352.7895372317596,287.1311286850014,144,1.706,0.445,12.24,144,0.0,13,0.448,False,81,0.1310344827586207,0.0
367.93953723175963,479.55112868500134,108,1.726,0.329,9.62,108,0.0,13,0.448,False,82,0.09655172413793103,0.0
13.019537231759635,321.16112868500136,139,1.818,0.637,12.9,139,0.0,13,0.448,False,93,0.09655172413793103,0.0
198.19953723175965,44.93112868500133,132,1.691,0.276,13.34,132,0.0,13,0.448,False,96,0.14482758620689656,0.0
362.2995372317596,245.14112868500132,488,1.902,0.394,33.88,488,0.0,13,0.448,False,98,0.16551724137931034,0.0
26.049537231759636,267.8311286850014,114,1.782,0.521,10.27,114,0.0,13,0.448,False,106,0.07586206896551724,0.0
358.80953723175963,294.67112868500135,348,1.574,0.469,40.44,348,0.0,13,0.448,False,116,0.18620689655172415,0.0
351.68953723175963,47.59112868500133,101,1.516,0.343,14.43,101,0.1,13,0.448,False,119,0.08275862068965517,0.0
358.3995372317596,305.67112868500135,362,1.692,0.237,32.35,362,0.0,13,0.448,False,120,0.9586206896551724,0.0
13.609537231759635,504.98112868500135,123,1.877,0.645,10.49,123,0.0,13,0.448,False,125,0.034482758620689655,0.0
352.8195372317596,618.9411286850013,127,1.874,0.616,10.27,127,0.0,13,0.448,False,131,0.09655172413793103,0.0
27.439537231759637,348.85112868500136,106,1.758,0.538,10.71,106,0.1,13,0.448,False,134,0.08275862068965517,0.0
20.439537231759637,296.97112868500136,108,1.914,0.518,7.65,108,0.0,13,0.448,False,135,0.16551724137931034,0.0
13.879537231759635,727.1911286850013,116,1.589,0.413,12.9,116,0.1,13,0.448,False,137,0.08275862068965517,0.0
321.9095372317596,58.76112868500133,107,1.825,0.42,10.06,107,0.1,13,0.448,False,138,0.08275862068965517,0.0
237.58953723175964,45.70112868500133,118,1.809,0.293,9.18,118,0.0,13,0.448,False,139,0.08275862068965517,0.0
359.7695372317596,438.05112868500134,239,1.801,0.537,20.55,239,0.0,13,0.448,False,141,0.9103448275862069,0.0
351.7695372317596,344.30112868500134,136,1.765,0.673,14.65,136,0.0,13,0.448,False,144,0.027586206896551724,0.0
379.67953723175964,34.86112868500133,100,1.728,0.428,8.74,100,0.1,13,0.448,False,145,0.06896551724137931,0.0
99.39032154548512,423.4728933908837,490,1.761,0.195,42.04,490,0.0,14,0.483,False,0,0.496551724137931,0.0
324.3703215454851,122.52289339088368,683,1.843,0.243,50.31,683,0.0,14,0.483,True,1,1.0,1.0
331.1203215454851,108.49289339088368,718,1.901,0.235,48.7,718,0.0,14,0.483,True,2,1.0,1.0
314.9203215454851,85.69289339088368,743,1.876,0.201,47.79,743,0.0,14,0.483,True,3,0.35172413793103446,1.0
322.1303215454851,492.8028933908837,656,1.863,0.353,49.62,656,0.0,14,0.483,True,4,1.0,3.0
348.7703215454851,467.8428933908837,725,1.863,0.455,53.76,725,0.0,14,0.483,True,5,1.0,3.0
302.05032154548513,507.57289339088373,618,1.878,0.283,43.19,618,0.0,14,0.483,True,6,0.993103448275862,3.0
299.0103215454851,425.8928933908837,627,1.845,0.327,48.48,627,0.0,14,0.483,True,7,0.16551724137931034,3.0
305.7903215454851,251.98289339088367,622,1.822,0.131,45.49,622,0.0,14,0.483,True,8,0.5586206896551724,2.0
302.9403215454851,99.69289339088368,623,1.929,0.274,38.83,623,0.0,14,0.483,False,9,1.0,0.0
287.2303215454851,500.0628933908837,594,1.787,0.271,47.1,594,0.0,14,0.483,True,10,1.0,3.0
278.1703215454851,82.82289339088368,580,1.829,0.236,42.73,580,0.0,14,0.483,True,11,1.0,1.0
342.8903215454851,318.1928933908837,715,1.773,0.189,58.58,715,0.0,14,0.483,True,12,0.15862068965517243,2.0
359.1403215454851,136.76289339088368,499,1.673,0.418,45.26,499,0.0,14,0.483,True,13,0.1793103448275862,1.0
328.9203215454851,451.88289339088374,646,1.89,0.228,39.75,646,0.0,14,0.483,False,15,0.6275862068965518,0.0
349.1703215454851,65.28289339088369,615,1.75,0.065,48.48,615,0.0,14,0.483,True,16,1.0,1.0
359.3503215454851,460.7428933908837,367,1.604,0.275,35.84,367,0.0,14,0.483,False,17,0.4413793103448276,0.0
362.80032154548513,278.6728933908837,457,1.768,0.412,39.06,457,0.0,14,0.483,False,21,0.13793103448275862,0.0
352.0203215454851,238.8428933908837,498,1.877,0.326,35.15,498,0.0,14,0.483,False,22,0.9862068965517241,0.0
364.80032154548513,63.352893390883686,464,1.776,0.4,38.14,464,0.0,14,0.483,False,23,0.22758620689655173,0.0
362.5603215454851,319.9728933908837,230,1.848,0.315,18.15,230,0.0,14,0.483,False,25,0.35172413793103446,0.0
357.7503215454851,448.2228933908837,561,1.698,0.351,49.16,561,0.0,14,0.483,True,27,0.22758620689655173,3.0
351.0803215454851,326.6128933908837,454,1.871,0.141,31.7,454,0.0,14,0.483,False,28,0.9793103448275862,0.0
361.9403215454851,101.28289339088369,511,1.73,0.471,47.33,511,0.0,14,0.483,True,29,0.41379310344827586,1.0
28.310321545485124,524.9828933908838,131,1.707,0.461,12.64,131,0.0,14,0.483,False,36,0.15172413793103448,0.0
367.49032154548513,136.2428933908837,367,1.733,0.328,31.24,367,0.0,14,0.483,False,41,0.20689655172413793,0.0
13.88032154548512,410.7928933908837,107,1.809,0.604,9.88,107,0.0,14,0.483,False,52,0.11724137931034483,0.0
51.17032154548512,34.65289339088369,100,1.844,0.41,8.5,100,0.1,14,0.483,False,57,0.07586206896551724,0.0
353.1103215454851,635.9028933908837,133,1.842,0.59,11.26,133,0.1,14,0.483,False,72,0.11724137931034483,0.0
352.2203215454851,436.20289339088373,464,1.816,0.471,37.68,464,0.0,14,0.483,False,75,0.2482758620689655,0.0
353.1203215454851,286.9728933908837,149,1.753,0.464,12.18,149,0.0,14,0.483,False,81,0.1310344827586207,0.0
368.2503215454851,479.4928933908837,108,1.727,0.325,9.65,108,0.0,14,0.483,False,82,0.09655172413793103,0.0
13.340321545485121,321.0328933908837,143,1.836,0.644,12.87,143,0.0,14,0.483,False,93,0.09655172413793103,0.0
198.51032154548514,44.87289339088369,132,1.69,0.278,13.32,132,0.0,14,0.483,False,96,0.14482758620689656,0.0
362.3703215454851,246.92289339088367,503,1.892,0.426,35.15,503,0.0,14,0.483,False,98,0.16551724137931034,0.0
15.910321545485122,587.4928933908838,104,1.621,0.328,12.87,104,0.1,14,0.483,False,104,0.027586206896551724,0.0
26.86032154548512,266.7928933908837,102,1.791,0.454,8.73,102,0.1,14,0.483,False,106,0.07586206896551724,0.0
359.1503215454851,294.5528933908837,326,1.548,0.436,38.6,326,0.0,14,0.483,False,116,0.18620689655172415,0.0
352.0103215454851,47.532893390883686,102,1.521,0.341,14.24,102,0.1,14,0.483,False,119,0.08275862068965517,0.0
368.0403215454851,306.7728933908837,124,1.708,0.446,11.26,124,0.1,14,0.483,False,120,0.9586206896551724,0.0
20.75032154548512,241.85289339088368,107,1.875,0.509,7.81,107,0.1,14,0.483,False,123,0.034482758620689655,0.0
13.920321545485121,504.9228933908837,123,1.876,0.646,10.57,123,0.0,14,0.483,False,125,0.034482758620689655,0.0
353.1303215454851,618.8828933908837,127,1.87,0.614,10.34,127,0.0,14,0.483,False,131,0.09655172413793103,0.0
369.4803215454851,110.78289339088369,143,1.835,0.233,10.34,143,0.0,14,0.483,False,132,0.15172413793103448,0.0
27.75032154548512,348.7928933908837,106,1.762,0.543,10.8,106,0.1,14,0.483,False,134,0.08275862068965517,0.0
20.75032154548512,296.9228933908837,108,1.914,0.513,7.58,108,0.0,14,0.483,False,135,0.16551724137931034,0.0
14.110321545485121,727.1628933908837,120,1.585,0.423,13.32,120,0.0,14,0.483,False,137,0.08275862068965517,0.0
322.2203215454851,58.69289339088369,107,1.828,0.42,10.11,107,0.1,14,0.483,False,138,0.08275862068965517,0.0
237.90032154548513,45.63289339088369,119,1.812,0.292,9.19,119,0.0,14,0.483,False,139,0.08275862068965517,0.0
360.0803215454851,437.9928933908837,239,1.801,0.535,20.45,239,0.0,14,0.483,False,141,0.9103448275862069,0.0
352.0803215454851,344.2428933908837,136,1.766,0.674,14.7,136,0.0,14,0.483,False,144,0.027586206896551724,0.0
379.99032154548513,34.83289339088369,100,1.722,0.421,8.73,100,0.1,14,0.483,False,145,0.06896551724137931,0.0
350.9403215454851,300.1128933908837,487,1.796,0.157,39.29,487,0.0,14,0.483,False,148,0.903448275862069,0.0
97.12359077625435,423.5125087754991,419,1.722,0.214,39.12,419,0.0,15,0.517,False,0,0.496551724137931,0.0
324.8135907762544,121.79250877549907,661,1.863,0.296,48.43,661,0.0,15,0.517,True,1,1.0,1.0
329.52359077625437,107.77250877549908,672,1.847,0.271,49.27,672,0.0,15,0.517,True,2,1.0,1.0
313.5735907762544,86.61250877549907,749,1.888,0.213,47.58,749,0.0,15,0.517,True,3,0.35172413793103446,1.0
319.6235907762544,491.7125087754991,644,1.893,0.363,46.95,644,0.0,15,0.517,True,4,1.0,3.0
349.2635907762544,467.6925087754991,726,1.863,0.455,53.92,726,0.0,15,0.517,True,5,1.0,3.0
300.5735907762544,506.7625087754991,675,1.922,0.295,42.08,675,0.0,15,0.517,False,6,0.993103448275862,0.0
297.53359077625436,426.3825087754991,582,1.867,0.276,41.87,582,0.0,15,0.517,False,7,0.16551724137931034,0.0
300.7435907762544,249.84250877549908,676,1.837,0.232,48.43,676,0.0,15,0.517,True,8,0.5586206896551724,2.0
302.4835907762544,99.67250877549907,620,1.929,0.266,37.22,620,0.0,15,0.517,False,9,1.0,0.0
285.90359077625436,499.8825087754991,600,1.773,0.275,49.48,600,0.0,15,0.517,True,10,1.0,3.0
276.7935907762544,81.89250877549907,622,1.802,0.251,47.58,622,0.0,15,0.517,True,11,1.0,1.0
342.40359077625436,317.7525087754991,578,1.791,0.216,46.31,578,0.0,15,0.517,True,12,0.15862068965517243,2.0
359.65359077625436,136.86250877549907,491,1.687,0.423,44.2,491,0.0,15,0.517,True,13,0.1793103448275862,1.0
327.5635907762544,451.8425087754991,647,1.893,0.225,39.54,647,0.0,15,0.517,False,15,0.6275862068965518,0.0
349.33359077625437,64.72250877549908,503,1.644,0.1,48.0,503,0.0,15,0.517,True,16,1.0,1.0
360.2435907762544,460.1625087754991,328,1.669,0.298,30.03,328,0.0,15,0.517,False,17,0.4413793103448276,0.0
363.4835907762544,276.6525087754991,470,1.773,0.488,40.39,470,0.0,15,0.517,False,21,0.13793103448275862,0.0
351.60359077625435,238.57250877549907,505,1.883,0.238,33.62,505,0.0,15,0.517,False,22,0.9862068965517241,0.0
365.7635907762544,63.62250877549907,443,1.777,0.432,34.68,443,0.0,15,0.517,False,23,0.22758620689655173,0.0
362.78359077625436,322.4925087754991,187,1.646,0.421,19.67,187,0.0,15,0.517,False,25,0.35172413793103446,0.0
358.8235907762544,447.8325087754991,592,1.691,0.3,51.17,592,0.0,15,0.517,True,27,0.22758620689655173,3.0
351.1835907762544,326.5025087754991,624,1.746,0.084,53.29,624,0.0,15,0.517,True,28,0.9793103448275862,2.0
362.4335907762544,101.13250877549908,511,1.73,0.471,47.37,511,0.0,15,0.517,True,29,0.41379310344827586,1.0
28.803590776254353,524.822508775499,131,1.703,0.459,12.69,131,0.1,15,0.517,False,36,0.15172413793103448,0.0
367.9535907762544,136.69250877549908,369,1.752,0.35,30.66,369,0.0,15,0.517,False,41,0.20689655172413793,0.0
353.60359077625435,635.7425087754991,133,1.845,0.592,11.21,133,0.1,15,0.517,False,72,0.11724137931034483,0.0
352.71359077625436,436.0525087754991,463,1.816,0.472,37.64,463,0.0,15,0.517,False,75,0.2482758620689655,0.0
353.6235907762544,286.8125087754991,149,1.76,0.47,12.05,149,0.0,15,0.517,False,81,0.1310344827586207,0.0
368.7435907762544,479.3325087754991,108,1.725,0.328,9.73,108,0.0,15,0.517,False,82,0.09655172413793103,0.0
13.823590776254354,320.8825087754991,143,1.833,0.643,12.9,143,0.0,15,0.517,False,93,0.09655172413793103,0.0
198.99359077625434,44.72250877549907,132,1.691,0.278,13.32,132,0.1,15,0.517,False,96,0.14482758620689656,0.0
363.3735907762544,247.56250877549908,466,1.821,0.394,34.26,466,0.0,15,0.517,False,98,0.16551724137931034,0.0
360.03359077625436,294.5025087754991,374,1.673,0.2,36.37,374,0.0,15,0.517,False,116,0.18620689655172415,0.0
352.5035907762544,47.38250877549907,101,1.518,0.346,14.38,101,0.1,15,0.517,False,119,0.08275862068965517,0.0
368.52359077625437,306.6125087754991,124,1.711,0.444,11.21,124,0.1,15,0.517,False,120,0.9586206896551724,0.0
21.243590776254354,241.71250877549906,107,1.871,0.511,7.82,107,0.1,15,0.517,False,123,0.034482758620689655,0.0
13.903590776254354,513.722508775499,123,1.86,0.747,12.69,123,0.1,15,0.517,False,125,0.034482758620689655,0.0
353.60359077625435,617.7525087754991,129,1.881,0.615,10.15,129,0.0,15,0.517,False,131,0.09655172413793103,0.0
370.2635907762544,110.57250877549907,135,1.785,0.288,10.57,135,0.0,15,0.517,False,132,0.15172413793103448,0.0
28.243590776254358,348.6425087754991,106,1.759,0.543,10.78,106,0.1,15,0.517,False,134,0.08275862068965517,0.0
21.233590776254353,296.7825087754991,109,1.916,0.51,7.61,109,0.0,15,0.517,False,135,0.16551724137931034,0.0
14.613590776254355,727.0125087754991,121,1.589,0.422,13.32,121,0.0,15,0.517,False,137,0.08275862068965517,0.0
322.71359077625436,58.55250877549907,107,1.827,0.423,10.15,107,0.1,15,0.517,False,138,0.08275862068965517,0.0
238.98359077625435,45.51250877549907,100,1.723,0.23,9.3,100,0.1,15,0.517,False,139,0.08275862068965517,0.0
360.5735907762544,437.8425087754991,239,1.8,0.536,20.51,239,0.0,15,0.517,False,141,0.9103448275862069,0.0
380.4835907762544,34.68250877549907,100,1.719,0.425,8.88,100,0.1,15,0.517,False,145,0.06896551724137931,0.0
351.47359077625435,300.7625087754991,607,1.782,0.143,47.58,607,0.0,15,0.517,True,148,0.903448275862069,2.0
96.51359077625435,423.35618224488684,432,1.746,0.213,38.56,432,0.0,16,0.552,False,0,0.496551724137931,0.0
323.60359077625435,121.72618224488683,656,1.842,0.271,49.4,656,0.0,16,0.552,True,1,1.0,1.0
326.29359077625435,107.63618224488683,682,1.85,0.318,50.41,682,0.0,16,0.552,True,2,1.0,1.0
312.30359077625434,87.55618224488683,751,1.888,0.212,47.6,751,0.0,16,0.552,True,3,0.35172413793103446,1.0
320.29359077625435,491.6361822448868,665,1.855,0.365,50.81,665,0.0,16,0.552,True,4,1.0,3.0
350.02359077625437,466.66618224488684,604,1.874,0.455,43.78,604,0.0,16,0.552,True,5,1.0,3.0
298.35359077625435,506.5961822448868,648,1.905,0.277,40.97,648,0.0,16,0.552,False,6,0.993103448275862,0.0
297.2635907762543,426.3161822448868,584,1.867,0.276,41.97,584,0.0,16,0.552,False,7,0.16551724137931034,0.0
299.43359077625433,248.45618224488683,673,1.909,0.259,43.38,673,0.0,16,0.552,True,8,0.5586206896551724,2.0
301.12359077625433,100.43618224488682,569,1.922,0.234,34.54,569,0.0,16,0.552,False,9,1.0,0.0
285.65359077625436,499.8161822448868,604,1.779,0.279,49.4,604,0.0,16,0.552,True,10,1.0,3.0
275.31359077625433,81.83618224488683,645,1.889,0.33,44.18,645,0.0,16,0.552,True,11,1.0,1.0
341.35359077625435,317.6561822448868,559,1.869,0.281,40.37,559,0.0,16,0.552,False,12,0.15862068965517243,0.0
360.3835907762543,136.80618224488686,493,1.691,0.423,44.18,493,0.0,16,0.552,True,13,0.1793103448275862,1.0
324.79359077625435,452.6961822448868,550,1.829,0.18,38.76,550,0.0,16,0.552,False,15,0.6275862068965518,0.0
344.98359077625435,63.89618224488683,487,1.7,0.107,43.38,487,0.0,16,0.552,True,16,1.0,1.0
360.97359077625435,460.0961822448868,328,1.671,0.298,29.92,328,0.0,16,0.552,False,17,0.4413793103448276,0.0
365.16359077625435,268.1461822448868,451,1.892,0.053,29.12,451,0.0,16,0.552,False,19,0.4896551724137931,0.0
352.06359077625433,238.83618224488683,637,1.806,0.191,47.8,637,0.0,16,0.552,True,22,0.9862068965517241,2.0
366.0035907762543,63.69618224488683,431,1.8,0.369,31.93,431,0.0,16,0.552,False,23,0.22758620689655173,0.0
363.46359077625436,322.4961822448868,199,1.657,0.412,20.28,199,0.0,16,0.552,False,25,0.35172413793103446,0.0
359.55359077625434,447.7661822448868,592,1.69,0.301,51.21,592,0.0,16,0.552,True,27,0.22758620689655173,3.0
350.81359077625433,326.3361822448868,574,1.806,0.182,46.39,574,0.0,16,0.552,True,28,0.9793103448275862,2.0
363.16359077625435,101.06618224488683,511,1.73,0.471,47.4,511,0.0,16,0.552,True,29,0.41379310344827586,1.0
15.143590776254351,504.73618224488683,125,1.881,0.643,10.64,125,0.1,16,0.552,False,31,0.1103448275862069,0.0
29.53359077625435,524.7561822448868,131,1.704,0.459,12.65,131,0.1,16,0.552,False,36,0.15172413793103448,0.0
368.67359077625434,136.68618224488685,378,1.78,0.357,30.73,378,0.0,16,0.552,False,41,0.20689655172413793,0.0
15.113590776254352,410.60618224488684,107,1.817,0.609,9.64,107,0.0,16,0.552,False,52,0.11724137931034483,0.0
52.403590776254354,34.43618224488683,100,1.849,0.417,8.43,100,0.1,16,0.552,False,57,0.07586206896551724,0.0
354.3335907762543,635.6861822448868,133,1.844,0.593,11.25,133,0.1,16,0.552,False,72,0.11724137931034483,0.0
353.4435907762543,435.98618224488683,463,1.815,0.473,37.76,463,0.0,16,0.552,False,75,0.2482758620689655,0.0
354.42359077625434,287.11618224488683,136,1.72,0.307,12.05,136,0.1,16,0.552,False,81,0.1310344827586207,0.0
369.46359077625436,479.2661822448868,109,1.727,0.326,9.64,109,0.0,16,0.552,False,82,0.09655172413793103,0.0
14.593590776254352,325.1461822448868,122,1.58,0.373,15.26,122,0.0,16,0.552,False,93,0.09655172413793103,0.0
199.73359077625435,44.666182244886826,132,1.69,0.275,13.46,132,0.1,16,0.552,False,96,0.14482758620689656,0.0
363.72359077625435,246.74618224488685,413,1.926,0.287,26.71,413,0.0,16,0.552,False,98,0.16551724137931034,0.0
27.92359077625435,266.5761822448868,119,1.788,0.478,10.84,119,0.0,16,0.552,False,106,0.07586206896551724,0.0
360.72359077625435,294.7661822448868,372,1.692,0.258,35.95,372,0.0,16,0.552,False,116,0.18620689655172415,0.0
353.22359077625435,47.316182244886825,102,1.521,0.348,14.46,102,0.1,16,0.552,False,119,0.08275862068965517,0.0
369.30359077625434,306.67618224488683,125,1.722,0.466,11.65,125,0.1,16,0.552,False,120,0.9586206896551724,0.0
354.3335907762543,617.6961822448868,129,1.878,0.616,10.24,129,0.1,16,0.552,False,131,0.09655172413793103,0.0
370.99359077625434,110.50618224488683,136,1.787,0.286,10.64,136,0.0,16,0.552,False,132,0.15172413793103448,0.0
28.973590776254355,348.5761822448868,107,1.758,0.54,10.84,107,0.1,16,0.552,False,134,0.08275862068965517,0.0
21.96359077625435,296.7061822448868,109,1.918,0.511,7.63,109,0.0,16,0.552,False,135,0.16551724137931034,0.0
15.343590776254352,726.9461822448868,121,1.586,0.422,13.25,121,0.0,16,0.552,False,137,0.08275862068965517,0.0
323.4435907762543,58.48618224488683,108,1.827,0.422,10.04,108,0.1,16,0.552,False,138,0.08275862068965517,0.0
239.71359077625434,45.43618224488683,101,1.725,0.228,9.24,101,0.1,16,0.552,False,139,0.08275862068965517,0.0
361.30359077625434,437.7761822448868,239,1.801,0.535,20.48,239,0.0,16,0.552,False,141,0.9103448275862069,0.0
381.22359077625435,34.606182244886824,100,1.72,0.427,8.84,100,0.1,16,0.552,False,145,0.06896551724137931,0.0
349.52359077625437,299.5761822448868,649,1.914,0.146,41.57,649,0.0,16,0.552,False,148,0.903448275862069,0.0
339.15359077625436,451.10618224488684,134,1.783,0.206,11.25,134,0.0,16,0.552,False,149,0.04827586206896552,0.0
384.40359077625436,399.73618224488683,102,1.783,0.347,8.03,102,0.0,16,0.552,False,150,0.034482758620689655,0.0
95.5450453217089,423.4336367903414,394,1.704,0.194,37.27,394,0.0,17,0.586,False,0,0.496551724137931,0.0
323.26504532170895,121.98363679034136,675,1.874,0.246,46.49,675,0.0,17,0.586,True,1,1.0,1.0
321.4250453217089,107.70363679034136,520,1.704,0.294,49.04,520,0.0,17,0.586,True,2,1.0,1.0
310.8750453217089,87.51363679034137,728,1.883,0.185,46.29,728,0.0,17,0.586,True,3,0.35172413793103446,1.0
319.1150453217089,491.0636367903414,654,1.878,0.309,45.51,654,0.0,17,0.586,True,4,1.0,3.0
350.7550453217089,465.6636367903414,614,1.886,0.459,43.74,614,0.0,17,0.586,True,5,1.0,3.0
298.9450453217089,506.5336367903414,597,1.909,0.283,38.25,597,0.0,17,0.586,False,6,0.993103448275862,0.0
297.1150453217089,426.5436367903414,602,1.844,0.292,45.12,602,0.0,17,0.586,True,7,0.16551724137931034,3.0
298.2550453217089,247.81363679034138,603,1.854,0.217,41.39,603,0.0,17,0.586,False,8,0.5586206896551724,0.0
300.84504532170894,100.66363679034137,539,1.916,0.233,32.76,539,0.0,17,0.586,False,9,1.0,0.0
284.21504532170894,499.3636367903414,607,1.851,0.23,43.35,607,0.0,17,0.586,True,10,1.0,3.0
274.0550453217089,81.88363679034137,646,1.889,0.33,44.14,646,0.0,17,0.586,True,11,1.0,1.0
341.5450453217089,317.52363679034136,383,1.755,0.216,33.74,383,0.0,17,0.586,False,12,0.15862068965517243,0.0
361.2950453217089,136.8036367903414,574,1.801,0.364,43.94,574,0.0,17,0.586,True,13,0.1793103448275862,1.0
322.39504532170895,452.9236367903414,503,1.813,0.14,37.27,503,0.0,17,0.586,False,15,0.6275862068965518,0.0
344.9450453217089,64.17363679034138,527,1.742,0.099,42.96,527,0.0,17,0.586,True,16,1.0,1.0
361.70504532170895,460.01363679034137,313,1.623,0.243,30.4,313,0.0,17,0.586,False,17,0.4413793103448276,0.0
365.40504532170894,272.4236367903414,419,1.776,0.384,34.72,419,0.0,17,0.586,False,21,0.13793103448275862,0.0
351.8850453217089,238.6036367903414,562,1.808,0.29,43.55,562,0.0,17,0.586,True,22,0.9862068965517241,2.0
366.7550453217089,63.853636790341376,419,1.756,0.329,32.37,419,0.0,17,0.586,False,23,0.22758620689655173,0.0
358.20504532170895,320.6636367903414,266,1.719,0.565,27.07,266,0.0,17,0.586,False,25,0.35172413793103446,0.0
360.2950453217089,447.7136367903414,604,1.745,0.348,48.65,604,0.0,17,0.586,True,27,0.22758620689655173,3.0
347.28504532170894,326.70363679034136,734,1.867,0.225,50.02,734,0.0,17,0.586,True,28,0.9793103448275862,2.0
363.9250453217089,102.11363679034137,470,1.691,0.469,44.72,470,0.0,17,0.586,True,29,0.41379310344827586,1.0
15.8850453217089,504.7836367903414,125,1.882,0.644,10.59,125,0.1,17,0.586,False,31,0.1103448275862069,0.0
30.2750453217089,524.8036367903413,132,1.707,0.46,12.75,132,0.1,17,0.586,False,36,0.15172413793103448,0.0
369.46504532170894,136.7036367903414,325,1.767,0.348,26.87,325,0.0,17,0.586,False,41,0.20689655172413793,0.0
15.8550453217089,410.64363679034136,107,1.819,0.609,9.61,107,0.1,17,0.586,False,52,0.11724137931034483,0.0
53.1350453217089,34.48363679034138,100,1.853,0.415,8.43,100,0.1,17,0.586,False,57,0.07586206896551724,0.0
355.0750453217089,635.7336367903414,133,1.847,0.593,11.18,133,0.1,17,0.586,False,72,0.11724137931034483,0.0
354.16504532170893,435.8036367903414,524,1.804,0.478,43.15,524,0.0,17,0.586,True,75,0.2482758620689655,3.0
354.5050453217089,287.2336367903414,182,1.819,0.315,15.69,182,0.0,17,0.586,False,81,0.1310344827586207,0.0
370.09504532170894,479.1136367903414,112,1.804,0.392,8.83,112,0.0,17,0.586,False,82,0.09655172413793103,0.0
15.3350453217089,325.1936367903414,122,1.581,0.371,15.3,122,0.0,17,0.586,False,93,0.09655172413793103,0.0
196.3250453217089,45.38363679034138,183,1.835,0.272,15.1,183,0.0,17,0.586,False,96,0.14482758620689656,0.0
364.40504532170894,246.52363679034138,358,1.957,0.232,20.99,358,0.0,17,0.586,False,98,0.16551724137931034,0.0
28.7050453217089,267.2836367903414,102,1.749,0.493,10.2,102,0.1,17,0.586,False,106,0.07586206896551724,0.0
361.60504532170893,295.4736367903414,324,1.762,0.2,28.84,324,0.0,17,0.586,False,116,0.18620689655172415,0.0
353.96504532170894,47.363636790341374,101,1.518,0.344,14.32,101,0.1,17,0.586,False,119,0.08275862068965517,0.0
369.83504532170895,307.2136367903414,131,1.665,0.381,13.14,131,0.1,17,0.586,False,120,0.9586206896551724,0.0
355.0750453217089,617.7336367903414,129,1.88,0.614,10.2,129,0.1,17,0.586,False,131,0.09655172413793103,0.0
371.3750453217089,110.60363679034137,146,1.829,0.205,10.4,146,0.0,17,0.586,False,132,0.15172413793103448,0.0
29.7150453217089,348.6236367903414,107,1.762,0.541,10.79,107,0.1,17,0.586,False,134,0.08275862068965517,0.0
22.7050453217089,296.7536367903414,110,1.917,0.505,7.65,110,0.0,17,0.586,False,135,0.16551724137931034,0.0
16.0850453217089,726.9936367903414,121,1.585,0.422,13.34,121,0.1,17,0.586,False,137,0.08275862068965517,0.0
324.1850453217089,58.52363679034138,108,1.826,0.421,10.2,108,0.1,17,0.586,False,138,0.08275862068965517,0.0
240.4450453217089,45.48363679034138,100,1.724,0.224,9.22,100,0.1,17,0.586,False,139,0.08275862068965517,0.0
362.10504532170893,436.9236367903414,247,1.798,0.516,21.38,247,0.0,17,0.586,False,141,0.9103448275862069,0.0
353.89504532170895,350.9636367903414,102,1.804,0.658,10.59,102,0.1,17,0.586,False,144,0.027586206896551724,0.0
381.95504532170895,34.65363679034137,100,1.723,0.429,8.83,100,0.1,17,0.586,False,145,0.06896551724137931,0.0
351.76504532170895,299.3536367903414,534,1.847,0.231,40.02,534,0.0,17,0.586,False,148,0.903448275862069,0.0
339.03504532170894,451.0936367903414,153,1.825,0.259,11.97,153,0.0,17,0.586,False,149,0.04827586206896552,0.0
385.1350453217089,399.7836367903414,102,1.783,0.344,8.04,102,0.1,17,0.586,False,150,0.034482758620689655,0.0
353.3150453217089,72.86363679034137,136,1.791,0.585,12.36,136,0.0,17,0.586,False,151,0.8275862068965517,0.0
96.68889147555505,423.884021405726,522,1.804,0.283,41.24,522,0.0,18,0.621,False,0,0.496551724137931,0.0
321.738891475555,122.064021405726,669,1.885,0.263,44.81,669,0.0,18,0.621,True,1,1.0,1.0
318.998891475555,107.314021405726,484,1.762,0.194,41.63,484,0.0,18,0.621,False,2,1.0,0.0
309.50889147555506,87.98402140572598,641,1.843,0.183,43.62,641,0.0,18,0.621,True,3,0.35172413793103446,1.0
317.62889147555506,490.844021405726,602,1.843,0.311,44.21,602,0.0,18,0.621,True,4,1.0,3.0
351.22889147555503,465.824021405726,612,1.917,0.425,43.02,612,0.0,18,0.621,True,5,1.0,3.0
295.618891475555,505.75402140572595,716,1.903,0.289,46.59,716,0.0,18,0.621,True,6,0.993103448275862,3.0
296.63889147555506,427.05402140572596,583,1.85,0.288,43.81,583,0.0,18,0.621,True,7,0.16551724137931034,3.0
300.488891475555,248.03402140572598,654,1.881,0.183,42.23,654,0.0,18,0.621,True,8,0.5586206896551724,2.0
297.59889147555504,102.41402140572599,545,1.908,0.177,35.09,545,0.0,18,0.621,False,9,1.0,0.0
281.84889147555504,499.034021405726,576,1.828,0.246,42.23,576,0.0,18,0.621,True,10,1.0,3.0
275.53889147555503,82.004021405726,596,1.875,0.298,41.44,596,0.0,18,0.621,False,11,1.0,0.0
345.58889147555504,310.92402140572597,115,1.446,0.136,13.48,115,0.1,18,0.621,False,12,0.15862068965517243,0.0
362.00889147555506,136.92402140572597,585,1.851,0.349,41.24,585,0.0,18,0.621,False,13,0.1793103448275862,0.0
321.238891475555,453.12402140572595,435,1.736,0.055,37.07,435,0.0,18,0.621,False,15,0.6275862068965518,0.0
341.188891475555,63.20402140572599,474,1.635,0.08,49.56,474,0.0,18,0.621,True,16,1.0,1.0
362.52889147555504,460.11402140572596,339,1.614,0.209,32.51,339,0.0,18,0.621,False,17,0.4413793103448276,0.0
366.28889147555503,268.894021405726,530,1.894,0.209,34.1,530,0.0,18,0.621,False,19,0.4896551724137931,0.0
350.66889147555503,238.73402140572597,509,1.842,0.346,40.44,509,0.0,18,0.621,False,22,0.9862068965517241,0.0
367.368891475555,64.02402140572599,419,1.757,0.329,32.32,419,0.0,18,0.621,False,23,0.22758620689655173,0.0
358.63889147555506,320.18402140572596,277,1.635,0.46,27.95,277,0.0,18,0.621,False,25,0.35172413793103446,0.0
361.38889147555506,447.79402140572597,557,1.796,0.335,41.83,557,0.0,18,0.621,False,27,0.22758620689655173,0.0
345.82889147555505,327.31402140572595,684,1.852,0.174,50.56,684,0.0,18,0.621,True,28,0.9793103448275862,2.0
365.34889147555504,104.18402140572599,477,1.767,0.38,39.65,477,0.0,18,0.621,False,29,0.41379310344827586,0.0
16.508891475555053,506.81402140572595,121,1.848,0.632,10.71,121,0.1,18,0.621,False,31,0.1103448275862069,0.0
30.888891475555056,524.984021405726,131,1.706,0.457,12.69,131,0.1,18,0.621,False,36,0.15172413793103448,0.0
370.40889147555504,135.50402140572598,306,1.621,0.425,33.31,306,0.0,18,0.621,False,41,0.20689655172413793,0.0
16.468891475555054,410.81402140572595,107,1.818,0.609,9.71,107,0.0,18,0.621,False,52,0.11724137931034483,0.0
355.688891475555,635.904021405726,133,1.845,0.591,11.1,133,0.1,18,0.621,False,72,0.11724137931034483,0.0
354.47889147555503,435.92402140572597,603,1.845,0.397,44.81,603,0.0,18,0.621,True,75,0.2482758620689655,3.0
354.83889147555504,288.384021405726,145,1.805,0.376,13.88,145,0.0,18,0.621,False,81,0.1310344827586207,0.0
370.70889147555505,479.274021405726,112,1.804,0.393,8.92,112,0.0,18,0.621,False,82,0.09655172413793103,0.0
15.948891475555055,325.36402140572596,122,1.58,0.37,15.27,122,0.0,18,0.621,False,93,0.09655172413793103,0.0
196.94889147555506,45.55402140572599,183,1.834,0.267,15.07,183,0.0,18,0.621,False,96,0.14482758620689656,0.0
361.63889147555506,243.37402140572598,332,1.895,0.143,24.98,332,0.0,18,0.621,False,98,0.16551724137931034,0.0
362.75889147555506,296.034021405726,306,1.737,0.259,25.97,306,0.0,18,0.621,False,116,0.18620689655172415,0.0
354.57889147555505,47.53402140572599,101,1.519,0.344,14.27,101,0.1,18,0.621,False,119,0.08275862068965517,0.0
370.44889147555506,307.384021405726,131,1.666,0.381,13.08,131,0.1,18,0.621,False,120,0.9586206896551724,0.0
355.70889147555505,618.884021405726,127,1.874,0.615,10.31,127,0.1,18,0.621,False,131,0.09655172413793103,0.0
30.328891475555054,348.784021405726,107,1.763,0.543,10.9,107,0.1,18,0.621,False,134,0.08275862068965517,0.0
23.318891475555056,298.784021405726,105,1.874,0.481,7.73,105,0.0,18,0.621,False,135,0.16551724137931034,0.0
16.698891475555055,727.164021405726,121,1.588,0.421,13.28,121,0.1,18,0.621,False,137,0.08275862068965517,0.0
324.798891475555,58.70402140572599,108,1.83,0.424,10.11,108,0.1,18,0.621,False,138,0.08275862068965517,0.0
241.06889147555506,45.66402140572599,100,1.725,0.226,9.32,100,0.1,18,0.621,False,139,0.08275862068965517,0.0
362.75889147555506,436.964021405726,261,1.792,0.488,22.6,261,0.0,18,0.621,False,141,0.9103448275862069,0.0
354.498891475555,351.134021405726,102,1.805,0.654,10.51,102,0.1,18,0.621,False,144,0.027586206896551724,0.0
382.57889147555505,34.83402140572599,100,1.717,0.424,8.92,100,0.1,18,0.621,False,145,0.06896551724137931,0.0
345.738891475555,295.854021405726,583,1.886,0.15,37.07,583,0.0,18,0.621,False,148,0.903448275862069,0.0
340.808891475555,451.29402140572597,124,1.648,0.088,12.09,124,0.0,18,0.621,False,149,0.04827586206896552,0.0
385.75889147555506,399.964021405726,102,1.785,0.351,7.93,102,0.1,18,0.621,False,150,0.034482758620689655,0.0
333.77889147555504,316.474021405726,594,1.856,0.188,43.81,594,0.0,18,0.621,True,152,0.8758620689655172,2.0
95.3743816716335,424.00657042533385,521,1.803,0.284,41.17,521,0.0,19,0.655,False,0,0.496551724137931,0.0
320.48438167163346,121.72657042533383,605,1.881,0.229,41.56,605,0.0,19,0.655,False,1,1.0,0.0
317.7043816716335,107.43657042533384,497,1.755,0.188,43.12,497,0.0,19,0.655,True,2,1.0,1.0
308.16438167163346,88.83657042533383,636,1.854,0.111,42.92,636,0.0,19,0.655,True,3,0.35172413793103446,1.0
315.35438167163346,489.9265704253338,584,1.864,0.302,43.12,584,0.0,19,0.655,True,4,1.0,3.0
351.10438167163346,464.4065704253338,665,1.866,0.212,43.51,665,0.0,19,0.655,True,5,1.0,3.0
294.36438167163345,505.8065704253338,751,1.908,0.247,47.41,751,0.0,19,0.655,True,6,0.993103448275862,3.0
296.34438167163347,427.70657042533384,564,1.864,0.295,41.95,564,0.0,19,0.655,False,7,0.16551724137931034,0.0
298.28438167163347,247.04657042533384,663,1.904,0.211,41.56,663,0.0,19,0.655,False,8,0.5586206896551724,0.0
296.36438167163345,102.57657042533384,543,1.905,0.193,34.73,543,0.0,19,0.655,False,9,1.0,0.0
281.3843816716335,499.14657042533383,586,1.841,0.256,41.75,586,0.0,19,0.655,False,10,1.0,0.0
270.59438167163347,81.27657042533383,638,1.823,0.273,47.8,638,0.0,19,0.655,True,11,1.0,1.0
362.66438167163346,137.13657042533384,595,1.835,0.361,43.12,595,0.0,19,0.655,True,13,0.1793103448275862,1.0
322.5543816716335,453.19657042533385,541,1.882,0.192,35.7,541,0.0,19,0.655,False,15,0.6275862068965518,0.0
341.86438167163345,63.326570425333834,475,1.636,0.081,49.56,475,0.0,19,0.655,True,16,1.0,1.0
363.2043816716335,460.2365704253338,339,1.614,0.209,32.58,339,0.0,19,0.655,False,17,0.4413793103448276,0.0
367.0143816716335,268.89657042533383,531,1.857,0.186,36.49,531,0.0,19,0.655,False,19,0.4896551724137931,0.0
349.5043816716335,239.00657042533385,585,1.774,0.342,49.75,585,0.0,19,0.655,True,22,0.9862068965517241,2.0
368.04438167163346,64.14657042533383,419,1.757,0.328,32.39,419,0.0,19,0.655,False,23,0.22758620689655173,0.0
359.5843816716335,319.50657042533385,271,1.65,0.415,29.66,271,0.0,19,0.655,False,25,0.35172413793103446,0.0
362.0743816716335,447.9065704253338,542,1.817,0.371,40.78,542,0.0,19,0.655,False,27,0.22758620689655173,0.0
345.2643816716335,327.8065704253338,500,1.839,0.229,37.85,500,0.0,19,0.655,False,28,0.9793103448275862,0.0
366.0143816716335,106.56657042533384,544,1.757,0.366,43.7,544,0.0,19,0.655,True,29,0.41379310344827586,1.0
17.18438167163349,506.9265704253338,121,1.846,0.631,10.73,121,0.1,19,0.655,False,31,0.1103448275862069,0.0
31.56438167163349,525.0965704253338,131,1.705,0.46,12.68,131,0.1,19,0.655,False,36,0.15172413793103448,0.0
371.0643816716335,136.23657042533384,331,1.653,0.438,33.17,331,0.0,19,0.655,False,41,0.20689655172413793,0.0
17.17438167163349,407.2265704253338,104,1.782,0.6,9.76,104,0.0,19,0.655,False,52,0.11724137931034483,0.0
54.43438167163349,34.77657042533384,100,1.852,0.418,8.39,100,0.1,19,0.655,False,57,0.07586206896551724,0.0
356.36438167163345,636.0265704253338,133,1.844,0.589,11.12,133,0.1,19,0.655,False,72,0.11724137931034483,0.0
355.67438167163345,435.7965704253338,527,1.8,0.356,41.75,527,0.0,19,0.655,False,75,0.2482758620689655,0.0
355.54438167163346,289.2465704253338,124,1.817,0.335,10.93,124,0.0,19,0.655,False,81,0.1310344827586207,0.0
371.3843816716335,479.4065704253338,111,1.804,0.393,8.78,111,0.0,19,0.655,False,82,0.09655172413793103,0.0
16.62438167163349,325.4865704253338,122,1.581,0.373,15.22,122,0.0,19,0.655,False,93,0.09655172413793103,0.0
197.61438167163348,45.676570425333836,183,1.835,0.271,15.02,183,0.0,19,0.655,False,96,0.14482758620689656,0.0
362.22438167163347,243.33657042533386,469,1.863,0.076,33.56,469,0.0,19,0.655,False,98,0.16551724137931034,0.0
365.2743816716335,297.0465704253338,317,1.901,0.211,20.29,317,0.0,19,0.655,False,116,0.18620689655172415,0.0
355.2543816716335,47.65657042533383,102,1.52,0.346,14.44,102,0.1,19,0.655,False,119,0.08275862068965517,0.0
371.11438167163345,306.95657042533384,143,1.756,0.444,12.29,143,0.0,19,0.655,False,120,0.9586206896551724,0.0
24.00438167163349,241.98657042533384,107,1.874,0.513,7.8,107,0.1,19,0.655,False,123,0.034482758620689655,0.0
356.4043816716335,619.9665704253338,125,1.869,0.616,10.34,125,0.1,19,0.655,False,131,0.09655172413793103,0.0
31.004381671633492,348.9065704253338,106,1.762,0.541,10.73,106,0.1,19,0.655,False,134,0.08275862068965517,0.0
23.99438167163349,297.0565704253338,110,1.919,0.506,7.61,110,0.1,19,0.655,False,135,0.16551724137931034,0.0
17.37438167163349,727.2865704253338,121,1.584,0.42,13.27,121,0.1,19,0.655,False,137,0.08275862068965517,0.0
325.48438167163346,58.826570425333834,108,1.828,0.42,10.15,108,0.1,19,0.655,False,138,0.08275862068965517,0.0
241.74438167163348,45.77657042533384,100,1.72,0.225,9.37,100,0.1,19,0.655,False,139,0.08275862068965517,0.0
383.2443816716335,34.94657042533383,100,1.723,0.429,8.78,100,0.1,19,0.655,False,145,0.06896551724137931,0.0
342.54438167163346,295.26657042533384,501,1.836,0.218,37.46,501,0.0,19,0.655,False,148,0.903448275862069,0.0
340.5043816716335,451.3765704253338,147,1.746,0.193,12.68,147,0.0,19,0.655,False,149,0.04827586206896552,0.0
386.42438167163345,400.07657042533384,102,1.78,0.349,8.0,102,0.1,19,0.655,False,150,0.034482758620689655,0.0
330.79438167163346,316.33657042533383,517,1.764,0.221,43.12,517,0.0,19,0.655,True,152,0.8758620689655172,2.0
95.57614637751584,424.2165704253338,554,1.816,0.295,43.23,554,0.0,20,0.69,True,0,0.496551724137931,3.0
319.64614637751583,121.96657042533383,607,1.878,0.225,41.81,607,0.0,20,0.69,False,1,1.0,0.0
316.88614637751584,107.67657042533384,493,1.762,0.197,42.52,493,0.0,20,0.69,True,2,1.0,1.0
307.50614637751585,89.08657042533383,650,1.919,0.194,39.43,650,0.0,20,0.69,False,3,0.35172413793103446,0.0
314.55614637751586,489.52657042533383,532,1.852,0.253,39.43,532,0.0,20,0.69,False,4,1.0,0.0
353.01614637751584,466.0565704253338,596,1.869,0.265,42.52,596,0.0,20,0.69,True,5,1.0,3.0
293.50614637751585,506.0965704253338,749,1.901,0.248,47.98,749,0.0,20,0.69,True,6,0.993103448275862,3.0
295.73614637751587,427.94657042533385,547,1.79,0.236,43.95,547,0.0,20,0.69,True,7,0.16551724137931034,3.0
297.4161463775159,247.03657042533382,619,1.91,0.193,38.01,619,0.0,20,0.69,False,8,0.5586206896551724,0.0
295.86614637751586,103.00657042533383,561,1.78,0.169,43.47,561,0.0,20,0.69,True,9,1.0,1.0
279.80614637751586,498.63657042533384,590,1.777,0.226,47.27,590,0.0,20,0.69,True,10,1.0,3.0
274.19614637751584,81.95657042533384,640,1.814,0.194,48.46,640,0.0,20,0.69,True,11,1.0,1.0
342.23614637751587,320.1165704253338,101,1.409,0.05,13.78,101,0.1,20,0.69,False,12,0.15862068965517243,0.0
363.79614637751587,138.19657042533382,589,1.858,0.381,41.81,589,0.0,20,0.69,False,13,0.1793103448275862,0.0
321.88614637751584,453.44657042533385,474,1.808,0.138,35.16,474,0.0,20,0.69,False,15,0.6275862068965518,0.0
342.01614637751584,63.40657042533384,608,1.647,0.164,60.57,608,0.0,20,0.69,True,16,1.0,1.0
364.27614637751583,460.1765704253338,338,1.712,0.265,28.74,338,0.0,20,0.69,False,17,0.4413793103448276,0.0
367.57614637751584,268.4065704253338,409,1.859,0.195,28.03,409,0.0,20,0.69,False,19,0.4896551724137931,0.0
348.6661463775159,239.26657042533384,592,1.774,0.348,50.6,592,0.0,20,0.69,True,22,0.9862068965517241,2.0
369.20614637751584,64.37657042533384,418,1.756,0.329,32.31,418,0.0,20,0.69,False,23,0.22758620689655173,0.0
360.75614637751585,317.51657042533384,302,1.74,0.423,27.79,302,0.0,20,0.69,False,25,0.35172413793103446,0.0
363.20614637751584,447.9665704253338,514,1.807,0.363,39.67,514,0.0,20,0.69,False,27,0.22758620689655173,0.0
338.95614637751584,328.37657042533385,495,1.811,0.038,36.34,495,0.0,20,0.69,False,28,0.9793103448275862,0.0
367.13614637751584,106.28657042533384,566,1.827,0.385,43.47,566,0.0,20,0.69,True,29,0.41379310344827586,1.0
18.346146377515844,507.1565704253338,121,1.849,0.634,10.69,121,0.1,20,0.69,False,31,0.1103448275862069,0.0
32.71614637751584,525.3465704253339,130,1.701,0.469,12.59,130,0.1,20,0.69,False,36,0.15172413793103448,0.0
372.2261463775159,136.66657042533382,315,1.664,0.43,31.12,315,0.0,20,0.69,False,41,0.20689655172413793,0.0
18.30614637751584,411.1765704253338,107,1.817,0.611,9.74,107,0.1,20,0.69,False,52,0.11724137931034483,0.0
357.52614637751583,636.2565704253338,133,1.846,0.592,11.16,133,0.1,20,0.69,False,72,0.11724137931034483,0.0
356.50614637751585,435.1765704253338,644,1.827,0.421,48.7,644,0.0,20,0.69,True,75,0.2482758620689655,3.0
347.70614637751584,287.19657042533385,106,1.652,0.202,10.93,106,0.1,20,0.69,False,81,0.1310344827586207,0.0
372.54614637751587,479.64657042533383,112,1.806,0.395,8.79,112,0.1,20,0.69,False,82,0.09655172413793103,0.0
17.78614637751584,325.7265704253338,121,1.58,0.371,15.2,121,0.1,20,0.69,False,93,0.09655172413793103,0.0
198.77614637751583,45.91657042533383,183,1.835,0.27,14.97,183,0.0,20,0.69,False,96,0.14482758620689656,0.0
356.73614637751587,244.19657042533382,476,1.712,0.083,42.05,476,0.0,20,0.69,False,98,0.16551724137931034,0.0
31.28614637751584,267.8065704253338,105,1.735,0.522,10.69,105,0.1,20,0.69,False,106,0.07586206896551724,0.0
357.4661463775159,295.64657042533383,202,1.859,0.218,14.97,202,0.0,20,0.69,False,116,0.18620689655172415,0.0
356.42614637751586,47.896570425333834,101,1.52,0.346,14.25,101,0.1,20,0.69,False,119,0.08275862068965517,0.0
367.32614637751584,299.0365704253338,291,1.641,0.321,27.79,291,0.0,20,0.69,False,120,0.9586206896551724,0.0
357.52614637751583,618.2765704253338,129,1.88,0.616,10.21,129,0.1,20,0.69,False,131,0.09655172413793103,0.0
32.166146377515844,349.13657042533384,106,1.759,0.539,10.69,106,0.1,20,0.69,False,134,0.08275862068965517,0.0
25.156146377515842,297.2865704253338,109,1.919,0.513,7.6,109,0.1,20,0.69,False,135,0.16551724137931034,0.0
18.526146377515843,727.5265704253338,120,1.587,0.422,13.3,120,0.1,20,0.69,False,137,0.08275862068965517,0.0
326.63614637751584,59.066570425333836,108,1.829,0.423,10.21,108,0.1,20,0.69,False,138,0.08275862068965517,0.0
242.89614637751583,46.02657042533383,100,1.721,0.226,9.26,100,0.1,20,0.69,False,139,0.08275862068965517,0.0
364.58614637751583,436.1765704253338,303,1.748,0.463,27.56,303,0.0,20,0.69,False,141,0.9103448275862069,0.0
384.4061463775159,35.18657042533383,100,1.718,0.422,8.79,100,0.1,20,0.69,False,145,0.06896551724137931,0.0
344.56614637751585,296.4265704253338,601,1.871,0.186,38.24,601,0.0,20,0.69,False,148,0.903448275862069,0.0
341.6561463775159,451.62657042533385,146,1.746,0.194,12.59,146,0.0,20,0.69,False,149,0.04827586206896552,0.0
387.58614637751583,400.33657042533383,101,1.78,0.353,8.08,101,0.1,20,0.69,False,150,0.034482758620689655,0.0
354.63614637751584,63.19657042533383,102,1.567,0.299,11.16,102,0.0,20,0.69,False,151,0.8275862068965517,0.0
330.70614637751584,316.2865704253338,593,1.862,0.15,39.43,593,0.0,20,0.69,False,152,0.8758620689655172,0.0
373.4161463775159,252.09657042533382,122,1.773,0.445,10.21,122,0.0,20,0.69,False,154,0.09655172413793103,0.0
95.12576176213122,424.38214734841074,619,1.815,0.354,51.07,619,0.0,21,0.724,True,0,0.496551724137931,3.0
319.1257617621312,122.11214734841076,625,1.905,0.24,40.62,625,0.0,21,0.724,False,1,1.0,0.0
315.41576176213124,107.85214734841077,492,1.758,0.198,42.76,492,0.0,21,0.724,True,2,1.0,1.0
305.1257617621312,89.31214734841076,652,1.934,0.22,38.96,652,0.0,21,0.724,False,3,0.35172413793103446,0.0
312.3057617621312,488.62214734841075,539,1.756,0.177,43.47,539,0.0,21,0.724,True,4,1.0,3.0
353.4957617621312,465.2821473484107,604,1.848,0.23,42.28,604,0.0,21,0.724,True,5,1.0,3.0
291.14576176213126,505.20214734841073,710,1.878,0.221,47.27,710,0.0,21,0.724,True,6,0.993103448275862,3.0
295.1157617621312,428.13214734841074,503,1.872,0.282,37.29,503,0.0,21,0.724,False,7,0.16551724137931034,0.0
291.16576176213124,243.74214734841075,535,1.801,0.221,38.24,535,0.0,21,0.724,False,8,0.5586206896551724,0.0
296.1257617621312,103.41214734841076,553,1.885,0.255,37.06,553,0.0,21,0.724,False,9,1.0,0.0
279.2457617621312,498.2921473484107,592,1.828,0.249,44.42,592,0.0,21,0.724,True,10,1.0,3.0
272.89576176213126,81.54214734841077,632,1.844,0.267,44.9,632,0.0,21,0.724,True,11,1.0,1.0
342.6957617621312,320.36214734841076,142,1.442,0.087,17.1,142,0.1,21,0.724,False,12,0.15862068965517243,0.0
364.35576176213124,138.57214734841077,603,1.842,0.369,43.23,603,0.0,21,0.724,True,13,0.1793103448275862,1.0
322.4457617621312,453.6021473484107,478,1.812,0.144,35.16,478,0.0,21,0.724,False,15,0.6275862068965518,0.0
342.5657617621312,63.58214734841076,608,1.647,0.164,60.57,608,0.0,21,0.724,True,16,1.0,1.0
364.8257617621312,460.3521473484107,338,1.712,0.265,28.74,338,0.0,21,0.724,False,17,0.4413793103448276,0.0
367.8857617621312,268.37214734841075,483,1.771,0.157,36.82,483,0.0,21,0.724,False,19,0.4896551724137931,0.0
374.10576176213124,277.12214734841075,131,1.737,0.572,14.25,131,0.0,21,0.724,False,21,0.13793103448275862,0.0
349.54576176213124,239.41214734841077,564,1.714,0.315,55.59,564,0.0,21,0.724,True,22,0.9862068965517241,2.0
369.7557617621312,64.55214734841076,418,1.756,0.329,32.31,418,0.0,21,0.724,False,23,0.22758620689655173,0.0
361.2457617621312,317.64214734841073,348,1.837,0.391,26.13,348,0.0,21,0.724,False,25,0.35172413793103446,0.0
363.76576176213126,448.1021473484107,462,1.805,0.362,35.87,462,0.0,21,0.724,False,27,0.22758620689655173,0.0
338.27576176213125,328.9621473484107,613,1.896,0.092,38.48,613,0.0,21,0.724,False,28,0.9793103448275862,0.0
367.65576176213125,107.64214734841076,548,1.817,0.367,42.52,548,0.0,21,0.724,True,29,0.41379310344827586,1.0
18.895761762131226,507.33214734841073,121,1.849,0.634,10.69,121,0.1,21,0.724,False,31,0.1103448275862069,0.0
33.345761762131225,526.2321473484108,146,1.734,0.452,13.78,146,0.1,21,0.724,False,36,0.15172413793103448,0.0
372.77576176213125,136.86214734841076,317,1.674,0.433,31.12,317,0.0,21,0.724,False,41,0.20689655172413793,0.0
18.855761762131227,411.3521473484107,107,1.817,0.611,9.74,107,0.1,21,0.724,False,52,0.11724137931034483,0.0
358.0757617621312,636.4321473484108,133,1.846,0.592,11.16,133,0.1,21,0.724,False,72,0.11724137931034483,0.0
357.0557617621312,435.9621473484107,536,1.812,0.291,42.05,536,0.0,21,0.724,False,75,0.2482758620689655,0.0
18.335761762131227,325.9021473484107,121,1.58,0.371,15.2,121,0.1,21,0.724,False,93,0.09655172413793103,0.0
199.32576176213124,46.092147348410755,183,1.835,0.27,14.97,183,0.0,21,0.724,False,96,0.14482758620689656,0.0
31.835761762131227,267.9821473484107,105,1.735,0.522,10.69,105,0.1,21,0.724,False,106,0.07586206896551724,0.0
357.0657617621312,294.49214734841075,200,1.86,0.557,17.34,200,0.0,21,0.724,False,116,0.18620689655172415,0.0
356.97576176213124,48.07214734841075,101,1.52,0.346,14.25,101,0.1,21,0.724,False,119,0.08275862068965517,0.0
368.35576176213124,299.58214734841073,312,1.607,0.255,30.64,312,0.0,21,0.724,False,120,0.9586206896551724,0.0
358.0757617621312,618.4521473484108,129,1.88,0.616,10.21,129,0.1,21,0.724,False,131,0.09655172413793103,0.0
32.71576176213123,349.31214734841075,106,1.759,0.539,10.69,106,0.1,21,0.724,False,134,0.08275862068965517,0.0
25.705761762131225,297.4621473484107,109,1.919,0.513,7.6,109,0.1,21,0.724,False,135,0.16551724137931034,0.0
19.075761762131226,727.7021473484108,120,1.587,0.422,13.3,120,0.1,21,0.724,False,137,0.08275862068965517,0.0
327.1857617621312,59.242147348410754,108,1.829,0.423,10.21,108,0.1,21,0.724,False,138,0.08275862068965517,0.0
243.44576176213124,46.202147348410755,100,1.721,0.226,9.26,100,0.1,21,0.724,False,139,0.08275862068965517,0.0
365.1357617621312,436.3521473484107,303,1.748,0.463,27.56,303,0.0,21,0.724,False,141,0.9103448275862069,0.0
384.95576176213126,35.36214734841075,100,1.718,0.422,8.79,100,0.1,21,0.724,False,145,0.06896551724137931,0.0
345.04576176213124,295.30214734841076,567,1.89,0.204,35.63,567,0.0,21,0.724,False,148,0.903448275862069,0.0
342.15576176213125,451.68214734841075,135,1.808,0.313,10.93,135,0.1,21,0.724,False,149,0.04827586206896552,0.0
355.1857617621312,63.372147348410756,102,1.567,0.299,11.16,102,0.0,21,0.724,False,151,0.8275862068965517,0.0
328.64576176213126,315.94214734841074,540,1.81,0.159,43.0,540,0.0,21,0.724,True,152,0.8758620689655172,2.0
373.8157617621312,250.62214734841075,107,1.812,0.547,9.5,107,0.1,21,0.724,False,154,0.09655172413793103,0.0
287.26576176213126,437.0421473484107,111,1.472,0.018,14.02,111,0.1,21,0.724,False,155,0.8413793103448276,0.0
356.34576176213125,404.2821473484107,108,1.788,0.509,9.5,108,0.1,21,0.724,False,156,0.020689655172413793,0.0
351.26576176213126,262.8521473484107,105,1.492,0.075,13.3,105,0.1,21,0.724,False,157,0.020689655172413793,0.0
355.96576176213125,270.51214734841074,481,1.77,0.115,38.01,481,0.0,21,0.724,False,159,0.8551724137931035,0.0
93.89448903485851,424.98487462113803,560,1.858,0.234,41.91,560,0.0,22,0.759,False,0,0.496551724137931,0.0
317.9444890348585,122.14487462113803,600,1.888,0.247,40.79,600,0.0,22,0.759,False,1,1.0,0.0
313.9244890348585,107.07487462113802,565,1.842,0.243,42.13,565,0.0,22,0.759,False,2,1.0,0.0
303.8544890348585,89.32487462113802,651,1.933,0.22,38.99,651,0.0,22,0.759,False,3,0.35172413793103446,0.0
309.7844890348585,487.66487462113804,467,1.786,0.208,40.34,467,0.0,22,0.759,False,4,1.0,0.0
353.5044890348585,464.04487462113804,650,1.875,0.109,43.03,650,0.0,22,0.759,True,5,1.0,3.0
290.7944890348585,505.304874621138,725,1.907,0.259,45.94,725,0.0,22,0.759,True,6,0.993103448275862,3.0
292.4044890348585,430.36487462113803,551,1.813,0.272,44.82,551,0.0,22,0.759,True,7,0.16551724137931034,3.0
291.9044890348585,243.55487462113803,602,1.897,0.251,37.87,602,0.0,22,0.759,False,8,0.5586206896551724,0.0
294.8544890348585,104.19487462113803,524,1.899,0.28,34.74,524,0.0,22,0.759,False,9,1.0,0.0
279.6444890348585,498.44487462113807,587,1.815,0.249,45.05,587,0.0,22,0.759,True,10,1.0,3.0
268.0544890348585,80.72487462113803,557,1.833,0.254,41.01,557,0.0,22,0.759,False,11,1.0,0.0
340.7244890348585,320.92487462113803,103,1.401,0.205,13.22,103,0.1,22,0.759,False,12,0.15862068965517243,0.0
364.74448903485853,139.96487462113802,524,1.705,0.343,48.85,524,0.0,22,0.759,True,13,0.1793103448275862,1.0
323.1744890348585,454.15487462113805,440,1.799,0.156,33.17,440,0.0,22,0.759,False,15,0.6275862068965518,0.0
342.2644890348585,63.21487462113803,455,1.621,0.148,49.75,455,0.0,22,0.759,True,16,1.0,1.0
364.8244890348585,462.34487462113805,266,1.79,0.361,22.19,266,0.0,22,0.759,False,17,0.4413793103448276,0.0
368.6144890348585,268.3148746211381,449,1.755,0.264,35.18,449,0.0,22,0.759,False,19,0.4896551724137931,0.0
374.8044890348585,277.44487462113807,107,1.778,0.611,11.21,107,0.1,22,0.759,False,21,0.13793103448275862,0.0
349.6144890348585,239.07487462113804,540,1.83,0.261,41.91,540,0.0,22,0.759,False,22,0.9862068965517241,0.0
370.4844890348585,64.57487462113802,418,1.756,0.329,32.27,418,0.0,22,0.759,False,23,0.22758620689655173,0.0
361.8944890348585,312.8748746211381,325,1.731,0.296,27.34,325,0.0,22,0.759,False,25,0.35172413793103446,0.0
364.9544890348585,445.77487462113805,462,1.779,0.455,38.77,462,0.0,22,0.759,False,27,0.22758620689655173,0.0
336.8544890348585,329.554874621138,630,1.915,0.15,36.75,630,0.0,22,0.759,False,28,0.9793103448275862,0.0
368.43448903485853,109.44487462113803,582,1.866,0.416,41.68,582,0.0,22,0.759,False,29,0.41379310344827586,0.0
19.0144890348585,505.45487462113806,152,1.87,0.668,13.89,152,0.1,22,0.759,False,31,0.1103448275862069,0.0
34.0744890348585,526.254874621138,146,1.735,0.448,13.67,146,0.1,22,0.759,False,36,0.15172413793103448,0.0
373.49448903485853,136.694874621138,333,1.65,0.386,32.94,333,0.0,22,0.759,False,41,0.20689655172413793,0.0
19.5844890348585,411.36487462113803,107,1.821,0.613,9.64,107,0.1,22,0.759,False,52,0.11724137931034483,0.0
358.8044890348585,636.4548746211381,133,1.841,0.59,11.21,133,0.1,22,0.759,False,72,0.11724137931034483,0.0
357.4644890348585,435.95487462113806,573,1.758,0.236,47.73,573,0.0,22,0.759,True,75,0.2482758620689655,3.0
19.0644890348585,325.91487462113804,122,1.583,0.372,15.24,122,0.1,22,0.759,False,93,0.09655172413793103,0.0
200.0544890348585,46.10487462113803,183,1.836,0.269,15.02,183,0.0,22,0.759,False,96,0.14482758620689656,0.0
356.4744890348585,231.07487462113804,108,1.701,0.056,9.86,108,0.1,22,0.759,False,98,0.16551724137931034,0.0
32.5644890348585,268.0048746211381,105,1.736,0.524,10.76,105,0.1,22,0.759,False,106,0.07586206896551724,0.0
359.2244890348585,299.26487462113806,186,1.812,0.328,14.34,186,0.0,22,0.759,False,116,0.18620689655172415,0.0
357.6944890348585,48.08487462113803,101,1.521,0.347,14.34,101,0.1,22,0.759,False,119,0.08275862068965517,0.0
369.1044890348585,299.60487462113804,301,1.619,0.29,28.69,301,0.0,22,0.759,False,120,0.9586206896551724,0.0
358.8244890348585,619.4348746211381,127,1.873,0.615,10.31,127,0.1,22,0.759,False,131,0.09655172413793103,0.0
376.0144890348585,101.88487462113802,108,1.849,0.38,8.52,108,0.0,22,0.759,False,132,0.15172413793103448,0.0
33.4444890348585,349.33487462113806,106,1.762,0.542,10.76,106,0.1,22,0.759,False,134,0.08275862068965517,0.0
26.4344890348585,297.47487462113804,109,1.917,0.508,7.62,109,0.1,22,0.759,False,135,0.16551724137931034,0.0
19.8144890348585,727.714874621138,121,1.588,0.42,13.22,121,0.1,22,0.759,False,137,0.08275862068965517,0.0
327.9044890348585,59.25487462113803,107,1.829,0.424,10.08,107,0.1,22,0.759,False,138,0.08275862068965517,0.0
243.60448903485852,46.18487462113803,118,1.812,0.293,9.19,118,0.1,22,0.759,False,139,0.08275862068965517,0.0
365.9244890348585,436.14487462113806,275,1.697,0.412,26.89,275,0.0,22,0.759,False,141,0.9103448275862069,0.0
339.7144890348585,292.78487462113804,649,1.856,0.163,42.8,649,0.0,22,0.759,True,148,0.903448275862069,2.0
343.7944890348585,450.994874621138,106,1.782,0.204,9.19,106,0.1,22,0.759,False,149,0.04827586206896552,0.0
326.2844890348585,315.5048746211381,491,1.739,0.199,43.25,491,0.0,22,0.759,True,152,0.8758620689655172,2.0
374.5544890348585,250.36487462113803,110,1.807,0.523,9.86,110,0.1,22,0.759,False,154,0.09655172413793103,0.0
357.0744890348585,404.304874621138,108,1.795,0.513,9.41,108,0.1,22,0.759,False,156,0.020689655172413793,0.0
351.99448903485853,262.8748746211381,105,1.494,0.076,13.22,105,0.1,22,0.759,False,157,0.020689655172413793,0.0
356.5144890348585,271.32487462113806,653,1.704,0.051,56.92,653,0.0,22,0.759,True,159,0.8551724137931035,2.0
92.15430035561322,425.72110103623237,644,1.812,0.296,51.73,644,0.0,23,0.793,True,0,0.496551724137931,3.0
317.1843003556132,122.64110103623237,617,1.908,0.251,40.12,617,0.0,23,0.793,False,1,1.0,0.0
312.3343003556132,107.68110103623238,590,1.797,0.219,46.03,590,0.0,23,0.793,True,2,1.0,1.0
303.1343003556132,90.22110103623237,617,1.922,0.182,36.86,617,0.0,23,0.793,False,3,0.35172413793103446,0.0
310.4443003556132,487.92110103623236,512,1.798,0.247,39.11,512,0.0,23,0.793,False,4,1.0,0.0
354.0343003556132,464.0211010362324,592,1.76,0.215,47.25,592,0.0,23,0.793,True,5,1.0,3.0
289.1743003556132,505.17110103623236,670,1.879,0.204,43.59,670,0.0,23,0.793,True,6,0.993103448275862,3.0
292.4943003556132,430.9011010362324,501,1.747,0.184,45.22,501,0.0,23,0.793,True,7,0.16551724137931034,3.0
290.2143003556132,242.90110103623235,732,1.904,0.264,47.05,732,0.0,23,0.793,True,8,0.5586206896551724,2.0
293.0743003556132,105.69110103623237,509,1.876,0.263,35.44,509,0.0,23,0.793,False,9,1.0,0.0
277.9943003556132,498.06110103623234,558,1.835,0.319,44.81,558,0.0,23,0.793,True,10,1.0,3.0
269.9043003556132,81.07110103623238,581,1.845,0.248,41.35,581,0.0,23,0.793,False,11,1.0,0.0
339.4543003556132,321.44110103623234,104,1.549,0.103,11.81,104,0.1,23,0.793,False,12,0.15862068965517243,0.0
365.7443003556132,136.02110103623235,579,1.778,0.258,45.83,579,0.0,23,0.793,True,13,0.1793103448275862,1.0
323.5043003556132,454.66110103623237,445,1.806,0.161,33.2,445,0.0,23,0.793,False,15,0.6275862068965518,0.0
342.2543003556132,63.72110103623237,360,1.667,0.16,37.88,360,0.0,23,0.793,False,16,1.0,0.0
365.1443003556132,462.86110103623236,267,1.792,0.36,22.2,267,0.0,23,0.793,False,17,0.4413793103448276,0.0
368.9043003556132,268.0911010362324,460,1.765,0.255,35.24,460,0.0,23,0.793,False,19,0.4896551724137931,0.0
375.1143003556132,277.9611010362324,104,1.795,0.622,10.79,104,0.1,23,0.793,False,21,0.13793103448275862,0.0
348.6243003556132,239.59110103623237,477,1.753,0.194,42.57,477,0.0,23,0.793,True,22,0.9862068965517241,2.0
370.9143003556132,64.42110103623237,472,1.668,0.129,41.35,472,0.0,23,0.793,False,23,0.22758620689655173,0.0
362.2343003556132,309.9511010362324,348,1.736,0.272,28.11,348,0.0,23,0.793,False,25,0.35172413793103446,0.0
365.2843003556132,445.3311010362324,518,1.738,0.478,49.49,518,0.0,23,0.793,True,27,0.22758620689655173,3.0
335.3343003556132,330.06110103623234,595,1.892,0.115,36.05,595,0.0,23,0.793,False,28,0.9793103448275862,0.0
368.6343003556132,109.23110103623237,551,1.861,0.38,41.14,551,0.0,23,0.793,False,29,0.41379310344827586,0.0
34.39430035561321,526.7711010362324,147,1.737,0.449,13.65,147,0.1,23,0.793,False,36,0.15172413793103448,0.0
373.8643003556132,137.23110103623236,410,1.663,0.454,40.53,410,0.0,23,0.793,False,41,0.20689655172413793,0.0
19.904300355613213,411.88110103623234,107,1.822,0.611,9.57,107,0.1,23,0.793,False,52,0.11724137931034483,0.0
359.1243003556132,636.9711010362324,133,1.846,0.591,11.2,133,0.1,23,0.793,False,72,0.11724137931034483,0.0
357.8143003556132,436.50110103623234,590,1.755,0.232,48.88,590,0.0,23,0.793,True,75,0.2482758620689655,3.0
19.384300355613213,326.43110103623235,122,1.581,0.372,15.28,122,0.1,23,0.793,False,93,0.09655172413793103,0.0
200.37430035561323,46.62110103623237,183,1.834,0.268,15.07,183,0.0,23,0.793,False,96,0.14482758620689656,0.0
356.8143003556132,231.58110103623235,109,1.703,0.052,9.78,109,0.1,23,0.793,False,98,0.16551724137931034,0.0
32.88430035561321,268.53110103623237,105,1.736,0.517,10.59,105,0.1,23,0.793,False,106,0.07586206896551724,0.0
359.9243003556132,298.12110103623235,136,1.79,0.596,12.63,136,0.1,23,0.793,False,116,0.18620689655172415,0.0
369.5843003556132,300.55110103623235,271,1.654,0.238,27.09,271,0.0,23,0.793,False,120,0.9586206896551724,0.0
359.1243003556132,618.9711010362324,129,1.881,0.617,10.18,129,0.1,23,0.793,False,131,0.09655172413793103,0.0
376.3343003556132,102.40110103623238,107,1.853,0.382,8.55,107,0.0,23,0.793,False,132,0.15172413793103448,0.0
33.764300355613216,349.85110103623236,106,1.761,0.542,10.79,106,0.1,23,0.793,False,134,0.08275862068965517,0.0
26.764300355613216,299.86110103623236,104,1.873,0.489,7.74,104,0.1,23,0.793,False,135,0.16551724137931034,0.0
20.134300355613213,728.2311010362324,121,1.587,0.42,13.24,121,0.1,23,0.793,False,137,0.08275862068965517,0.0
328.2343003556132,59.771101036232366,108,1.829,0.422,10.18,108,0.1,23,0.793,False,138,0.08275862068965517,0.0
243.8543003556132,46.72110103623237,117,1.776,0.262,9.37,117,0.1,23,0.793,False,139,0.08275862068965517,0.0
366.1143003556132,436.97110103623237,303,1.789,0.507,26.07,303,0.0,23,0.793,False,141,0.9103448275862069,0.0
386.0043003556132,35.891101036232364,100,1.721,0.423,8.76,100,0.1,23,0.793,False,145,0.06896551724137931,0.0
339.8343003556132,294.0911010362324,609,1.856,0.2,40.94,609,0.0,23,0.793,False,148,0.903448275862069,0.0
328.0743003556132,316.1511010362324,613,1.891,0.271,41.14,613,0.0,23,0.793,False,152,0.8758620689655172,0.0
374.8943003556132,250.97110103623237,109,1.84,0.57,9.37,109,0.1,23,0.793,False,154,0.09655172413793103,0.0
355.3543003556132,390.98110103623236,167,1.899,0.679,14.46,167,0.1,23,0.793,False,156,0.020689655172413793,0.0
356.8543003556132,270.29110103623236,558,1.805,0.206,42.77,558,0.0,23,0.793,True,159,0.8551724137931035,2.0
356.7643003556132,243.91110103623237,645,1.79,0.108,50.92,645,0.0,23,0.793,True,162,0.10344827586206896,2.0
358.7243003556132,141.50110103623237,478,1.687,0.031,47.25,478,0.0,23,0.793,False,164,0.8413793103448276,0.0
89.4301827085544,425.7252186832912,496,1.613,0.139,53.87,496,0.0,24,0.828,True,0,0.496551724137931,3.0
317.93018270855436,122.85521868329118,727,1.862,0.267,51.08,727,0.0,24,0.828,True,1,1.0,1.0
313.87018270855435,107.16521868329119,719,1.907,0.228,44.64,719,0.0,24,0.828,True,2,1.0,1.0
300.7701827085544,90.07521868329118,668,1.908,0.179,41.42,668,0.0,24,0.828,False,3,0.35172413793103446,0.0
309.8201827085544,487.1352186832912,632,1.848,0.237,46.36,632,0.0,24,0.828,True,4,1.0,3.0
351.5801827085544,463.4252186832912,565,1.825,0.254,46.79,565,0.0,24,0.828,True,5,1.0,3.0
290.8201827085544,505.6552186832912,732,1.911,0.241,45.71,732,0.0,24,0.828,True,6,0.993103448275862,3.0
290.67018270855436,242.8552186832912,842,1.861,0.137,53.01,842,0.0,24,0.828,True,8,0.5586206896551724,2.0
293.73018270855437,104.60521868329118,638,1.827,0.153,46.36,638,0.0,24,0.828,True,9,1.0,1.0
273.4001827085544,497.0852186832912,470,1.614,0.163,51.72,470,0.0,24,0.828,True,10,1.0,3.0
264.7801827085544,80.5952186832912,682,1.877,0.254,47.0,682,0.0,24,0.828,True,11,1.0,1.0
366.60018270855437,134.8952186832912,671,1.828,0.304,48.07,671,0.0,24,0.828,True,13,0.1793103448275862,1.0
325.9401827085544,454.2852186832912,696,1.859,0.196,49.79,696,0.0,24,0.828,True,15,0.6275862068965518,3.0
341.8201827085544,63.235218683291194,513,1.735,0.122,45.5,513,0.0,24,0.828,True,16,1.0,1.0
366.8401827085544,461.0152186832912,415,1.787,0.229,32.84,415,0.0,24,0.828,False,17,0.4413793103448276,0.0
368.7601827085544,264.9452186832912,542,1.776,0.278,39.7,542,0.0,24,0.828,False,19,0.4896551724137931,0.0
344.9001827085544,239.8052186832912,543,1.781,0.355,46.79,543,0.0,24,0.828,True,22,0.9862068965517241,2.0
371.4501827085544,63.875218683291195,457,1.793,0.093,35.2,457,0.0,24,0.828,False,23,0.22758620689655173,0.0
362.9601827085544,308.7952186832912,470,1.735,0.414,41.64,470,0.0,24,0.828,False,25,0.35172413793103446,0.0
374.3401827085544,448.1552186832912,119,1.712,0.325,12.02,119,0.0,24,0.828,False,27,0.22758620689655173,0.0
336.6501827085544,330.1752186832912,605,1.807,0.154,45.5,605,0.0,24,0.828,True,28,0.9793103448275862,2.0
370.1901827085544,112.10521868329118,619,1.803,0.402,49.58,619,0.0,24,0.828,True,29,0.41379310344827586,1.0
32.54018270855439,537.9052186832912,123,1.814,0.512,10.52,123,0.0,24,0.828,False,36,0.15172413793103448,0.0
374.8101827085544,136.1452186832912,347,1.73,0.482,32.19,347,0.0,24,0.828,False,41,0.20689655172413793,0.0
357.6401827085544,435.9852186832912,749,1.797,0.225,54.73,749,0.0,24,0.828,True,75,0.2482758620689655,3.0
371.68018270855436,303.6452186832912,387,1.821,0.313,27.9,387,0.0,24,0.828,False,120,0.9586206896551724,0.0
27.28018270855439,299.5852186832912,112,1.848,0.434,8.58,112,0.0,24,0.828,False,135,0.16551724137931034,0.0
366.4401827085544,442.9152186832912,560,1.869,0.42,40.56,560,0.0,24,0.828,False,141,0.9103448275862069,0.0
334.9501827085544,291.9052186832912,600,1.857,0.302,44.0,600,0.0,24,0.828,True,148,0.903448275862069,2.0
325.0301827085544,314.7152186832912,605,1.858,0.241,41.64,605,0.0,24,0.828,False,152,0.8758620689655172,0.0
287.8101827085544,433.6252186832912,608,1.791,0.313,47.22,608,0.0,24,0.828,True,155,0.8413793103448276,3.0
351.9001827085544,271.7452186832912,729,1.863,0.256,50.86,729,0.0,24,0.828,True,159,0.8551724137931035,2.0
357.2701827085544,242.9952186832912,592,1.717,0.034,51.29,592,0.0,24,0.828,False,162,0.10344827586206896,0.0
358.60018270855437,142.2152186832912,748,1.834,0.105,53.01,748,0.0,24,0.828,True,164,0.8413793103448276,1.0
35.44018270855439,739.5752186832912,102,1.808,0.488,8.58,102,0.1,24,0.828,False,165,0.16551724137931034,0.0
376.87018270855435,124.60521868329118,112,1.785,0.535,10.3,112,0.0,24,0.828,False,167,0.15172413793103448,0.0
89.77503985141152,425.8000758261483,503,1.727,0.205,45.01,503,0.0,25,0.862,True,0,0.496551724137931,3.0
317.42503985141155,122.56007582614832,729,1.866,0.271,50.98,729,0.0,25,0.862,True,1,1.0,1.0
312.4650398514116,106.91007582614833,714,1.92,0.256,43.63,714,0.0,25,0.862,True,2,1.0,1.0
299.4650398514116,89.42007582614832,631,1.901,0.22,40.65,631,0.0,25,0.862,False,3,0.35172413793103446,0.0
309.32503985141153,486.6100758261483,628,1.835,0.247,45.01,628,0.0,25,0.862,True,4,1.0,3.0
350.98503985141156,463.45007582614835,605,1.789,0.219,48.22,605,0.0,25,0.862,True,5,1.0,3.0
289.3950398514116,504.77007582614834,710,1.926,0.224,43.17,710,0.0,25,0.862,True,6,0.993103448275862,3.0
289.36503985141155,240.90007582614834,828,1.881,0.143,53.96,828,0.0,25,0.862,True,8,0.5586206896551724,2.0
293.22503985141157,104.72007582614833,595,1.815,0.183,44.32,595,0.0,25,0.862,True,9,1.0,1.0
272.72503985141157,496.4200758261483,483,1.687,0.216,45.93,483,0.0,25,0.862,True,10,1.0,3.0
262.50503985141154,80.01007582614832,630,1.849,0.242,46.39,630,0.0,25,0.862,True,11,1.0,1.0
367.24503985141155,135.45007582614832,662,1.823,0.325,48.45,662,0.0,25,0.862,True,13,0.1793103448275862,1.0
326.5250398514116,454.0500758261483,696,1.859,0.196,49.83,696,0.0,25,0.862,True,15,0.6275862068965518,3.0
342.31503985141154,62.910075826148336,521,1.667,0.03,48.45,521,0.0,25,0.862,False,16,1.0,0.0
367.50503985141154,460.77007582614834,429,1.755,0.234,34.68,429,0.0,25,0.862,False,17,0.4413793103448276,0.0
369.73503985141156,263.9900758261483,474,1.765,0.262,36.97,474,0.0,25,0.862,False,19,0.4896551724137931,0.0
351.54503985141156,242.79007582614832,605,1.863,0.213,41.33,605,0.0,25,0.862,False,22,0.9862068965517241,0.0
372.03503985141157,63.64007582614833,456,1.794,0.095,35.13,456,0.0,25,0.862,False,23,0.22758620689655173,0.0
363.57503985141153,307.41007582614833,464,1.773,0.431,39.5,464,0.0,25,0.862,False,25,0.35172413793103446,0.0
374.93503985141155,447.8100758261483,122,1.733,0.366,11.71,122,0.0,25,0.862,False,27,0.22758620689655173,0.0
334.38503985141153,329.95007582614835,621,1.847,0.184,44.55,621,0.0,25,0.862,True,28,0.9793103448275862,2.0
370.23503985141156,112.66007582614833,597,1.8,0.432,48.22,597,0.0,25,0.862,True,29,0.41379310344827586,1.0
375.4050398514116,136.66007582614833,367,1.784,0.513,31.0,367,0.0,25,0.862,False,41,0.20689655172413793,0.0
358.26503985141153,435.7500758261483,758,1.806,0.212,54.19,758,0.0,25,0.862,True,75,0.2482758620689655,3.0
372.48503985141156,302.46007582614834,352,1.837,0.286,24.11,352,0.0,25,0.862,False,120,0.9586206896551724,0.0
27.965039851411532,299.3500758261483,111,1.849,0.427,8.5,111,0.0,25,0.862,False,135,0.16551724137931034,0.0
367.00503985141154,442.5500758261483,555,1.865,0.414,40.65,555,0.0,25,0.862,False,141,0.9103448275862069,0.0
332.6450398514116,290.6100758261483,559,1.815,0.285,43.86,559,0.0,25,0.862,True,148,0.903448275862069,2.0
323.43503985141155,313.9900758261483,559,1.865,0.222,39.04,559,0.0,25,0.862,False,152,0.8758620689655172,0.0
287.4550398514115,434.16007582614833,538,1.775,0.257,42.25,538,0.0,25,0.862,True,155,0.8413793103448276,3.0
350.53503985141157,271.7900758261483,767,1.864,0.262,55.34,767,0.0,25,0.862,True,159,0.8551724137931035,2.0
359.4050398514116,251.50007582614833,126,1.694,0.566,13.09,126,0.0,25,0.862,False,162,0.10344827586206896,0.0
358.35503985141156,142.46007582614834,867,1.85,0.172,58.56,867,0.0,25,0.862,True,164,0.8413793103448276,1.0
36.01503985141153,739.3400758261483,103,1.81,0.483,8.5,103,0.1,25,0.862,False,165,0.16551724137931034,0.0
377.31503985141154,124.50007582614833,112,1.734,0.531,10.56,112,0.0,25,0.862,False,167,0.15172413793103448,0.0
29.535039851411533,131.16007582614833,118,1.747,0.594,12.17,118,0.1,25,0.862,False,170,0.07586206896551724,0.0
87.92559540696709,426.80785360392616,467,1.713,0.179,41.76,467,0.0,26,0.897,False,0,0.496551724137931,0.0
316.6155954069671,123.1078536039261,737,1.87,0.272,51.14,737,0.0,26,0.897,True,1,1.0,1.0
311.71559540696705,107.42785360392611,708,1.914,0.259,44.11,708,0.0,26,0.897,True,2,1.0,1.0
299.6155954069671,89.34785360392611,585,1.911,0.173,35.8,585,0.0,26,0.897,False,3,0.35172413793103446,0.0
308.5655954069671,486.1678536039261,641,1.839,0.244,45.39,641,0.0,26,0.897,True,4,1.0,3.0
346.7955954069671,463.37785360392616,580,1.826,0.208,44.32,580,0.0,26,0.897,True,5,1.0,3.0
289.6055954069671,504.9878536039261,671,1.924,0.22,40.27,671,0.0,26,0.897,False,6,0.993103448275862,0.0
288.77559540696706,240.50785360392612,787,1.858,0.211,54.33,787,0.0,26,0.897,True,8,0.5586206896551724,2.0
294.4455954069671,105.26785360392611,623,1.792,0.156,47.09,623,0.0,26,0.897,True,9,1.0,1.0
272.2155954069671,497.4278536039261,404,1.677,0.176,40.27,404,0.0,26,0.897,False,10,1.0,0.0
263.6955954069671,80.14785360392611,640,1.855,0.302,46.66,640,0.0,26,0.897,True,11,1.0,1.0
368.53559540696705,134.9378536039261,641,1.839,0.33,45.39,641,0.0,26,0.897,True,13,0.1793103448275862,1.0
327.7355954069671,454.5978536039261,695,1.859,0.195,49.86,695,0.0,26,0.897,True,15,0.6275862068965518,3.0
343.34559540696705,63.14785360392611,431,1.705,0.126,39.63,431,0.0,26,0.897,False,16,1.0,0.0
368.71559540696705,461.30785360392616,429,1.755,0.233,34.52,429,0.0,26,0.897,False,17,0.4413793103448276,0.0
370.9355954069671,263.55785360392616,476,1.761,0.261,37.29,476,0.0,26,0.897,False,19,0.4896551724137931,0.0
344.4855954069671,239.9078536039261,546,1.781,0.273,47.09,546,0.0,26,0.897,True,22,0.9862068965517241,2.0
372.5655954069671,63.557853603926105,435,1.858,0.055,30.47,435,0.0,26,0.897,False,23,0.22758620689655173,0.0
364.7955954069671,305.07785360392614,481,1.684,0.302,43.47,481,0.0,26,0.897,True,25,0.35172413793103446,2.0
376.13559540696707,448.36785360392616,122,1.735,0.369,11.72,122,0.0,26,0.897,False,27,0.22758620689655173,0.0
333.6055954069671,330.49785360392616,619,1.844,0.182,44.53,619,0.0,26,0.897,True,28,0.9793103448275862,2.0
371.20559540696706,114.4478536039261,554,1.797,0.403,46.66,554,0.0,26,0.897,True,29,0.41379310344827586,1.0
376.71559540696705,136.2078536039261,374,1.809,0.501,30.9,374,0.0,26,0.897,False,41,0.20689655172413793,0.0
359.6055954069671,435.9778536039261,715,1.785,0.259,53.91,715,0.0,26,0.897,True,75,0.2482758620689655,3.0
360.71559540696705,278.02785360392613,113,1.625,0.528,13.64,113,0.0,26,0.897,False,81,0.1310344827586207,0.0
373.4255954069671,303.82785360392614,437,1.753,0.237,35.16,437,0.0,26,0.897,False,120,0.9586206896551724,0.0
379.1955954069671,112.54785360392611,222,1.828,0.272,18.54,222,0.0,26,0.897,False,132,0.15172413793103448,0.0
29.175595406967084,299.88785360392615,111,1.848,0.43,8.52,111,0.0,26,0.897,False,135,0.16551724137931034,0.0
368.22559540696705,443.0978536039261,555,1.866,0.414,40.48,555,0.0,26,0.897,False,141,0.9103448275862069,0.0
331.88559540696707,291.2378536039261,571,1.734,0.206,47.94,571,0.0,26,0.897,True,148,0.903448275862069,2.0
321.78559540696705,314.4878536039261,539,1.846,0.234,39.21,539,0.0,26,0.897,False,152,0.8758620689655172,0.0
286.7455954069671,435.6578536039261,506,1.762,0.234,39.85,506,0.0,26,0.897,False,155,0.8413793103448276,0.0
351.5655954069671,271.94785360392615,668,1.869,0.267,47.3,668,0.0,26,0.897,True,159,0.8551724137931035,2.0
355.3755954069671,243.3478536039261,626,1.847,0.174,43.04,626,0.0,26,0.897,True,162,0.10344827586206896,2.0
359.45559540696706,142.9378536039261,752,1.865,0.175,50.29,752,0.0,26,0.897,True,164,0.8413793103448276,1.0
37.235595406967086,739.8778536039262,102,1.809,0.488,8.52,102,0.1,26,0.897,False,165,0.16551724137931034,0.0
378.53559540696705,125.0878536039261,101,1.696,0.519,10.23,101,0.0,26,0.897,False,167,0.15172413793103448,0.0
30.745595406967084,131.7178536039261,118,1.747,0.595,12.15,118,0.1,26,0.897,False,170,0.07586206896551724,0.0
88.04198429585597,427.2250758261483,580,1.781,0.282,46.85,580,0.0,27,0.931,True,0,0.496551724137931,3.0
315.931984295856,123.29507582614832,740,1.88,0.282,50.62,740,0.0,27,0.931,True,1,1.0,1.0
311.001984295856,107.17507582614834,683,1.918,0.229,42.25,683,0.0,27,0.931,True,2,1.0,1.0
298.98198429585597,89.14507582614834,562,1.818,0.237,43.09,562,0.0,27,0.931,True,3,0.35172413793103446,1.0
308.691984295856,486.46507582614834,616,1.846,0.253,43.3,616,0.0,27,0.931,True,4,1.0,3.0
345.99198429585596,462.53507582614833,670,1.875,0.249,46.02,670,0.0,27,0.931,True,5,1.0,3.0
287.92198429585596,504.49507582614837,647,1.934,0.21,38.07,647,0.0,27,0.931,False,6,0.993103448275862,0.0
288.10198429585597,240.52507582614834,794,1.896,0.138,49.15,794,0.0,27,0.931,True,8,0.5586206896551724,2.0
293.941984295856,106.12507582614833,616,1.85,0.153,41.21,616,0.0,27,0.931,False,9,1.0,0.0
270.521984295856,496.6650758261483,413,1.684,0.192,41.21,413,0.0,27,0.931,False,10,1.0,0.0
262.091984295856,80.29507582614832,607,1.855,0.265,43.09,607,0.0,27,0.931,True,11,1.0,1.0
369.821984295856,134.29507582614835,610,1.839,0.316,42.67,610,0.0,27,0.931,True,13,0.1793103448275862,1.0
329.061984295856,454.78507582614833,695,1.859,0.195,49.78,695,0.0,27,0.931,True,15,0.6275862068965518,3.0
342.98198429585597,63.035075826148336,480,1.797,0.116,38.07,480,0.0,27,0.931,False,16,1.0,0.0
370.031984295856,461.46507582614834,432,1.751,0.197,35.35,432,0.0,27,0.931,False,17,0.4413793103448276,0.0
372.151984295856,263.4150758261483,517,1.79,0.338,38.49,517,0.0,27,0.931,False,19,0.4896551724137931,0.0
344.681984295856,240.07507582614835,548,1.751,0.236,48.11,548,0.0,27,0.931,True,22,0.9862068965517241,2.0
370.251984295856,64.47507582614833,421,1.778,0.17,35.56,421,0.0,27,0.931,False,23,0.22758620689655173,0.0
366.161984295856,304.2350758261483,462,1.713,0.356,41.0,462,0.0,27,0.931,False,25,0.35172413793103446,0.0
377.471984295856,448.46507582614834,123,1.752,0.407,11.5,123,0.0,27,0.931,False,27,0.22758620689655173,0.0
332.74198429585596,331.13507582614835,555,1.81,0.196,42.46,555,0.0,27,0.931,True,28,0.9793103448275862,2.0
372.531984295856,116.66507582614832,559,1.804,0.406,46.64,559,0.0,27,0.931,True,29,0.41379310344827586,1.0
378.05198429585596,136.33507582614834,379,1.826,0.51,30.54,379,0.0,27,0.931,False,41,0.20689655172413793,0.0
360.911984295856,435.2250758261483,709,1.79,0.288,53.34,709,0.0,27,0.931,True,75,0.2482758620689655,3.0
362.001984295856,277.76507582614835,131,1.574,0.448,15.69,131,0.1,27,0.931,False,81,0.1310344827586207,0.0
362.001984295856,228.91507582614835,108,1.724,0.635,11.92,108,0.0,27,0.931,False,98,0.16551724137931034,0.0
363.511984295856,296.50507582614836,110,1.485,0.308,14.01,110,0.0,27,0.931,False,116,0.18620689655172415,0.0
374.871984295856,303.4150758261483,489,1.772,0.159,36.81,489,0.0,27,0.931,False,120,0.9586206896551724,0.0
30.411984295855977,300.07507582614835,112,1.844,0.432,8.58,112,0.0,27,0.931,False,135,0.16551724137931034,0.0
369.55198429585596,442.38507582614835,551,1.874,0.421,39.95,551,0.0,27,0.931,False,141,0.9103448275862069,0.0
330.55198429585596,291.58507582614834,496,1.732,0.163,43.72,496,0.0,27,0.931,True,148,0.903448275862069,2.0
361.011984295856,65.30507582614834,111,1.678,0.414,10.04,111,0.0,27,0.931,False,151,0.8275862068965517,0.0
322.05198429585596,314.31507582614836,531,1.874,0.243,35.56,531,0.0,27,0.931,False,152,0.8758620689655172,0.0
288.761984295856,434.27507582614834,556,1.857,0.297,39.32,556,0.0,27,0.931,False,155,0.8413793103448276,0.0
348.17198429585596,263.74507582614837,111,1.49,0.045,14.01,111,0.0,27,0.931,False,157,0.020689655172413793,0.0
347.941984295856,272.52507582614834,636,1.864,0.308,47.06,636,0.0,27,0.931,True,159,0.8551724137931035,2.0
352.891984295856,243.00507582614833,727,1.887,0.249,49.99,727,0.0,27,0.931,True,162,0.10344827586206896,2.0
356.951984295856,143.35507582614835,764,1.885,0.193,48.53,764,0.0,27,0.931,True,164,0.8413793103448276,1.0
38.55198429585597,740.0650758261484,102,1.809,0.485,8.58,102,0.1,27,0.931,False,165,0.16551724137931034,0.0
32.07198429585598,131.90507582614833,118,1.75,0.596,12.13,118,0.1,27,0.931,False,170,0.07586206896551724,0.0
363.771984295856,268.15507582614833,133,1.593,0.48,14.64,133,0.1,27,0.931,False,171,0.027586206896551724,0.0
361.901984295856,156.14507582614834,105,1.702,0.587,10.88,105,0.0,27,0.931,False,172,0.041379310344827586,0.0
361.271984295856,444.25507582614836,106,1.631,0.451,10.46,106,0.0,27,0.931,False,173,0.7793103448275862,0.0
87.03298429585598,427.21732582614834,540,1.745,0.259,46.64,540,0.0,28,0.966,True,0,0.496551724137931,3.0
314.702984295856,123.86732582614832,709,1.913,0.231,46.21,709,0.0,28,0.966,True,1,1.0,1.0
308.762984295856,107.10732582614833,672,1.916,0.235,42.34,672,0.0,28,0.966,True,2,1.0,1.0
297.642984295856,87.19732582614833,575,1.877,0.306,38.47,575,0.0,28,0.966,False,3,0.35172413793103446,0.0
307.532984295856,485.71732582614834,582,1.868,0.185,39.55,582,0.0,28,0.966,False,4,1.0,0.0
345.632984295856,462.6373258261483,588,1.755,0.159,48.15,588,0.0,28,0.966,True,5,1.0,3.0
286.772984295856,504.3873258261483,644,1.935,0.211,37.83,644,0.0,28,0.966,False,6,0.993103448275862,0.0
287.672984295856,239.78732582614833,756,1.884,0.128,49.86,756,0.0,28,0.966,True,8,0.5586206896551724,2.0
293.562984295856,106.41732582614833,567,1.827,0.152,39.55,567,0.0,28,0.966,False,9,1.0,0.0
270.092984295856,496.6773258261483,440,1.707,0.192,41.27,440,0.0,28,0.966,False,10,1.0,0.0
265.262984295856,80.22732582614833,548,1.848,0.135,38.47,548,0.0,28,0.966,False,11,1.0,0.0
370.742984295856,133.28732582614833,655,1.833,0.305,46.43,655,0.0,28,0.966,True,13,0.1793103448275862,1.0
329.832984295856,454.7473258261483,695,1.859,0.195,49.86,695,0.0,28,0.966,True,15,0.6275862068965518,3.0
343.312984295856,62.817325826148334,371,1.806,0.163,30.74,371,0.0,28,0.966,False,16,1.0,0.0
370.802984295856,461.4273258261483,432,1.75,0.197,35.25,432,0.0,28,0.966,False,17,0.4413793103448276,0.0
372.882984295856,262.39732582614835,504,1.803,0.33,36.54,504,0.0,28,0.966,False,19,0.4896551724137931,0.0
342.832984295856,239.91732582614833,566,1.845,0.243,43.42,566,0.0,28,0.966,True,22,0.9862068965517241,2.0
371.532984295856,64.62732582614832,490,1.855,0.176,35.46,490,0.0,28,0.966,False,23,0.22758620689655173,0.0
366.942984295856,303.26732582614835,491,1.73,0.408,43.2,491,0.0,28,0.966,True,25,0.35172413793103446,2.0
378.322984295856,448.3073258261483,116,1.823,0.532,10.32,116,0.0,28,0.966,False,27,0.22758620689655173,0.0
331.552984295856,331.28732582614833,543,1.834,0.232,40.41,543,0.0,28,0.966,False,28,0.9793103448275862,0.0
372.872984295856,120.12732582614832,634,1.847,0.492,47.29,634,0.0,28,0.966,True,29,0.41379310344827586,1.0
378.982984295856,135.4673258261483,340,1.812,0.455,28.59,340,0.0,28,0.966,False,41,0.20689655172413793,0.0
361.672984295856,435.1073258261483,688,1.775,0.246,52.87,688,0.0,28,0.966,True,75,0.2482758620689655,3.0
362.772984295856,228.87732582614834,108,1.723,0.637,12.04,108,0.0,28,0.966,False,98,0.16551724137931034,0.0
375.042984295856,303.1773258261483,462,1.771,0.211,35.46,462,0.0,28,0.966,False,120,0.9586206896551724,0.0
380.772984295856,116.66732582614833,282,1.793,0.378,21.92,282,0.0,28,0.966,False,132,0.15172413793103448,0.0
31.172984295855976,299.2473258261483,120,1.917,0.476,8.38,120,0.0,28,0.966,False,135,0.16551724137931034,0.0
371.382984295856,442.14732582614835,443,1.877,0.422,30.95,443,0.0,28,0.966,False,141,0.9103448275862069,0.0
329.092984295856,290.59732582614834,525,1.775,0.195,43.2,525,0.0,28,0.966,True,148,0.903448275862069,2.0
361.652984295856,65.31732582614833,103,1.62,0.442,10.1,103,0.1,28,0.966,False,151,0.8275862068965517,0.0
319.912984295856,313.20732582614835,518,1.875,0.249,35.25,518,0.0,28,0.966,False,152,0.8758620689655172,0.0
379.732984295856,257.44732582614836,196,1.765,0.47,16.12,196,0.0,28,0.966,False,154,0.09655172413793103,0.0
282.992984295856,438.0673258261483,520,1.82,0.301,37.18,520,0.0,28,0.966,False,155,0.8413793103448276,0.0
348.802984295856,272.52732582614834,632,1.852,0.303,48.15,632,0.0,28,0.966,True,159,0.8551724137931035,2.0
352.682984295856,242.5273258261483,850,1.887,0.221,54.81,850,0.0,28,0.966,True,162,0.10344827586206896,2.0
356.672984295856,143.95732582614832,733,1.89,0.213,47.29,733,0.0,28,0.966,True,164,0.8413793103448276,1.0
39.33298429585598,740.0373258261484,102,1.81,0.486,8.38,102,0.1,28,0.966,False,165,0.16551724137931034,0.0
32.88298429585598,131.17732582614832,132,1.807,0.622,12.04,132,0.1,28,0.966,False,170,0.07586206896551724,0.0
364.442984295856,267.4373258261483,141,1.626,0.439,15.26,141,0.1,28,0.966,False,171,0.027586206896551724,0.0
362.332984295856,156.12732582614834,109,1.777,0.461,9.89,109,0.0,28,0.966,False,172,0.041379310344827586,0.0
364.512984295856,448.77732582614834,134,1.558,0.226,16.55,134,0.1,28,0.966,False,173,0.7793103448275862,0.0
349.072984295856,136.11732582614832,115,1.528,0.185,14.19,115,0.1,28,0.966,False,174,0.027586206896551724,0.0
86.32913814200982,427.6780950569176,565,1.797,0.294,45.41,565,0.0,29,1.0,True,0,0.496551724137931,3.0
313.15913814200985,124.37809505691756,710,1.913,0.231,46.27,710,0.0,29,1.0,True,1,1.0,1.0
306.2491381420098,107.04809505691756,627,1.916,0.245,39.17,627,0.0,29,1.0,False,2,1.0,0.0
295.1291381420098,85.85809505691756,572,1.914,0.289,35.3,572,0.0,29,1.0,False,3,0.35172413793103446,0.0
306.98913814200984,486.2280950569176,582,1.868,0.185,39.6,582,0.0,29,1.0,False,4,1.0,0.0
345.8291381420098,463.6180950569176,521,1.804,0.227,42.83,521,0.0,29,1.0,True,5,1.0,3.0
287.09913814200985,505.0480950569176,625,1.932,0.207,37.66,625,0.0,29,1.0,False,6,0.993103448275862,0.0
286.67913814200983,239.99809505691755,724,1.823,0.092,50.58,724,0.0,29,1.0,True,8,0.5586206896551724,2.0
293.0191381420098,106.92809505691757,567,1.826,0.152,39.6,567,0.0,29,1.0,False,9,1.0,0.0
272.1491381420098,497.83809505691755,484,1.871,0.341,35.08,484,0.0,29,1.0,False,10,1.0,0.0
261.4391381420098,79.99809505691756,572,1.909,0.174,35.73,572,0.0,29,1.0,False,11,1.0,0.0
371.42913814200983,131.63809505691756,595,1.851,0.381,43.69,595,0.0,29,1.0,True,13,0.1793103448275862,1.0
330.28913814200985,455.38809505691756,715,1.859,0.205,50.79,715,0.0,29,1.0,True,15,0.6275862068965518,3.0
343.66913814200984,63.35809505691756,359,1.8,0.229,30.78,359,0.0,29,1.0,False,16,1.0,0.0
371.2491381420098,461.9080950569176,440,1.743,0.166,36.37,440,0.0,29,1.0,False,17,0.4413793103448276,0.0
373.22913814200984,261.08809505691755,485,1.809,0.346,36.16,485,0.0,29,1.0,False,19,0.4896551724137931,0.0
341.2791381420098,240.60809505691756,574,1.746,0.267,51.22,574,0.0,29,1.0,True,22,0.9862068965517241,2.0
370.84913814200985,65.68809505691756,589,1.873,0.1,38.74,589,0.0,29,1.0,False,23,0.22758620689655173,0.0
378.8391381420098,448.9980950569176,108,1.775,0.524,10.55,108,0.0,29,1.0,False,27,0.22758620689655173,0.0
329.0791381420098,332.38809505691756,519,1.896,0.227,35.3,519,0.0,29,1.0,False,28,0.9793103448275862,0.0
373.0891381420098,120.89809505691757,672,1.858,0.465,49.72,672,0.0,29,1.0,True,29,0.41379310344827586,1.0
379.8791381420098,134.91809505691756,325,1.791,0.425,27.98,325,0.0,29,1.0,False,41,0.20689655172413793,0.0
362.1991381420098,435.6580950569176,701,1.822,0.257,49.93,701,0.0,29,1.0,True,75,0.2482758620689655,3.0
363.22913814200984,229.38809505691756,108,1.723,0.637,12.05,108,0.1,29,1.0,False,98,0.16551724137931034,0.0
375.5691381420098,303.51809505691756,443,1.771,0.247,34.43,443,0.0,29,1.0,False,120,0.9586206896551724,0.0
31.629138142009822,299.75809505691757,120,1.917,0.476,8.39,120,0.0,29,1.0,False,135,0.16551724137931034,0.0
371.55913814200983,438.7880950569176,530,1.836,0.391,41.11,530,0.0,29,1.0,False,141,0.9103448275862069,0.0
328.54913814200984,290.1080950569176,521,1.776,0.195,42.61,521,0.0,29,1.0,True,148,0.903448275862069,2.0
367.09913814200985,56.488095056917565,104,1.802,0.423,9.9,104,0.1,29,1.0,False,151,0.8275862068965517,0.0
318.3791381420098,313.19809505691757,594,1.789,0.131,45.2,594,0.0,29,1.0,True,152,0.8758620689655172,2.0
281.4991381420098,439.6080950569176,504,1.793,0.253,38.52,504,0.0,29,1.0,False,155,0.8413793103448276,0.0
349.23913814200984,273.0480950569176,692,1.818,0.265,53.8,692,0.0,29,1.0,True,159,0.8551724137931035,2.0
352.9491381420098,243.55809505691755,769,1.845,0.188,54.88,769,0.0,29,1.0,True,162,0.10344827586206896,2.0
353.2191381420098,144.17809505691756,627,1.912,0.305,44.98,627,0.0,29,1.0,True,164,0.8413793103448276,1.0
39.78913814200982,740.5380950569175,102,1.809,0.484,8.39,102,0.1,29,1.0,False,165,0.16551724137931034,0.0
381.1391381420098,123.58809505691757,266,1.835,0.286,18.72,266,0.0,29,1.0,False,167,0.15172413793103448,0.0
33.33913814200982,131.68809505691755,132,1.807,0.622,12.05,132,0.1,29,1.0,False,170,0.07586206896551724,0.0
364.7691381420098,267.57809505691756,165,1.831,0.592,14.85,165,0.1,29,1.0,False,171,0.027586206896551724,0.0
364.86913814200983,448.8780950569176,142,1.655,0.357,14.42,142,0.0,29,1.0,False,173,0.7793103448275862,0.0
357.60913814200984,136.47809505691754,128,1.548,0.108,16.36,128,0.1,29,1.0,False,174,0.027586206896551724,0.0
88.31302703089872,427.825039501362,553,1.868,0.334,41.83,553,0.0,30,1.034,False,0,0.496551724137931,0.0
311.28302703089867,124.685039501362,706,1.915,0.249,45.71,706,0.0,30,1.034,True,1,1.0,1.0
305.2630270308987,107.405039501362,751,1.914,0.282,48.51,751,0.0,30,1.034,True,2,1.0,1.0
294.2130270308987,85.935039501362,533,1.905,0.27,33.42,533,0.0,30,1.034,False,3,0.35172413793103446,0.0
305.3030270308987,485.915039501362,584,1.821,0.186,42.69,584,0.0,30,1.034,True,4,1.0,3.0
340.4130270308987,463.205039501362,573,1.822,0.201,44.63,573,0.0,30,1.034,True,5,1.0,3.0
286.15302703089867,504.99503950136204,594,1.915,0.2,36.0,594,0.0,30,1.034,False,6,0.993103448275862,0.0
287.1030270308987,239.915039501362,671,1.881,0.065,42.47,671,0.0,30,1.034,True,8,0.5586206896551724,2.0
292.2730270308987,107.275039501362,574,1.864,0.162,38.38,574,0.0,30,1.034,False,9,1.0,0.0
267.3430270308987,497.015039501362,483,1.755,0.336,43.34,483,0.0,30,1.034,True,10,1.0,3.0
262.9530270308987,79.925039501362,498,1.869,0.311,36.0,498,0.0,30,1.034,False,11,1.0,0.0
373.0230270308987,130.105039501362,655,1.816,0.189,45.49,655,0.0,30,1.034,True,13,0.1793103448275862,1.0
331.2630270308987,455.54503950136206,700,1.809,0.14,53.47,700,0.0,30,1.034,True,15,0.6275862068965518,3.0
343.1030270308987,62.91503950136201,406,1.842,0.23,28.67,406,0.0,30,1.034,False,16,1.0,0.0
372.7930270308987,462.23503950136205,394,1.781,0.156,31.69,394,0.0,30,1.034,False,17,0.4413793103448276,0.0
374.28302703089867,260.11503950136205,499,1.807,0.407,39.02,499,0.0,30,1.034,False,19,0.4896551724137931,0.0
341.1630270308987,240.945039501362,568,1.74,0.302,51.96,568,0.0,30,1.034,True,22,0.9862068965517241,2.0
371.0730270308987,65.965039501362,610,1.86,0.1,40.75,610,0.0,30,1.034,False,23,0.22758620689655173,0.0
328.1830270308987,332.68503950136204,526,1.91,0.246,34.71,526,0.0,30,1.034,False,28,0.9793103448275862,0.0
374.2030270308987,121.275039501362,630,1.848,0.453,47.0,630,0.0,30,1.034,True,29,0.41379310344827586,1.0
381.0730270308987,134.025039501362,344,1.756,0.479,29.97,344,0.0,30,1.034,False,41,0.20689655172413793,0.0
363.2430270308987,436.575039501362,691,1.763,0.231,54.98,691,0.0,30,1.034,True,75,0.2482758620689655,3.0
364.2930270308987,229.655039501362,108,1.723,0.637,12.07,108,0.1,30,1.034,False,98,0.16551724137931034,0.0
376.6030270308987,303.895039501362,473,1.788,0.177,36.22,473,0.0,30,1.034,False,120,0.9586206896551724,0.0
375.3930270308987,112.195039501362,172,1.649,0.502,18.33,172,0.0,30,1.034,False,132,0.15172413793103448,0.0
32.69302703089871,300.025039501362,120,1.915,0.477,8.41,120,0.0,30,1.034,False,135,0.16551724137931034,0.0
372.5030270308987,437.25503950136203,611,1.812,0.421,48.29,611,0.0,30,1.034,True,141,0.9103448275862069,3.0
326.6030270308987,289.43503950136204,537,1.781,0.215,44.84,537,0.0,30,1.034,True,148,0.903448275862069,2.0
315.7730270308987,313.38503950136203,518,1.752,0.148,43.34,518,0.0,30,1.034,True,152,0.8758620689655172,2.0
281.4430270308987,440.17503950136205,563,1.859,0.258,37.3,563,0.0,30,1.034,False,155,0.8413793103448276,0.0
350.2530270308987,273.265039501362,694,1.789,0.213,54.76,694,0.0,30,1.034,True,159,0.8551724137931035,2.0
353.0230270308987,243.325039501362,701,1.791,0.161,53.04,701,0.0,30,1.034,True,162,0.10344827586206896,2.0
354.2530270308987,144.455039501362,724,1.872,0.231,51.53,724,0.0,30,1.034,True,164,0.8413793103448276,1.0
40.853027030898716,740.805039501362,102,1.809,0.484,8.41,102,0.1,30,1.034,False,165,0.16551724137931034,0.0
382.15302703089867,123.875039501362,264,1.853,0.312,18.33,264,0.0,30,1.034,False,167,0.15172413793103448,0.0
34.363027030898714,132.645039501362,118,1.75,0.596,12.07,118,0.1,30,1.034,False,170,0.07586206896551724,0.0
366.4430270308987,449.325039501362,155,1.707,0.354,14.66,155,0.0,30,1.034,False,173,0.7793103448275862,0.0
87.18886036423206,428.5522617235842,527,1.894,0.344,38.16,527,0.0,31,1.069,False,0,0.496551724137931,0.0
310.10886036423204,124.84226172358423,703,1.916,0.233,45.33,703,0.0,31,1.069,True,1,1.0,1.0
305.10886036423204,107.62226172358423,740,1.904,0.265,48.1,740,0.0,31,1.069,True,2,1.0,1.0
292.0588603642321,83.50226172358424,628,1.891,0.19,38.85,628,0.0,31,1.069,False,3,0.35172413793103446,0.0
305.1888603642321,486.1122617235842,586,1.824,0.191,42.55,586,0.0,31,1.069,True,4,1.0,3.0
341.10886036423204,463.25226172358424,657,1.719,0.156,58.97,657,0.0,31,1.069,True,5,1.0,3.0
282.23886036423204,504.4622617235842,614,1.917,0.258,38.85,614,0.0,31,1.069,False,6,0.993103448275862,0.0
285.07886036423207,239.46226172358422,644,1.859,0.171,43.94,644,0.0,31,1.069,True,8,0.5586206896551724,2.0
291.85886036423204,108.03226172358424,530,1.857,0.115,34.69,530,0.0,31,1.069,False,9,1.0,0.0
268.28886036423205,497.3022617235842,495,1.792,0.336,42.32,495,0.0,31,1.069,True,10,1.0,3.0
258.45886036423207,79.25226172358424,613,1.86,0.255,43.25,613,0.0,31,1.069,True,11,1.0,1.0
374.1188603642321,130.32226172358423,620,1.779,0.237,46.02,620,0.0,31,1.069,True,13,0.1793103448275862,1.0
332.23886036423204,455.8622617235842,722,1.848,0.203,52.03,722,0.0,31,1.069,True,15,0.6275862068965518,3.0
341.2488603642321,62.08226172358423,426,1.859,0.306,30.99,426,0.0,31,1.069,False,16,1.0,0.0
373.6888603642321,462.38226172358424,400,1.764,0.127,32.84,400,0.0,31,1.069,False,17,0.4413793103448276,0.0
374.95886036423207,259.0922617235842,382,1.774,0.349,29.14,382,0.0,31,1.069,False,19,0.4896551724137931,0.0
340.20886036423207,241.20226172358423,570,1.747,0.337,52.03,570,0.0,31,1.069,True,22,0.9862068965517241,2.0
380.40886036423205,65.33226172358424,114,1.626,0.101,11.56,114,0.0,31,1.069,False,23,0.22758620689655173,0.0
374.82886036423207,449.44226172358424,159,1.785,0.39,12.72,159,0.0,31,1.069,False,27,0.22758620689655173,0.0
327.07886036423207,332.87226172358424,525,1.911,0.246,34.69,525,0.0,31,1.069,False,28,0.9793103448275862,0.0
375.09886036423205,121.47226172358424,629,1.847,0.454,46.95,629,0.0,31,1.069,True,29,0.41379310344827586,1.0
381.96886036423206,134.23226172358423,344,1.756,0.479,29.83,344,0.0,31,1.069,False,41,0.20689655172413793,0.0
364.17886036423204,436.8022617235842,702,1.793,0.254,53.65,702,0.0,31,1.069,True,75,0.2482758620689655,3.0
365.1888603642321,229.86226172358423,108,1.725,0.637,12.03,108,0.1,31,1.069,False,98,0.16551724137931034,0.0
370.8188603642321,297.5922617235842,397,1.675,0.244,37.0,397,0.0,31,1.069,False,116,0.18620689655172415,0.0
377.4388603642321,304.1522617235842,503,1.838,0.137,36.08,503,0.0,31,1.069,False,120,0.9586206896551724,0.0
376.28886036423205,112.38226172358424,171,1.648,0.505,18.27,171,0.0,31,1.069,False,132,0.15172413793103448,0.0
33.68886036423205,301.01226172358423,111,1.846,0.431,8.56,111,0.0,31,1.069,False,135,0.16551724137931034,0.0
373.53886036423205,436.20226172358423,642,1.882,0.391,45.56,642,0.0,31,1.069,True,141,0.9103448275862069,3.0
325.54886036423204,289.38226172358424,506,1.758,0.304,44.4,506,0.0,31,1.069,True,148,0.903448275862069,2.0
371.1888603642321,66.53226172358423,570,1.877,0.111,37.93,570,0.0,31,1.069,False,151,0.8275862068965517,0.0
316.42886036423204,313.26226172358423,548,1.808,0.183,40.01,548,0.0,31,1.069,False,152,0.8758620689655172,0.0
280.34886036423205,441.3322617235842,570,1.858,0.256,37.7,570,0.0,31,1.069,False,155,0.8413793103448276,0.0
349.32886036423207,273.56226172358424,687,1.854,0.276,51.57,687,0.0,31,1.069,True,159,0.8551724137931035,2.0
353.10886036423204,242.99226172358422,734,1.847,0.183,50.42,734,0.0,31,1.069,True,162,0.10344827586206896,2.0
351.33886036423206,145.4422617235842,686,1.802,0.278,55.97,686,0.0,31,1.069,True,164,0.8413793103448276,1.0
41.73886036423205,741.0122617235843,102,1.81,0.486,8.56,102,0.1,31,1.069,False,165,0.16551724137931034,0.0
383.04886036423204,124.07226172358423,263,1.853,0.31,18.27,263,0.0,31,1.069,False,167,0.15172413793103448,0.0
35.29886036423205,132.15226172358422,132,1.81,0.624,12.03,132,0.1,31,1.069,False,170,0.07586206896551724,0.0
85.93052703089872,428.67226172358426,527,1.895,0.344,38.08,527,0.0,32,1.103,False,0,0.496551724137931,0.0
309.83052703089874,124.35226172358423,669,1.897,0.261,43.71,669,0.0,32,1.103,True,1,1.0,1.0
304.82052703089875,108.28226172358424,704,1.899,0.26,46.09,704,0.0,32,1.103,True,2,1.0,1.0
290.8605270308987,82.52226172358424,664,1.903,0.308,42.41,664,0.0,32,1.103,True,3,0.35172413793103446,1.0
302.9805270308987,485.1522617235842,600,1.84,0.195,43.06,600,0.0,32,1.103,True,4,1.0,3.0
337.9805270308987,463.11226172358425,653,1.792,0.253,53.45,653,0.0,32,1.103,True,5,1.0,3.0
284.62052703089876,505.2822617235842,601,1.86,0.2,40.25,601,0.0,32,1.103,False,6,0.993103448275862,0.0
284.8505270308987,239.19226172358424,723,1.912,0.173,44.58,723,0.0,32,1.103,True,8,0.5586206896551724,2.0
290.9105270308987,108.61226172358424,531,1.87,0.144,33.54,531,0.0,32,1.103,False,9,1.0,0.0
267.9305270308987,496.76226172358423,645,1.801,0.221,51.5,645,0.0,32,1.103,True,10,1.0,3.0
258.1705270308987,79.26226172358423,700,1.879,0.254,47.17,700,0.0,32,1.103,True,11,1.0,1.0
332.76052703089874,455.8422617235842,660,1.755,0.105,55.18,660,0.0,32,1.103,True,15,0.6275862068965518,3.0
340.77052703089873,62.22226172358423,503,1.79,0.278,40.9,503,0.0,32,1.103,False,16,1.0,0.0
374.44052703089875,462.49226172358425,400,1.764,0.128,32.89,400,0.0,32,1.103,False,17,0.4413793103448276,0.0
375.0905270308987,258.5422617235842,368,1.746,0.468,32.24,368,0.0,32,1.103,False,19,0.4896551724137931,0.0
340.8405270308987,241.29226172358423,541,1.742,0.325,49.12,541,0.0,32,1.103,True,22,0.9862068965517241,2.0
325.7405270308987,332.95226172358423,509,1.9,0.225,34.19,509,0.0,32,1.103,False,28,0.9793103448275862,0.0
375.7205270308987,122.53226172358424,620,1.856,0.392,43.93,620,0.0,32,1.103,True,29,0.41379310344827586,1.0
382.7905270308987,134.25226172358424,333,1.747,0.513,29.64,333,0.0,32,1.103,False,41,0.20689655172413793,0.0
364.7905270308987,436.24226172358425,728,1.814,0.244,52.58,728,0.0,32,1.103,True,75,0.2482758620689655,3.0
365.94052703089875,229.96226172358425,108,1.724,0.638,12.12,108,0.1,32,1.103,False,98,0.16551724137931034,0.0
371.44052703089875,297.5322617235842,398,1.758,0.302,33.97,398,0.0,32,1.103,False,116,0.18620689655172415,0.0
378.15052703089873,304.80226172358425,407,1.794,0.059,33.32,407,0.0,32,1.103,False,120,0.9586206896551724,0.0
377.25052703089875,111.96226172358423,121,1.669,0.266,13.42,121,0.0,32,1.103,False,132,0.15172413793103448,0.0
34.35052703089872,301.13226172358424,111,1.848,0.432,8.44,111,0.0,32,1.103,False,135,0.16551724137931034,0.0
374.88052703089875,436.3322617235842,582,1.828,0.424,42.84,582,0.0,32,1.103,True,141,0.9103448275862069,3.0
325.9805270308987,289.42226172358426,544,1.901,0.334,37.87,544,0.0,32,1.103,False,148,0.903448275862069,0.0
371.0905270308987,67.55226172358424,487,1.837,0.125,33.97,487,0.0,32,1.103,False,151,0.8275862068965517,0.0
316.2305270308987,312.87226172358424,677,1.813,0.165,52.8,677,0.0,32,1.103,True,152,0.8758620689655172,2.0
278.1905270308987,443.2122617235842,508,1.853,0.23,34.41,508,0.0,32,1.103,False,155,0.8413793103448276,0.0
350.08052703089874,273.67226172358426,687,1.854,0.276,51.72,687,0.0,32,1.103,True,159,0.8551724137931035,2.0
352.6705270308987,243.15226172358425,682,1.805,0.172,50.85,682,0.0,32,1.103,True,162,0.10344827586206896,2.0
350.9805270308987,145.34226172358424,760,1.859,0.296,53.23,760,0.0,32,1.103,True,164,0.8413793103448276,1.0
42.49052703089872,741.1122617235842,102,1.81,0.488,8.44,102,0.1,32,1.103,False,165,0.16551724137931034,0.0
384.13052703089875,120.76226172358423,236,1.796,0.424,19.47,236,0.0,32,1.103,False,167,0.15172413793103448,0.0
36.010527030898714,132.94226172358424,118,1.749,0.596,12.12,118,0.1,32,1.103,False,170,0.07586206896551724,0.0
366.9705270308987,144.23226172358423,233,1.428,0.11,34.84,233,0.1,32,1.103,False,172,0.041379310344827586,0.0
368.3505270308987,449.63226172358424,170,1.658,0.266,16.66,170,0.0,32,1.103,False,173,0.7793103448275862,0.0
353.90052703089873,137.80226172358422,129,1.911,0.364,10.39,129,0.1,32,1.103,False,174,0.027586206896551724,0.0
349.6705270308987,62.81226172358423,103,1.825,0.122,8.44,103,0.0,32,1.103,False,176,0.0896551724137931,0.0
82.59477703089871,429.03226172358427,457,1.776,0.233,38.44,457,0.0,33,1.138,False,0,0.496551724137931,0.0
309.1247770308987,124.36226172358423,659,1.895,0.27,43.73,659,0.0,33,1.138,True,1,1.0,1.0
302.1347770308987,107.98226172358423,798,1.876,0.198,55.74,798,0.0,33,1.138,True,2,1.0,1.0
290.35477703089873,81.95226172358423,622,1.811,0.195,48.05,622,0.0,33,1.138,True,3,0.35172413793103446,1.0
304.0547770308987,485.20226172358423,590,1.873,0.248,39.64,590,0.0,33,1.138,False,4,1.0,0.0
338.3347770308987,463.76226172358423,665,1.777,0.164,52.86,665,0.0,33,1.138,True,5,1.0,3.0
283.2047770308987,504.51226172358423,635,1.934,0.257,38.2,635,0.0,33,1.138,False,6,0.993103448275862,0.0
285.0847770308987,238.80226172358422,703,1.816,0.175,53.1,703,0.0,33,1.138,True,8,0.5586206896551724,2.0
290.0847770308987,109.10226172358423,598,1.884,0.116,37.96,598,0.0,33,1.138,False,9,1.0,0.0
267.9847770308987,496.67226172358426,586,1.78,0.212,48.05,586,0.0,33,1.138,True,10,1.0,3.0
258.34477703089874,79.16226172358422,669,1.851,0.241,47.81,669,0.0,33,1.138,True,11,1.0,1.0
333.9747770308987,456.04226172358426,688,1.707,0.09,61.26,688,0.0,33,1.138,True,15,0.6275862068965518,3.0
341.0747770308987,62.04226172358423,628,1.835,0.24,47.33,628,0.0,33,1.138,True,16,1.0,1.0
375.7347770308987,462.53226172358427,400,1.764,0.128,32.91,400,0.0,33,1.138,False,17,0.4413793103448276,0.0
376.3047770308987,257.78226172358427,346,1.582,0.237,36.04,346,0.0,33,1.138,False,19,0.4896551724137931,0.0
341.0147770308987,240.84226172358422,495,1.858,0.25,37.48,495,0.0,33,1.138,False,22,0.9862068965517241,0.0
322.4847770308987,333.06226172358424,516,1.814,0.143,37.48,516,0.0,33,1.138,False,28,0.9793103448275862,0.0
376.0947770308987,124.29226172358423,611,1.847,0.394,44.45,611,0.0,33,1.138,True,29,0.41379310344827586,1.0
384.10477703089873,134.25226172358424,327,1.759,0.529,28.83,327,0.0,33,1.138,False,41,0.20689655172413793,0.0
366.2447770308987,436.20226172358423,618,1.814,0.276,44.93,618,0.0,33,1.138,True,75,0.2482758620689655,3.0
367.2347770308987,230.01226172358423,107,1.722,0.638,12.01,107,0.1,33,1.138,False,98,0.16551724137931034,0.0
373.0847770308987,297.54226172358426,338,1.709,0.38,30.99,338,0.0,33,1.138,False,116,0.18620689655172415,0.0
379.4647770308987,305.37226172358424,388,1.778,0.06,31.95,388,0.0,33,1.138,False,120,0.9586206896551724,0.0
378.3847770308987,112.35226172358423,139,1.705,0.263,13.45,139,0.0,33,1.138,False,132,0.15172413793103448,0.0
35.63477703089871,300.37226172358424,120,1.915,0.478,8.41,120,0.0,33,1.138,False,135,0.16551724137931034,0.0
376.2147770308987,434.49226172358425,639,1.863,0.409,44.69,639,0.0,33,1.138,True,141,0.9103448275862069,3.0
322.6747770308987,287.50226172358424,427,1.769,0.236,35.56,427,0.0,33,1.138,False,148,0.903448275862069,0.0
365.9947770308987,69.91226172358422,389,1.733,0.105,33.64,389,0.0,33,1.138,False,151,0.8275862068965517,0.0
315.3247770308987,312.48226172358426,672,1.768,0.178,53.1,672,0.0,33,1.138,True,152,0.8758620689655172,2.0
385.1747770308987,262.23226172358426,114,1.751,0.594,11.53,114,0.0,33,1.138,False,154,0.09655172413793103,0.0
276.4447770308987,445.26226172358423,526,1.843,0.234,37.24,526,0.0,33,1.138,False,155,0.8413793103448276,0.0
351.2547770308987,273.70226172358423,748,1.843,0.273,57.42,748,0.0,33,1.138,True,159,0.8551724137931035,2.0
350.1147770308987,242.88226172358424,579,1.896,0.073,41.32,579,0.0,33,1.138,False,162,0.10344827586206896,0.0
350.3147770308987,145.44226172358424,705,1.822,0.269,54.06,705,0.0,33,1.138,True,164,0.8413793103448276,1.0
43.78477703089871,741.1622617235843,102,1.814,0.488,8.41,102,0.1,33,1.138,False,165,0.16551724137931034,0.0
385.5047770308987,120.70226172358423,234,1.787,0.466,20.42,234,0.0,33,1.138,False,167,0.15172413793103448,0.0
37.34477703089871,132.30226172358422,132,1.81,0.622,12.01,132,0.1,33,1.138,False,170,0.07586206896551724,0.0
368.4347770308987,144.04226172358423,219,1.436,0.215,32.43,219,0.1,33,1.138,False,172,0.041379310344827586,0.0
369.6447770308987,449.68226172358425,167,1.66,0.264,16.1,167,0.0,33,1.138,False,173,0.7793103448275862,0.0
354.4547770308987,138.28226172358424,111,1.777,0.385,10.57,111,0.1,33,1.138,False,174,0.027586206896551724,0.0
350.9447770308987,62.72226172358423,116,1.775,0.038,10.09,116,0.0,33,1.138,False,176,0.0896551724137931,0.0
83.26990523602691,429.687133518456,487,1.748,0.252,40.93,487,0.0,34,1.172,False,0,0.496551724137931,0.0
307.0599052360269,125.00713351845602,724,1.923,0.246,44.21,724,0.0,34,1.172,True,1,1.0,1.0
301.15990523602693,108.31713351845602,790,1.867,0.212,54.97,790,0.0,34,1.172,True,2,1.0,1.0
290.01990523602694,81.95713351845603,604,1.847,0.237,43.74,604,0.0,34,1.172,True,3,0.35172413793103446,1.0
302.00990523602695,484.847133518456,694,1.85,0.274,49.59,694,0.0,34,1.172,True,4,1.0,3.0
339.1199052360269,464.437133518456,581,1.855,0.269,41.63,581,0.0,34,1.172,False,5,1.0,0.0
279.0699052360269,503.937133518456,598,1.911,0.252,37.66,598,0.0,34,1.172,False,6,0.993103448275862,0.0
284.89990523602694,238.73713351845603,682,1.846,0.165,48.18,682,0.0,34,1.172,True,8,0.5586206896551724,2.0
285.32990523602695,110.77713351845603,481,1.71,0.301,47.01,481,0.0,34,1.172,True,9,1.0,1.0
266.0599052360269,496.747133518456,597,1.823,0.24,44.21,597,0.0,34,1.172,True,10,1.0,3.0
258.0399052360269,78.55713351845603,649,1.858,0.246,46.55,649,0.0,34,1.172,True,11,1.0,1.0
334.7999052360269,456.337133518456,676,1.715,0.087,59.64,676,0.0,34,1.172,True,15,0.6275862068965518,3.0
341.88990523602695,62.01713351845603,618,1.816,0.245,47.01,618,0.0,34,1.172,True,16,1.0,1.0
376.56990523602695,462.847133518456,400,1.762,0.129,32.98,400,0.0,34,1.172,False,17,0.4413793103448276,0.0
376.06990523602695,256.187133518456,297,1.735,0.197,27.83,297,0.0,34,1.172,False,19,0.4896551724137931,0.0
339.2399052360269,241.13713351845604,507,1.773,0.163,40.46,507,0.0,34,1.172,False,22,0.9862068965517241,0.0
373.9799052360269,296.717133518456,373,1.8,0.39,29.24,373,0.0,34,1.172,False,25,0.35172413793103446,0.0
377.68990523602696,453.637133518456,145,1.645,0.425,15.91,145,0.1,34,1.172,False,27,0.22758620689655173,0.0
319.5399052360269,333.357133518456,448,1.773,0.076,36.49,448,0.0,34,1.172,False,28,0.9793103448275862,0.0
377.07990523602695,122.76713351845603,628,1.818,0.375,46.31,628,0.0,34,1.172,True,29,0.41379310344827586,1.0
385.07990523602695,134.55713351845603,306,1.82,0.576,25.96,306,0.0,34,1.172,False,41,0.20689655172413793,0.0
366.94990523602695,435.877133518456,602,1.829,0.264,43.27,602,0.0,34,1.172,True,75,0.2482758620689655,3.0
368.06990523602695,230.30713351845603,108,1.728,0.636,11.93,108,0.1,34,1.172,False,98,0.16551724137931034,0.0
380.71990523602693,290.787133518456,157,1.682,0.402,13.57,157,0.0,34,1.172,False,116,0.18620689655172415,0.0
380.24990523602696,305.757133518456,414,1.755,0.103,35.32,414,0.0,34,1.172,False,120,0.9586206896551724,0.0
379.3599052360269,112.12713351845602,109,1.569,0.162,12.86,109,0.0,34,1.172,False,132,0.15172413793103448,0.0
36.57990523602692,301.487133518456,110,1.846,0.431,8.42,110,0.0,34,1.172,False,135,0.16551724137931034,0.0
377.0399052360269,434.757133518456,604,1.827,0.397,44.44,604,0.0,34,1.172,True,141,0.9103448275862069,3.0
323.3499052360269,288.437133518456,579,1.84,0.241,41.63,579,0.0,34,1.172,False,148,0.903448275862069,0.0
367.0499052360269,70.61713351845603,493,1.823,0.086,35.08,493,0.0,34,1.172,False,151,0.8275862068965517,0.0
313.96990523602693,312.347133518456,636,1.828,0.156,45.61,636,0.0,34,1.172,True,152,0.8758620689655172,2.0
275.32990523602695,445.797133518456,551,1.773,0.218,42.34,551,0.0,34,1.172,True,155,0.8413793103448276,3.0
350.9899052360269,274.037133518456,727,1.827,0.253,58.24,727,0.0,34,1.172,True,159,0.8551724137931035,2.0
349.7899052360269,243.18713351845602,584,1.899,0.08,41.17,584,0.0,34,1.172,False,162,0.10344827586206896,0.0
349.9899052360269,145.76713351845603,742,1.837,0.286,54.73,742,0.0,34,1.172,True,164,0.8413793103448276,1.0
44.61990523602692,741.4671335184561,102,1.811,0.483,8.42,102,0.1,34,1.172,False,165,0.16551724137931034,0.0
386.25990523602695,121.04713351845604,203,1.811,0.378,16.37,203,0.0,34,1.172,False,167,0.15172413793103448,0.0
38.13990523602692,133.30713351845603,118,1.747,0.598,12.16,118,0.1,34,1.172,False,170,0.07586206896551724,0.0
369.0399052360269,142.94713351845604,236,1.745,0.65,24.79,236,0.1,34,1.172,False,172,0.041379310344827586,0.0
370.46990523602693,449.947133518456,166,1.686,0.287,15.44,166,0.0,34,1.172,False,173,0.7793103448275862,0.0
351.8599052360269,63.317133518456025,114,1.779,0.12,10.29,114,0.0,34,1.172,False,176,0.0896551724137931,0.0
367.8099052360269,244.33713351845603,116,1.724,0.537,11.69,116,0.0,34,1.172,False,177,0.3931034482758621,0.0
83.58844182139278,429.82908473796823,568,1.88,0.407,43.57,568,0.0,35,1.207,True,0,0.496551724137931,3.0
307.49844182139276,125.18908473796823,708,1.912,0.246,44.05,708,0.0,35,1.207,True,1,1.0,1.0
300.56844182139275,109.01908473796823,757,1.845,0.211,53.2,757,0.0,35,1.207,True,2,1.0,1.0
289.6584418213927,80.96908473796822,614,1.838,0.175,42.85,614,0.0,35,1.207,True,3,0.35172413793103446,1.0
301.49844182139276,484.79908473796826,640,1.853,0.239,44.54,640,0.0,35,1.207,True,4,1.0,3.0
338.73844182139277,464.74908473796825,565,1.874,0.299,39.96,565,0.0,35,1.207,False,5,1.0,0.0
278.63844182139275,503.9090847379682,582,1.922,0.249,35.63,582,0.0,35,1.207,False,6,0.993103448275862,0.0
283.58844182139273,239.0690847379682,645,1.795,0.267,51.28,645,0.0,35,1.207,True,8,0.5586206896551724,2.0
288.5384418213928,110.01908473796823,607,1.881,0.132,39.0,607,0.0,35,1.207,False,9,1.0,0.0
263.4784418213928,495.97908473796826,566,1.842,0.305,42.61,566,0.0,35,1.207,True,10,1.0,3.0
257.4184418213928,78.83908473796822,627,1.836,0.265,47.42,627,0.0,35,1.207,True,11,1.0,1.0
335.32844182139274,456.60908473796826,680,1.706,0.079,60.42,680,0.0,35,1.207,True,15,0.6275862068965518,3.0
341.4084418213927,62.299084737968215,625,1.829,0.259,46.7,625,0.0,35,1.207,True,16,1.0,1.0
377.07844182139274,462.81908473796824,381,1.806,0.179,29.85,381,0.0,35,1.207,False,17,0.4413793103448276,0.0
376.3584418213928,256.2690847379682,283,1.826,0.318,22.63,283,0.0,35,1.207,False,19,0.4896551724137931,0.0
338.9184418213928,241.2390847379682,452,1.607,0.104,46.22,452,0.0,35,1.207,True,22,0.9862068965517241,2.0
384.14844182139274,66.12908473796821,163,1.62,0.164,17.33,163,0.0,35,1.207,False,23,0.22758620689655173,0.0
374.5384418213928,296.00908473796824,416,1.74,0.44,37.55,416,0.0,35,1.207,False,25,0.35172413793103446,0.0
378.25844182139275,453.5990847379682,133,1.589,0.413,15.17,133,0.2,35,1.207,False,27,0.22758620689655173,0.0
317.88844182139275,333.6490847379682,486,1.822,0.15,35.39,486,0.0,35,1.207,False,28,0.9793103448275862,0.0
377.61844182139276,123.03908473796822,627,1.817,0.375,46.22,627,0.0,35,1.207,True,29,0.41379310344827586,1.0
385.43844182139276,132.39908473796822,254,1.74,0.514,23.59,254,0.0,35,1.207,False,41,0.20689655172413793,0.0
367.43844182139276,435.87908473796824,634,1.819,0.214,48.87,634,0.0,35,1.207,True,75,0.2482758620689655,3.0
368.56844182139275,227.2590847379682,110,1.756,0.661,11.8,110,0.1,35,1.207,False,98,0.16551724137931034,0.0
381.24844182139276,291.05908473796825,158,1.692,0.392,13.48,158,0.0,35,1.207,False,116,0.18620689655172415,0.0
380.8584418213928,306.0190847379682,399,1.741,0.094,35.15,399,0.0,35,1.207,False,120,0.9586206896551724,0.0
379.89844182139274,112.39908473796822,110,1.572,0.162,12.76,110,0.1,35,1.207,False,132,0.15172413793103448,0.0
37.01844182139277,301.75908473796824,111,1.848,0.433,8.43,111,0.1,35,1.207,False,135,0.16551724137931034,0.0
377.44844182139275,434.12908473796824,599,1.807,0.333,45.5,599,0.0,35,1.207,True,141,0.9103448275862069,3.0
322.56844182139275,289.0190847379682,601,1.941,0.347,38.76,601,0.0,35,1.207,False,148,0.903448275862069,0.0
367.4084418213927,72.67908473796822,596,1.836,0.085,44.54,596,0.0,35,1.207,True,151,0.8275862068965517,1.0
311.70844182139274,311.5990847379682,621,1.83,0.151,44.78,621,0.0,35,1.207,True,152,0.8758620689655172,2.0
275.07844182139274,446.67908473796825,567,1.796,0.218,48.15,567,0.0,35,1.207,True,155,0.8413793103448276,3.0
351.39844182139274,274.29908473796826,711,1.772,0.222,61.39,711,0.0,35,1.207,True,159,0.8551724137931035,2.0
347.48844182139277,243.30908473796822,605,1.889,0.074,38.76,605,0.0,35,1.207,False,162,0.10344827586206896,0.0
350.11844182139276,146.30908473796822,635,1.816,0.196,47.42,635,0.0,35,1.207,True,164,0.8413793103448276,1.0
45.15844182139277,741.7490847379682,102,1.814,0.488,8.43,102,0.1,35,1.207,False,165,0.16551724137931034,0.0
386.79844182139277,121.30908473796822,202,1.81,0.381,16.37,202,0.0,35,1.207,False,167,0.15172413793103448,0.0
38.71844182139277,132.8890847379682,132,1.809,0.623,12.04,132,0.1,35,1.207,False,170,0.07586206896551724,0.0
362.73844182139277,272.9590847379682,180,1.665,0.287,16.61,180,0.0,35,1.207,False,171,0.027586206896551724,0.0
369.57844182139274,143.77908473796822,235,1.69,0.605,24.55,235,0.1,35,1.207,False,172,0.041379310344827586,0.0
370.92844182139277,450.0290847379682,158,1.719,0.348,14.2,158,0.0,35,1.207,False,173,0.7793103448275862,0.0
352.32844182139274,63.439084737968216,108,1.713,0.079,10.59,108,0.0,35,1.207,False,176,0.0896551724137931,0.0
211.16844182139278,48.84908473796823,103,1.681,0.224,10.83,103,0.1,35,1.207,False,178,0.0896551724137931,0.0
82.34715149881212,429.76876215732307,731,1.857,0.331,54.27,731,0.0,36,1.241,True,0,0.496551724137931,3.0
307.2971514988121,124.54876215732307,763,1.881,0.233,49.81,763,0.0,36,1.241,True,1,1.0,1.0
304.0071514988121,109.30876215732307,724,1.845,0.208,50.55,724,0.0,36,1.241,True,2,1.0,1.0
288.9571514988121,78.78876215732306,600,1.787,0.204,48.32,600,0.0,36,1.241,True,3,0.35172413793103446,1.0
299.3671514988121,483.6687621573231,770,1.853,0.326,58.24,770,0.0,36,1.241,True,4,1.0,3.0
338.40715149881214,465.0087621573231,645,1.877,0.25,45.35,645,0.0,36,1.241,True,5,1.0,3.0
276.8171514988121,503.2587621573231,568,1.725,0.121,51.3,568,0.0,36,1.241,True,6,0.993103448275862,3.0
283.4471514988121,238.34876215732305,763,1.809,0.259,58.98,763,0.0,36,1.241,True,8,0.5586206896551724,2.0
288.10715149881213,111.44876215732306,719,1.854,0.184,49.07,719,0.0,36,1.241,True,9,1.0,1.0
261.4871514988121,495.3887621573231,545,1.798,0.263,44.36,545,0.0,36,1.241,True,10,1.0,3.0
257.0471514988121,78.23876215732307,622,1.758,0.163,53.28,622,0.0,36,1.241,True,11,1.0,1.0
338.2471514988121,456.0987621573231,689,1.893,0.19,45.85,689,0.0,36,1.241,True,15,0.6275862068965518,3.0
340.84715149881214,61.44876215732306,570,1.643,0.216,59.23,570,0.0,36,1.241,True,16,1.0,1.0
379.0571514988121,462.46876215732306,411,1.63,0.087,38.41,411,0.0,36,1.241,False,17,0.4413793103448276,0.0
376.96715149881214,254.64876215732306,278,1.858,0.317,19.08,278,0.0,36,1.241,False,19,0.4896551724137931,0.0
376.9471514988121,295.2487621573231,538,1.766,0.432,46.59,538,0.0,36,1.241,True,25,0.35172413793103446,2.0
317.40715149881214,333.5087621573231,528,1.777,0.242,43.86,528,0.0,36,1.241,True,28,0.9793103448275862,2.0
379.6271514988121,122.60876215732307,602,1.929,0.372,38.16,602,0.0,36,1.241,False,29,0.41379310344827586,0.0
368.9271514988121,434.5987621573231,701,1.691,0.098,62.94,701,0.0,36,1.241,True,75,0.2482758620689655,3.0
378.1471514988121,305.77876215732306,467,1.857,0.182,31.97,467,0.0,36,1.241,False,120,0.9586206896551724,0.0
378.52715149881215,433.4387621573231,577,1.856,0.265,40.15,577,0.0,36,1.241,False,141,0.9103448275862069,0.0
319.4871514988121,286.6687621573231,588,1.748,0.135,47.58,588,0.0,36,1.241,True,148,0.903448275862069,2.0
368.16715149881213,72.34876215732307,821,1.844,0.196,56.75,821,0.0,36,1.241,True,151,0.8275862068965517,1.0
308.8671514988121,309.90876215732305,424,1.705,0.106,38.66,424,0.0,36,1.241,False,152,0.8758620689655172,0.0
384.3171514988121,250.79876215732304,191,1.757,0.552,18.09,191,0.0,36,1.241,False,154,0.09655172413793103,0.0
271.39715149881215,450.27876215732306,519,1.687,0.251,46.84,519,0.0,36,1.241,True,155,0.8413793103448276,3.0
348.3771514988121,273.7387621573231,625,1.843,0.159,42.87,625,0.0,36,1.241,True,159,0.8551724137931035,2.0
348.1971514988121,242.78876215732305,650,1.915,0.155,40.64,650,0.0,36,1.241,False,162,0.10344827586206896,0.0
349.2971514988121,145.86876215732306,701,1.894,0.275,46.34,701,0.0,36,1.241,True,164,0.8413793103448276,1.0
46.79715149881213,754.8887621573231,107,1.85,0.439,8.43,107,0.1,36,1.241,False,165,0.16551724137931034,0.0
388.71715149881214,122.81876215732306,240,1.78,0.507,22.06,240,0.0,36,1.241,False,167,0.15172413793103448,0.0
216.77715149881212,47.95876215732306,108,1.767,0.318,11.15,108,0.1,36,1.241,False,178,0.0896551724137931,0.0
87.99715149881212,39.61876215732306,120,1.784,0.45,12.64,120,0.3,36,1.241,False,179,0.08275862068965517,0.0
46.487151498812125,349.21876215732306,106,1.679,0.375,9.91,106,0.1,36,1.241,False,180,0.08275862068965517,0.0
81.66773973410625,429.95258568673484,701,1.819,0.315,55.43,701,0.0,37,1.276,True,0,0.496551724137931,3.0
307.67773973410624,124.86258568673482,709,1.893,0.267,45.81,709,0.0,37,1.276,True,1,1.0,1.0
302.7177397341062,109.97258568673483,742,1.886,0.217,47.41,742,0.0,37,1.276,True,2,1.0,1.0
286.7077397341062,78.88258568673483,647,1.828,0.279,49.24,647,0.0,37,1.276,True,3,0.35172413793103446,1.0
298.72773973410625,483.8125856867348,786,1.859,0.319,58.41,786,0.0,37,1.276,True,4,1.0,3.0
338.9077397341062,465.4625856867348,612,1.883,0.248,41.92,612,0.0,37,1.276,False,5,1.0,0.0
276.15773973410626,503.0325856867348,596,1.801,0.2,46.72,596,0.0,37,1.276,True,6,0.993103448275862,3.0
282.77773973410626,238.4825856867348,746,1.807,0.233,57.03,746,0.0,37,1.276,True,8,0.5586206896551724,2.0
288.43773973410623,111.98258568673482,655,1.809,0.11,46.5,655,0.0,37,1.276,True,9,1.0,1.0
263.6377397341062,495.5925856867348,552,1.814,0.276,43.98,552,0.0,37,1.276,True,10,1.0,3.0
256.71773973410626,77.81258568673482,631,1.777,0.212,50.39,631,0.0,37,1.276,True,11,1.0,1.0
338.7577397341062,456.26258568673484,690,1.893,0.189,45.81,690,0.0,37,1.276,True,15,0.6275862068965518,3.0
340.17773973410624,61.62258568673482,603,1.705,0.3,57.49,603,0.0,37,1.276,True,16,1.0,1.0
379.55773973410624,462.6525856867348,411,1.639,0.088,38.25,411,0.0,37,1.276,False,17,0.4413793103448276,0.0
377.3177397341062,253.84258568673482,301,1.913,0.263,19.01,301,0.0,37,1.276,False,19,0.4896551724137931,0.0
377.3977397341062,294.83258568673483,579,1.816,0.432,46.5,579,0.0,37,1.276,True,25,0.35172413793103446,2.0
316.1977397341062,333.6725856867348,478,1.709,0.175,42.6,478,0.0,37,1.276,True,28,0.9793103448275862,2.0
380.67773973410624,121.77258568673483,549,1.892,0.354,36.65,549,0.0,37,1.276,False,29,0.41379310344827586,0.0
369.48773973410624,434.3125856867348,659,1.743,0.068,55.43,659,0.0,37,1.276,True,75,0.2482758620689655,3.0
378.6577397341062,305.9425856867348,467,1.857,0.183,31.84,467,0.0,37,1.276,False,120,0.9586206896551724,0.0
379.0677397341062,433.58258568673483,573,1.86,0.272,39.62,573,0.0,37,1.276,False,141,0.9103448275862069,0.0
318.2777397341062,286.2225856867348,519,1.758,0.156,42.6,519,0.0,37,1.276,True,148,0.903448275862069,2.0
368.79773973410624,71.91258568673483,808,1.838,0.23,55.43,808,0.0,37,1.276,True,151,0.8275862068965517,1.0
310.6977397341062,310.7725856867348,495,1.856,0.295,35.73,495,0.0,37,1.276,False,152,0.8758620689655172,0.0
270.80773973410624,450.6825856867348,565,1.81,0.317,41.92,565,0.0,37,1.276,False,155,0.8413793103448276,0.0
348.1477397341062,273.7325856867348,558,1.783,0.217,44.21,558,0.0,37,1.276,True,159,0.8551724137931035,2.0
347.5777397341062,242.9525856867348,614,1.924,0.158,37.79,614,0.0,37,1.276,False,162,0.10344827586206896,0.0
347.7577397341062,146.1125856867348,700,1.89,0.28,48.56,700,0.0,37,1.276,True,164,0.8413793103448276,1.0
47.17773973410625,754.0625856867348,107,1.831,0.494,8.93,107,0.1,37,1.276,False,165,0.16551724137931034,0.0
389.22773973410625,122.24258568673483,212,1.707,0.459,21.07,212,0.0,37,1.276,False,167,0.15172413793103448,0.0
216.61773973410627,48.13258568673483,125,1.831,0.375,10.99,125,0.1,37,1.276,False,178,0.0896551724137931,0.0
88.50773973410625,39.782585686734826,120,1.785,0.451,12.6,120,0.3,37,1.276,False,179,0.08275862068965517,0.0
46.99773973410625,349.3825856867348,107,1.683,0.369,9.85,107,0.1,37,1.276,False,180,0.08275862068965517,0.0
36.907739734106244,215.3025856867348,111,1.489,0.335,13.97,111,0.1,37,1.276,False,183,0.07586206896551724,0.0
81.84303385175332,430.6046445102642,672,1.806,0.241,51.04,672,0.0,38,1.31,True,0,0.496551724137931,3.0
305.9130338517533,124.72464451026423,700,1.925,0.257,42.68,700,0.0,38,1.31,True,1,1.0,1.0
301.94303385175334,110.63464451026424,745,1.887,0.302,51.49,745,0.0,38,1.31,True,2,1.0,1.0
287.68303385175335,78.54464451026423,577,1.823,0.243,45.17,577,0.0,38,1.31,True,3,0.35172413793103446,1.0
298.05303385175336,483.14464451026424,711,1.856,0.307,52.17,711,0.0,38,1.31,True,4,1.0,3.0
339.93303385175335,466.06464451026426,597,1.905,0.197,37.72,597,0.0,38,1.31,False,5,1.0,0.0
275.4130338517533,503.1046445102642,535,1.762,0.184,45.62,535,0.0,38,1.31,True,6,0.993103448275862,3.0
282.0530338517533,239.55464451026424,731,1.863,0.254,51.04,731,0.0,38,1.31,True,8,0.5586206896551724,2.0
286.6030338517533,113.07464451026424,666,1.812,0.142,46.97,666,0.0,38,1.31,True,9,1.0,1.0
262.8330338517533,495.64464451026424,568,1.835,0.283,43.59,568,0.0,38,1.31,True,10,1.0,3.0
256.50303385175334,77.94464451026424,573,1.734,0.171,49.91,573,0.0,38,1.31,True,11,1.0,1.0
338.9830338517533,456.4346445102642,653,1.863,0.147,46.75,653,0.0,38,1.31,True,15,0.6275862068965518,3.0
341.2130338517533,61.73464451026424,594,1.683,0.272,57.59,594,0.0,38,1.31,True,16,1.0,1.0
380.6630338517533,462.1746445102642,396,1.674,0.157,34.1,396,0.0,38,1.31,False,17,0.4413793103448276,0.0
378.6530338517533,251.05464451026424,266,1.843,0.467,21.0,266,0.0,38,1.31,False,19,0.4896551724137931,0.0
341.1730338517533,242.07464451026422,636,1.866,0.137,42.23,636,0.0,38,1.31,True,22,0.9862068965517241,2.0
378.2730338517533,290.39464451026424,439,1.683,0.398,43.36,439,0.0,38,1.31,True,25,0.35172413793103446,2.0
316.07303385175334,333.25464451026426,484,1.811,0.214,36.81,484,0.0,38,1.31,False,28,0.9793103448275862,0.0
379.07303385175334,125.71464451026424,359,1.809,0.307,26.87,359,0.0,38,1.31,False,29,0.41379310344827586,0.0
366.20303385175333,433.62464451026426,598,1.724,0.165,53.52,598,0.0,38,1.31,True,75,0.2482758620689655,3.0
379.7330338517533,306.0546445102642,467,1.858,0.182,31.84,467,0.0,38,1.31,False,120,0.9586206896551724,0.0
382.43303385175335,114.86464451026423,577,1.834,0.314,41.78,577,0.0,38,1.31,False,132,0.15172413793103448,0.0
380.1530338517533,432.94464451026425,577,1.896,0.319,37.49,577,0.0,38,1.31,False,141,0.9103448275862069,0.0
317.0930338517533,286.3646445102642,555,1.791,0.154,43.36,555,0.0,38,1.31,True,148,0.903448275862069,2.0
369.5330338517533,72.74464451026424,705,1.847,0.135,49.68,705,0.0,38,1.31,True,151,0.8275862068965517,1.0
309.86303385175336,310.8546445102642,478,1.838,0.276,35.68,478,0.0,38,1.31,False,152,0.8758620689655172,0.0
269.9930338517533,451.4746445102642,626,1.8,0.206,44.72,626,0.0,38,1.31,True,155,0.8413793103448276,3.0
347.0430338517533,273.3646445102642,611,1.841,0.161,44.94,611,0.0,38,1.31,True,159,0.8551724137931035,2.0
346.8330338517533,146.22464451026423,695,1.888,0.276,48.33,695,0.0,38,1.31,True,164,0.8413793103448276,1.0
48.25303385175331,754.1846445102642,107,1.831,0.499,9.03,107,0.1,38,1.31,False,165,0.16551724137931034,0.0
390.5430338517533,121.06464451026423,282,1.793,0.531,25.75,282,0.0,38,1.31,False,167,0.15172413793103448,0.0
217.7030338517533,48.244644510264244,124,1.828,0.374,11.07,124,0.1,38,1.31,False,178,0.0896551724137931,0.0
89.59303385175332,39.89464451026424,120,1.783,0.45,12.65,120,0.3,38,1.31,False,179,0.08275862068965517,0.0
48.07303385175331,349.4946445102642,106,1.68,0.367,9.71,106,0.1,38,1.31,False,180,0.08275862068965517,0.0
37.97303385175331,215.42464451026424,111,1.489,0.337,14.0,111,0.1,38,1.31,False,183,0.07586206896551724,0.0
80.56997829619775,431.144922288042,588,1.705,0.213,55.22,588,0.0,39,1.345,True,0,0.496551724137931,3.0
306.7799782961978,125.10492228804202,651,1.896,0.218,41.47,651,0.0,39,1.345,False,1,1.0,0.0
302.9099782961978,110.95492228804203,696,1.854,0.271,49.01,696,0.0,39,1.345,True,2,1.0,1.0
286.73997829619776,78.83492228804202,571,1.812,0.256,44.13,571,0.0,39,1.345,True,3,0.35172413793103446,1.0
298.81997829619775,482.894922288042,704,1.868,0.308,50.78,704,0.0,39,1.345,True,4,1.0,3.0
338.92997829619776,466.574922288042,549,1.909,0.224,35.26,549,0.0,39,1.345,False,5,1.0,0.0
275.18997829619775,502.08492228804204,575,1.767,0.175,46.35,575,0.0,39,1.345,True,6,0.993103448275862,3.0
281.8499782961977,239.44492228804202,746,1.887,0.224,49.89,746,0.0,39,1.345,True,8,0.5586206896551724,2.0
282.11997829619776,115.66492228804202,515,1.811,0.308,41.25,515,0.0,39,1.345,False,9,1.0,0.0
260.3499782961977,494.934922288042,527,1.685,0.27,52.33,527,0.0,39,1.345,True,10,1.0,3.0
255.73997829619776,77.87492228804203,606,1.785,0.225,48.12,606,0.0,39,1.345,True,11,1.0,1.0
340.01997829619773,456.394922288042,653,1.863,0.147,46.79,653,0.0,39,1.345,True,15,0.6275862068965518,3.0
341.94997829619774,61.574922288042025,625,1.727,0.273,56.55,625,0.0,39,1.345,True,16,1.0,1.0
381.69997829619774,462.134922288042,396,1.675,0.158,34.15,396,0.0,39,1.345,False,17,0.4413793103448276,0.0
379.94997829619774,251.82492228804202,237,1.864,0.432,17.3,237,0.0,39,1.345,False,19,0.4896551724137931,0.0
341.0999782961978,242.174922288042,698,1.876,0.039,45.24,698,0.0,39,1.345,False,22,0.9862068965517241,0.0
379.56997829619775,289.194922288042,488,1.763,0.455,43.46,488,0.0,39,1.345,True,25,0.35172413793103446,2.0
314.0899782961978,333.724922288042,453,1.788,0.237,35.26,453,0.0,39,1.345,False,28,0.9793103448275862,0.0
380.04997829619776,125.35492228804202,322,1.777,0.283,25.28,322,0.0,39,1.345,False,29,0.41379310344827586,0.0
365.9699782961978,433.674922288042,668,1.859,0.312,48.79,668,0.0,39,1.345,True,75,0.2482758620689655,3.0
379.73997829619776,306.014922288042,465,1.734,0.121,37.25,465,0.0,39,1.345,False,120,0.9586206896551724,0.0
383.35997829619777,114.04492228804203,549,1.801,0.303,41.91,549,0.0,39,1.345,False,132,0.15172413793103448,0.0
381.18997829619775,432.90492228804203,577,1.896,0.319,37.7,577,0.0,39,1.345,False,141,0.9103448275862069,0.0
316.0299782961978,286.454922288042,595,1.852,0.208,43.02,595,0.0,39,1.345,True,148,0.903448275862069,2.0
367.76997829619773,74.87492228804203,833,1.903,0.226,51.67,833,0.0,39,1.345,True,151,0.8275862068965517,1.0
308.88997829619774,309.934922288042,475,1.813,0.275,36.15,475,0.0,39,1.345,False,152,0.8758620689655172,0.0
271.8399782961977,451.014922288042,607,1.846,0.322,42.13,607,0.0,39,1.345,False,155,0.8413793103448276,0.0
345.2799782961978,272.194922288042,568,1.791,0.212,45.24,568,0.0,39,1.345,True,159,0.8551724137931035,2.0
345.92997829619776,146.144922288042,686,1.905,0.287,45.02,686,0.0,39,1.345,True,164,0.8413793103448276,1.0
49.279978296197754,754.1249222880421,107,1.825,0.497,9.09,107,0.1,39,1.345,False,165,0.16551724137931034,0.0
391.66997829619777,119.72492228804202,220,1.748,0.518,23.28,220,0.0,39,1.345,False,167,0.15172413793103448,0.0
370.50997829619774,65.62492228804201,153,1.511,0.183,17.96,153,0.1,39,1.345,False,176,0.0896551724137931,0.0
218.73997829619776,48.20492228804203,124,1.83,0.377,11.09,124,0.1,39,1.345,False,178,0.0896551724137931,0.0
90.61997829619776,39.864922288042024,120,1.783,0.449,12.64,120,0.3,39,1.345,False,179,0.08275862068965517,0.0
49.11997829619776,349.454922288042,107,1.682,0.364,9.76,107,0.1,39,1.345,False,180,0.08275862068965517,0.0
39.01997829619775,215.38492228804202,112,1.491,0.328,13.97,112,0.1,39,1.345,False,183,0.07586206896551724,0.0
79.64457289079235,431.1162736393934,585,1.761,0.267,51.62,585,0.0,40,1.379,True,0,0.496551724137931,3.0
304.82457289079235,124.69627363939338,651,1.929,0.234,39.07,651,0.0,40,1.379,False,1,1.0,0.0
301.70457289079235,111.05627363939338,650,1.88,0.217,42.14,650,0.0,40,1.379,False,2,1.0,0.0
287.58457289079234,78.79627363939338,570,1.812,0.255,44.28,570,0.0,40,1.379,True,3,0.35172413793103446,1.0
297.6745728907923,482.85627363939335,700,1.863,0.307,50.9,700,0.0,40,1.379,True,4,1.0,3.0
340.43457289079237,466.8262736393934,615,1.87,0.146,42.14,615,0.0,40,1.379,False,5,1.0,0.0
274.95457289079235,501.6962736393934,586,1.857,0.232,41.43,586,0.0,40,1.379,False,6,0.993103448275862,0.0
280.9845728907924,239.39627363939337,724,1.783,0.164,55.17,724,0.0,40,1.379,True,8,0.5586206896551724,2.0
280.8645728907924,116.37627363939337,525,1.75,0.217,44.75,525,0.0,40,1.379,True,9,1.0,1.0
260.97457289079233,494.6162736393934,613,1.663,0.172,60.14,613,0.0,40,1.379,True,10,1.0,3.0
255.39457289079235,77.40627363939338,527,1.796,0.17,41.91,527,0.0,40,1.379,False,11,1.0,0.0
340.8645728907923,456.35627363939335,653,1.862,0.146,46.88,653,0.0,40,1.379,True,15,0.6275862068965518,3.0
341.9845728907923,61.49627363939337,585,1.709,0.228,54.69,585,0.0,40,1.379,True,16,1.0,1.0
382.52457289079234,461.65627363939336,384,1.666,0.128,34.09,384,0.0,40,1.379,False,17,0.4413793103448276,0.0
380.64457289079235,257.77627363939337,141,1.485,0.077,16.34,141,0.0,40,1.379,False,19,0.4896551724137931,0.0
341.01457289079235,241.95627363939337,700,1.881,0.041,43.57,700,0.0,40,1.379,False,22,0.9862068965517241,0.0
380.64457289079235,288.8262736393934,518,1.819,0.54,42.14,518,0.0,40,1.379,False,25,0.35172413793103446,0.0
313.22457289079233,333.6862736393934,411,1.721,0.166,35.99,411,0.0,40,1.379,False,28,0.9793103448275862,0.0
380.83457289079234,124.73627363939337,416,1.849,0.333,28.18,416,0.0,40,1.379,False,29,0.41379310344827586,0.0
364.93457289079237,433.66627363939335,674,1.77,0.235,55.17,674,0.0,40,1.379,True,75,0.2482758620689655,3.0
387.71457289079234,295.8162736393934,146,1.87,0.321,9.47,146,0.0,40,1.379,False,116,0.18620689655172415,0.0
380.39457289079235,305.97627363939336,366,1.703,0.116,31.49,366,0.0,40,1.379,False,120,0.9586206896551724,0.0
384.52457289079234,110.63627363939338,595,1.742,0.372,52.56,595,0.0,40,1.379,True,132,0.15172413793103448,1.0
382.4845728907923,432.89627363939337,540,1.887,0.285,35.28,540,0.0,40,1.379,False,141,0.9103448275862069,0.0
315.06457289079236,285.84627363939336,593,1.829,0.219,43.57,593,0.0,40,1.379,True,148,0.903448275862069,2.0
365.91457289079233,75.79627363939338,838,1.904,0.28,52.56,838,0.0,40,1.379,True,151,0.8275862068965517,1.0
307.59457289079234,309.9262736393934,456,1.812,0.277,35.52,456,0.0,40,1.379,False,152,0.8758620689655172,0.0
387.90457289079234,249.36627363939337,153,1.668,0.411,15.15,153,0.0,40,1.379,False,154,0.09655172413793103,0.0
270.7345728907924,451.8862736393934,589,1.875,0.35,39.07,589,0.0,40,1.379,False,155,0.8413793103448276,0.0
344.01457289079235,271.71627363939336,570,1.819,0.291,46.64,570,0.0,40,1.379,True,159,0.8551724137931035,2.0
345.6745728907923,145.9062736393934,606,1.833,0.316,45.93,606,0.0,40,1.379,True,164,0.8413793103448276,1.0
50.12457289079235,754.0962736393933,106,1.827,0.497,9.0,106,0.1,40,1.379,False,165,0.16551724137931034,0.0
392.6145728907923,119.57627363939338,186,1.717,0.568,21.31,186,0.0,40,1.379,False,167,0.15172413793103448,0.0
372.8645728907923,439.53627363939336,130,1.165,0.192,22.49,130,0.1,40,1.379,False,173,0.7793103448275862,0.0
371.5545728907923,65.58627363939337,165,1.454,0.125,19.18,165,0.0,40,1.379,False,176,0.0896551724137931,0.0
378.03457289079233,245.92627363939337,232,1.82,0.136,16.34,232,0.0,40,1.379,False,177,0.3931034482758621,0.0
219.57457289079235,48.166273639393374,124,1.83,0.374,11.13,124,0.1,40,1.379,False,178,0.0896551724137931,0.0
90.74457289079234,39.81627363939337,130,1.852,0.499,12.55,130,0.2,40,1.379,False,179,0.08275862068965517,0.0
49.95457289079235,349.41627363939335,106,1.681,0.367,9.71,106,0.1,40,1.379,False,180,0.08275862068965517,0.0
39.85457289079235,215.33627363939337,111,1.485,0.334,13.97,111,0.1,40,1.379,False,183,0.07586206896551724,0.0
326.72457289079233,333.0662736393934,116,1.563,0.126,13.5,116,0.1,40,1.379,False,186,0.034482758620689655,0.0
78.83838241460188,432.1684164965362,615,1.831,0.249,45.13,615,0.0,41,1.414,True,0,0.496551724137931,3.0
304.0783824146019,125.26841649653622,647,1.926,0.239,39.19,647,0.0,41,1.414,False,1,1.0,0.0
300.86838241460185,112.16841649653622,621,1.909,0.261,40.38,621,0.0,41,1.414,False,2,1.0,0.0
288.7583824146019,79.12841649653622,541,1.837,0.189,38.71,541,0.0,41,1.414,False,3,0.35172413793103446,0.0
297.17838241460186,482.72841649653617,659,1.856,0.301,49.16,659,0.0,41,1.414,True,4,1.0,3.0
339.7583824146019,467.9284164965362,677,1.867,0.156,46.31,677,0.0,41,1.414,True,5,1.0,3.0
274.36838241460185,502.1784164965362,545,1.831,0.194,40.38,545,0.0,41,1.414,False,6,0.993103448275862,0.0
282.11838241460185,239.74841649653624,722,1.824,0.165,51.3,722,0.0,41,1.414,True,8,0.5586206896551724,2.0
282.05838241460185,117.89841649653623,559,1.845,0.227,44.41,559,0.0,41,1.414,True,9,1.0,1.0
260.22838241460187,495.1684164965362,615,1.657,0.168,60.56,615,0.0,41,1.414,True,10,1.0,3.0
253.80838241460188,77.38841649653622,539,1.817,0.207,40.14,539,0.0,41,1.414,False,11,1.0,0.0
342.11838241460185,456.9184164965362,653,1.863,0.146,46.79,653,0.0,41,1.414,True,15,0.6275862068965518,3.0
342.0283824146019,61.46841649653622,525,1.77,0.33,47.74,525,0.0,41,1.414,True,16,1.0,1.0
384.35838241460186,460.6084164965363,340,1.67,0.133,29.21,340,0.0,41,1.414,False,17,0.4413793103448276,0.0
381.8983824146019,258.3384164965362,140,1.486,0.073,16.15,140,0.0,41,1.414,False,19,0.4896551724137931,0.0
345.8783824146019,243.07841649653622,620,1.95,0.143,36.34,620,0.0,41,1.414,False,22,0.9862068965517241,0.0
382.28838241460187,287.3484164965362,409,1.694,0.402,39.66,409,0.0,41,1.414,False,25,0.35172413793103446,0.0
312.2483824146019,334.2384164965363,438,1.778,0.23,34.91,438,0.0,41,1.414,False,28,0.9793103448275862,0.0
381.78838241460187,125.15841649653622,407,1.812,0.401,31.59,407,0.0,41,1.414,False,29,0.41379310344827586,0.0
362.22838241460187,425.51841649653625,101,1.737,0.356,9.5,101,0.1,41,1.414,False,75,0.2482758620689655,0.0
375.6983824146019,295.15841649653623,161,1.582,0.343,17.34,161,0.0,41,1.414,False,116,0.18620689655172415,0.0
375.04838241460186,306.74841649653627,442,1.728,0.067,41.09,442,0.0,41,1.414,False,120,0.9586206896551724,0.0
386.4583824146019,107.42841649653623,638,1.79,0.331,51.3,638,0.0,41,1.414,True,132,0.15172413793103448,1.0
383.91838241460187,434.1784164965362,494,1.829,0.226,34.44,494,0.0,41,1.414,False,141,0.9103448275862069,0.0
315.98838241460186,286.1784164965362,640,1.917,0.284,40.61,640,0.0,41,1.414,False,148,0.903448275862069,0.0
367.0183824146019,76.61841649653623,763,1.879,0.206,49.64,763,0.0,41,1.414,True,151,0.8275862068965517,1.0
306.9083824146019,310.4884164965363,468,1.83,0.288,35.63,468,0.0,41,1.414,False,152,0.8758620689655172,0.0
389.1583824146019,249.93841649653623,153,1.669,0.41,14.96,153,0.0,41,1.414,False,154,0.09655172413793103,0.0
269.93838241460185,453.40841649653623,594,1.86,0.322,38.95,594,0.0,41,1.414,False,155,0.8413793103448276,0.0
342.23838241460186,271.12841649653626,557,1.809,0.327,48.21,557,0.0,41,1.414,True,159,0.8551724137931035,2.0
345.9483824146019,146.50841649653623,597,1.832,0.334,46.08,597,0.0,41,1.414,True,164,0.8413793103448276,1.0
51.37838241460187,754.6584164965362,106,1.828,0.498,9.03,106,0.1,41,1.414,False,165,0.16551724137931034,0.0
393.7683824146019,120.22841649653623,224,1.755,0.525,23.51,224,0.0,41,1.414,False,167,0.15172413793103448,0.0
367.8983824146019,433.7084164965362,595,1.882,0.337,44.65,595,0.0,41,1.414,True,173,0.7793103448275862,3.0
372.7783824146019,66.47841649653623,158,1.508,0.308,19.0,158,0.1,41,1.414,False,176,0.0896551724137931,0.0
379.28838241460187,246.48841649653622,232,1.82,0.136,16.39,232,0.0,41,1.414,False,177,0.3931034482758621,0.0
221.49838241460188,48.71841649653622,108,1.773,0.324,11.16,108,0.1,41,1.414,False,178,0.0896551724137931,0.0
92.71838241460188,40.378416496536225,120,1.786,0.45,12.59,120,0.3,41,1.414,False,179,0.08275862068965517,0.0
51.20838241460187,349.97841649653617,106,1.681,0.368,9.74,106,0.1,41,1.414,False,180,0.08275862068965517,0.0
41.10838241460187,215.8984164965362,111,1.485,0.335,14.01,111,0.1,41,1.414,False,183,0.07586206896551724,0.0
327.6383824146019,333.5984164965362,127,1.763,0.287,11.64,127,0.1,41,1.414,False,186,0.034482758620689655,0.0
263.79838241460186,79.08841649653623,120,1.706,0.135,11.64,120,0.0,41,1.414,False,187,0.696551724137931,0.0
395.4683824146019,106.77841649653622,111,1.873,0.046,9.26,111,0.0,41,1.414,False,190,0.18620689655172415,0.0
79.93419636809024,432.49911417095484,538,1.779,0.265,44.84,538,0.0,42,1.448,True,0,0.496551724137931,3.0
303.35419636809024,124.92911417095483,661,1.924,0.21,42.31,661,0.0,42,1.448,True,1,1.0,1.0
296.42419636809024,114.14911417095483,543,1.757,0.286,47.14,543,0.0,42,1.448,True,2,1.0,1.0
286.7641963680902,78.43911417095482,513,1.778,0.289,44.15,513,0.0,42,1.448,True,3,0.35172413793103446,1.0
297.4541963680902,482.55911417095484,637,1.831,0.352,50.36,637,0.0,42,1.448,True,4,1.0,3.0
338.29419636809024,468.98911417095485,798,1.866,0.2,54.96,798,0.0,42,1.448,True,5,1.0,3.0
274.4541963680902,501.75911417095483,533,1.853,0.204,37.71,533,0.0,42,1.448,False,6,0.993103448275862,0.0
282.4541963680902,240.11911417095482,599,1.761,0.165,50.36,599,0.0,42,1.448,True,8,0.5586206896551724,2.0
282.71419636809026,118.55911417095483,582,1.857,0.244,39.32,582,0.0,42,1.448,False,9,1.0,0.0
260.22419636809025,495.21911417095487,611,1.671,0.191,58.64,611,0.0,42,1.448,True,10,1.0,3.0
254.13419636809024,76.41911417095483,564,1.813,0.191,42.08,564,0.0,42,1.448,False,11,1.0,0.0
343.4041963680902,456.94911417095483,653,1.863,0.147,46.68,653,0.0,42,1.448,True,15,0.6275862068965518,3.0
340.4441963680902,61.359114170954825,630,1.768,0.342,56.11,630,0.0,42,1.448,True,16,1.0,1.0
385.6541963680902,459.5791141709549,346,1.697,0.152,28.52,346,0.0,42,1.448,False,17,0.4413793103448276,0.0
383.1841963680902,258.36911417095484,140,1.487,0.075,16.33,140,0.0,42,1.448,False,19,0.4896551724137931,0.0
344.22419636809025,243.0591141709548,679,1.994,0.095,35.64,679,0.0,42,1.448,False,22,0.9862068965517241,0.0
384.17419636809024,284.41911417095486,462,1.785,0.514,39.78,462,0.0,42,1.448,False,25,0.35172413793103446,0.0
311.53419636809025,334.2691141709549,438,1.777,0.229,34.95,438,0.0,42,1.448,False,28,0.9793103448275862,0.0
382.30419636809023,126.17911417095483,390,1.774,0.305,30.59,390,0.0,42,1.448,False,29,0.41379310344827586,0.0
376.9641963680902,294.97911417095486,155,1.622,0.349,16.1,155,0.0,42,1.448,False,116,0.18620689655172415,0.0
376.0941963680902,307.41911417095486,475,1.688,0.055,43.69,475,0.0,42,1.448,True,120,0.9586206896551724,2.0
387.73419636809024,106.42911417095483,647,1.797,0.336,51.28,647,0.0,42,1.448,True,132,0.15172413793103448,1.0
384.55419636809023,433.3891141709549,509,1.907,0.297,32.43,509,0.0,42,1.448,False,141,0.9103448275862069,0.0
315.2641963680902,286.31911417095483,610,1.934,0.318,38.63,610,0.0,42,1.448,False,148,0.903448275862069,0.0
362.47419636809025,79.12911417095482,682,1.796,0.112,51.74,682,0.0,42,1.448,True,151,0.8275862068965517,1.0
302.36419636809023,309.3891141709549,584,1.887,0.33,39.32,584,0.0,42,1.448,False,152,0.8758620689655172,0.0
390.4441963680902,249.95911417095482,153,1.668,0.412,15.18,153,0.0,42,1.448,False,154,0.09655172413793103,0.0
269.0141963680902,455.19911417095483,521,1.923,0.3,32.66,521,0.0,42,1.448,False,155,0.8413793103448276,0.0
340.41419636809024,270.6491141709549,535,1.857,0.335,40.7,535,0.0,42,1.448,False,159,0.8551724137931035,0.0
343.2741963680902,145.56911417095483,651,1.921,0.239,40.47,651,0.0,42,1.448,False,164,0.8413793103448276,0.0
52.67419636809024,754.6891141709548,107,1.833,0.497,8.97,107,0.1,42,1.448,False,165,0.16551724137931034,0.0
395.2041963680902,120.19911417095483,135,1.706,0.479,14.26,135,0.0,42,1.448,False,167,0.15172413793103448,0.0
367.0741963680902,434.21911417095487,537,1.782,0.254,44.15,537,0.0,42,1.448,True,173,0.7793103448275862,3.0
373.7041963680902,66.53911417095483,128,1.433,0.297,15.87,128,0.1,42,1.448,False,176,0.0896551724137931,0.0
379.47419636809025,245.53911417095483,241,1.733,0.319,19.32,241,0.0,42,1.448,False,177,0.3931034482758621,0.0
222.12419636809025,48.75911417095483,124,1.832,0.374,11.04,124,0.1,42,1.448,False,178,0.0896551724137931,0.0
94.00419636809025,40.40911417095483,120,1.782,0.45,12.65,120,0.4,42,1.448,False,179,0.08275862068965517,0.0
52.49419636809024,349.99911417095484,106,1.683,0.373,9.89,106,0.1,42,1.448,False,180,0.08275862068965517,0.0
42.40419636809024,215.93911417095484,111,1.489,0.336,14.03,111,0.1,42,1.448,False,183,0.07586206896551724,0.0
329.0141963680902,333.62911417095484,123,1.713,0.221,12.42,123,0.1,42,1.448,False,186,0.034482758620689655,0.0
265.6241963680902,78.87911417095482,129,1.6,0.283,14.49,129,0.0,42,1.448,False,187,0.696551724137931,0.0
396.7541963680902,106.79911417095482,111,1.874,0.04,9.2,111,0.0,42,1.448,False,190,0.18620689655172415,0.0
376.5941963680902,77.33911417095483,106,1.408,0.15,16.1,106,0.1,42,1.448,False,191,0.020689655172413793,0.0
78.11510545899934,433.3718414436821,581,1.791,0.193,46.2,581,0.0,43,1.483,True,0,0.496551724137931,3.0
302.4451054589993,124.55184144368211,645,1.901,0.25,42.24,645,0.0,43,1.483,True,1,1.0,1.0
295.7651054589993,114.3718414436821,549,1.657,0.222,55.21,549,0.0,43,1.483,True,2,1.0,1.0
286.64510545899935,78.7118414436821,561,1.804,0.314,45.54,561,0.0,43,1.483,True,3,0.35172413793103446,1.0
296.5151054589993,482.0018414436821,570,1.795,0.28,49.5,570,0.0,43,1.483,True,4,1.0,3.0
338.34510545899934,469.5018414436821,741,1.85,0.251,52.8,741,0.0,43,1.483,True,5,1.0,3.0
273.6951054589993,501.91184144368214,497,1.826,0.205,36.74,497,0.0,43,1.483,False,6,0.993103448275862,0.0
283.35510545899933,240.2518414436821,562,1.752,0.126,47.74,562,0.0,43,1.483,True,8,0.5586206896551724,2.0
284.3751054589993,117.9418414436821,630,1.869,0.141,40.04,630,0.0,43,1.483,False,9,1.0,0.0
259.41510545899934,494.72184144368214,589,1.775,0.261,48.84,589,0.0,43,1.483,True,10,1.0,3.0
254.28510545899934,76.6518414436821,575,1.877,0.282,39.38,575,0.0,43,1.483,False,11,1.0,0.0
345.3251054589993,457.10184144368213,679,1.886,0.181,45.76,679,0.0,43,1.483,True,15,0.6275862068965518,3.0
341.3051054589993,61.1618414436821,593,1.831,0.243,47.96,593,0.0,43,1.483,True,16,1.0,1.0
387.4251054589993,458.3618414436821,413,1.665,0.149,36.3,413,0.0,43,1.483,False,17,0.4413793103448276,0.0
384.2451054589993,258.5718414436821,141,1.487,0.078,16.28,141,0.0,43,1.483,False,19,0.4896551724137931,0.0
344.3751054589993,243.27184144368212,670,1.967,0.044,37.18,670,0.0,43,1.483,False,22,0.9862068965517241,0.0
385.1751054589993,281.5618414436821,436,1.786,0.47,37.4,436,0.0,43,1.483,False,25,0.35172413793103446,0.0
309.85510545899933,334.47184144368214,403,1.744,0.196,34.1,403,0.0,43,1.483,False,28,0.9793103448275862,0.0
383.3051054589993,128.3118414436821,404,1.758,0.295,32.56,404,0.0,43,1.483,False,29,0.41379310344827586,0.0
378.0151054589993,294.6218414436821,160,1.654,0.375,15.62,160,0.0,43,1.483,False,116,0.18620689655172415,0.0
376.2451054589993,307.8318414436821,643,1.677,0.036,56.09,643,0.0,43,1.483,False,120,0.9586206896551724,0.0
382.35510545899933,102.5818414436821,140,1.851,0.586,11.22,140,0.2,43,1.483,False,132,0.15172413793103448,0.0
386.0251054589993,433.7118414436821,465,1.883,0.274,30.58,465,0.0,43,1.483,False,141,0.9103448275862069,0.0
310.7051054589993,286.1718414436821,549,1.854,0.172,38.72,549,0.0,43,1.483,False,148,0.903448275862069,0.0
362.4651054589993,79.5318414436821,651,1.847,0.21,46.2,651,0.0,43,1.483,True,151,0.8275862068965517,1.0
300.6451054589993,309.04184144368213,497,1.793,0.213,39.38,497,0.0,43,1.483,False,152,0.8758620689655172,0.0
391.5051054589993,250.1618414436821,153,1.669,0.412,15.18,153,0.0,43,1.483,False,154,0.09655172413793103,0.0
268.6151054589993,456.4518414436821,543,1.803,0.215,39.16,543,0.0,43,1.483,False,155,0.8413793103448276,0.0
342.91510545899934,270.8918414436821,582,1.802,0.107,44.22,582,0.0,43,1.483,True,159,0.8551724137931035,2.0
343.3151054589993,146.02184144368212,613,1.884,0.206,41.58,613,0.0,43,1.483,False,164,0.8413793103448276,0.0
53.72510545899934,754.8918414436821,107,1.83,0.498,9.02,107,0.1,43,1.483,False,165,0.16551724137931034,0.0
396.2751054589993,119.6718414436821,162,1.726,0.525,16.06,162,0.0,43,1.483,False,167,0.15172413793103448,0.0
364.1851054589993,434.6218414436821,601,1.814,0.356,49.94,601,0.0,43,1.483,True,173,0.7793103448275862,3.0
374.84510545899934,66.7718414436821,121,1.578,0.324,14.74,121,0.1,43,1.483,False,176,0.0896551724137931,0.0
381.4851054589993,246.5418414436821,299,1.815,0.357,28.16,299,0.0,43,1.483,False,177,0.3931034482758621,0.0
223.18510545899935,48.961841443682104,124,1.832,0.377,11.0,124,0.1,43,1.483,False,178,0.0896551724137931,0.0
94.33510545899934,40.6118414436821,130,1.851,0.497,12.54,130,0.2,43,1.483,False,179,0.08275862068965517,0.0
53.555105458999336,350.2118414436821,106,1.681,0.367,9.9,106,0.1,43,1.483,False,180,0.08275862068965517,0.0
43.46510545899933,216.14184144368213,111,1.49,0.329,13.86,111,0.1,43,1.483,False,183,0.07586206896551724,0.0
330.3051054589993,333.91184144368214,106,1.721,0.258,10.78,106,0.1,43,1.483,False,186,0.034482758620689655,0.0
266.40510545899934,79.1418414436821,142,1.566,0.274,16.06,142,0.0,43,1.483,False,187,0.696551724137931,0.0
389.4951054589993,106.5318414436821,572,1.781,0.437,47.96,572,0.0,43,1.483,True,190,0.18620689655172415,1.0
377.7651054589993,77.1618414436821,100,1.488,0.237,13.86,100,0.1,43,1.483,False,191,0.020689655172413793,0.0
298.03510545899934,79.9818414436821,116,1.447,0.035,15.4,116,0.1,43,1.483,False,192,0.027586206896551724,0.0
379.2451054589993,458.47184144368214,111,1.67,0.398,10.56,111,0.0,43,1.483,False,194,0.034482758620689655,0.0
399.8051054589993,286.41184144368214,111,1.761,0.573,11.0,111,0.1,43,1.483,False,195,0.034482758620689655,0.0
75.89510545899934,433.57717477701544,559,1.816,0.272,44.15,559,0.0,44,1.517,True,0,0.496551724137931,3.0
301.10510545899933,124.68717477701544,649,1.902,0.247,42.36,649,0.0,44,1.517,True,1,1.0,1.0
297.0051054589993,112.92717477701544,777,1.816,0.152,56.86,777,0.0,44,1.517,True,2,1.0,1.0
287.88510545899936,79.58717477701543,626,1.862,0.32,46.38,626,0.0,44,1.517,True,3,0.35172413793103446,1.0
297.04510545899933,481.9771747770155,589,1.813,0.307,47.71,589,0.0,44,1.517,True,4,1.0,3.0
338.8851054589993,469.58717477701543,722,1.849,0.24,52.17,722,0.0,44,1.517,True,5,1.0,3.0
273.28510545899934,501.68717477701546,513,1.879,0.231,34.34,513,0.0,44,1.517,False,6,0.993103448275862,0.0
283.04510545899933,240.75717477701542,554,1.821,0.196,40.8,554,0.0,44,1.517,False,8,0.5586206896551724,0.0
283.28510545899934,118.19717477701543,577,1.857,0.194,39.69,577,0.0,44,1.517,False,9,1.0,0.0
258.89510545899935,494.9171747770155,570,1.761,0.233,47.71,570,0.0,44,1.517,True,10,1.0,3.0
251.14510545899932,75.60717477701543,564,1.88,0.236,37.46,564,0.0,44,1.517,False,11,1.0,0.0
345.9951054589993,457.23717477701547,679,1.886,0.182,45.93,679,0.0,44,1.517,True,15,0.6275862068965518,3.0
341.8151054589993,61.31717477701544,567,1.826,0.247,46.38,567,0.0,44,1.517,True,16,1.0,1.0
388.09510545899934,458.49717477701546,413,1.665,0.15,36.34,413,0.0,44,1.517,False,17,0.4413793103448276,0.0
384.7551054589993,258.2271747770154,158,1.657,0.14,15.38,158,0.0,44,1.517,False,19,0.4896551724137931,0.0
344.6751054589993,242.68717477701543,594,1.936,0.154,35.01,594,0.0,44,1.517,False,22,0.9862068965517241,0.0
386.59510545899934,279.68717477701546,422,1.79,0.305,34.78,422,0.0,44,1.517,False,25,0.35172413793103446,0.0
309.3251054589993,334.5971747770154,429,1.792,0.247,33.89,429,0.0,44,1.517,False,28,0.9793103448275862,0.0
383.9951054589993,128.64717477701544,407,1.785,0.328,31.44,407,0.0,44,1.517,False,29,0.41379310344827586,0.0
378.66510545899934,294.56717477701545,153,1.691,0.385,14.27,153,0.0,44,1.517,False,116,0.18620689655172415,0.0
376.90510545899934,307.93717477701546,642,1.668,0.062,56.63,642,0.0,44,1.517,True,120,0.9586206896551724,2.0
386.29510545899933,434.67717477701547,485,1.905,0.302,30.77,485,0.0,44,1.517,False,141,0.9103448275862069,0.0
312.96510545899935,285.6071747770155,593,1.913,0.296,38.8,593,0.0,44,1.517,False,148,0.903448275862069,0.0
362.1251054589993,80.16717477701543,665,1.814,0.165,50.17,665,0.0,44,1.517,True,151,0.8275862068965517,1.0
300.1351054589993,309.9071747770154,483,1.883,0.336,34.56,483,0.0,44,1.517,False,152,0.8758620689655172,0.0
392.15510545899934,249.56717477701542,162,1.733,0.468,14.72,162,0.0,44,1.517,False,154,0.09655172413793103,0.0
265.82510545899936,458.86717477701546,581,1.841,0.366,43.7,581,0.0,44,1.517,True,155,0.8413793103448276,3.0
341.85510545899933,270.50717477701545,582,1.83,0.177,41.69,582,0.0,44,1.517,False,159,0.8551724137931035,0.0
339.16510545899934,146.62717477701543,529,1.831,0.371,41.69,529,0.0,44,1.517,False,164,0.8413793103448276,0.0
54.39510545899934,755.0271747770154,107,1.829,0.495,8.92,107,0.1,44,1.517,False,165,0.16551724137931034,0.0
396.9451054589993,119.79717477701544,162,1.73,0.528,16.05,162,0.0,44,1.517,False,167,0.15172413793103448,0.0
363.95510545899936,434.73717477701547,608,1.815,0.373,49.72,608,0.0,44,1.517,True,173,0.7793103448275862,3.0
375.5751054589993,67.18717477701543,154,1.646,0.419,16.95,154,0.1,44,1.517,False,176,0.0896551724137931,0.0
377.7451054589993,245.32717477701541,418,1.669,0.075,43.48,418,0.0,44,1.517,True,177,0.3931034482758621,2.0
224.52510545899932,49.087174777015434,108,1.772,0.322,11.15,108,0.1,44,1.517,False,178,0.0896551724137931,0.0
95.01510545899933,40.757174777015436,130,1.853,0.497,12.49,130,0.2,44,1.517,False,179,0.08275862068965517,0.0
54.22510545899934,350.3471747770154,107,1.682,0.373,9.81,107,0.1,44,1.517,False,180,0.08275862068965517,0.0
44.135105458999334,216.27717477701543,112,1.491,0.33,14.05,112,0.1,44,1.517,False,183,0.07586206896551724,0.0
330.91510545899934,333.99717477701546,117,1.62,0.162,12.93,117,0.1,44,1.517,False,186,0.034482758620689655,0.0
266.63510545899936,79.27717477701543,153,1.671,0.182,14.49,153,0.0,44,1.517,False,187,0.696551724137931,0.0
390.1251054589993,104.80717477701543,577,1.755,0.411,48.83,577,0.0,44,1.517,True,190,0.18620689655172415,1.0
298.6851054589993,80.19717477701543,123,1.511,0.09,15.16,123,0.1,44,1.517,False,192,0.027586206896551724,0.0
379.91510545899934,458.5971747770154,110,1.67,0.398,10.48,110,0.0,44,1.517,False,194,0.034482758620689655,0.0
400.47510545899934,286.54717477701547,111,1.76,0.57,10.93,111,0.1,44,1.517,False,195,0.034482758620689655,0.0
374.1251054589993,51.90717477701543,105,1.853,0.479,9.59,105,0.2,44,1.517,False,196,0.020689655172413793,0.0
385.91510545899934,290.12717477701545,196,1.709,0.416,19.84,196,0.0,44,1.517,False,197,0.020689655172413793,0.0
74.34237818627206,434.36922023156086,594,1.874,0.221,41.69,594,0.0,45,1.552,False,0,0.496551724137931,0.0
301.38237818627204,124.55922023156089,642,1.899,0.205,42.35,642,0.0,45,1.552,True,1,1.0,1.0
295.2723781862721,112.03922023156089,776,1.866,0.096,51.12,776,0.0,45,1.552,True,2,1.0,1.0
286.3323781862721,79.55922023156089,627,1.867,0.335,46.3,627,0.0,45,1.552,True,3,0.35172413793103446,1.0
298.36237818627205,481.9592202315609,590,1.814,0.307,47.83,590,0.0,45,1.552,True,4,1.0,3.0
339.36237818627205,469.66922023156087,739,1.846,0.25,53.54,739,0.0,45,1.552,True,5,1.0,3.0
273.49237818627205,501.54922023156087,678,1.875,0.219,45.86,678,0.0,45,1.552,True,6,0.993103448275862,3.0
283.22237818627207,241.3692202315609,518,1.86,0.259,40.59,518,0.0,45,1.552,False,8,0.5586206896551724,0.0
281.1323781862721,121.59922023156089,562,1.844,0.275,40.37,562,0.0,45,1.552,False,9,1.0,0.0
259.0723781862721,494.5392202315609,608,1.729,0.238,55.95,608,0.0,45,1.552,True,10,1.0,3.0
249.37237818627204,74.6092202315609,539,1.857,0.235,37.3,539,0.0,45,1.552,False,11,1.0,0.0
347.30237818627205,457.2192202315609,679,1.886,0.181,45.86,679,0.0,45,1.552,True,15,0.6275862068965518,3.0
341.35237818627206,61.28922023156089,554,1.821,0.229,45.42,554,0.0,45,1.552,True,16,1.0,1.0
389.41237818627206,458.4792202315609,412,1.664,0.149,36.2,412,0.0,45,1.552,False,17,0.4413793103448276,0.0
386.13237818627204,258.42922023156086,151,1.571,0.183,15.58,151,0.0,45,1.552,False,19,0.4896551724137931,0.0
339.69237818627204,244.5492202315609,412,1.79,0.226,33.57,412,0.0,45,1.552,False,22,0.9862068965517241,0.0
388.57237818627203,275.61922023156086,472,1.67,0.32,45.42,472,0.0,45,1.552,True,25,0.35172413793103446,2.0
308.642378186272,334.57922023156084,430,1.792,0.247,33.79,430,0.0,45,1.552,False,28,0.9793103448275862,0.0
385.142378186272,129.28922023156088,339,1.686,0.248,32.47,339,0.0,45,1.552,False,29,0.41379310344827586,0.0
380.01237818627203,293.80922023156086,138,1.665,0.41,13.16,138,0.0,45,1.552,False,116,0.18620689655172415,0.0
373.55237818627205,309.06922023156085,546,1.789,0.134,43.44,546,0.0,45,1.552,True,120,0.9586206896551724,2.0
388.10237818627206,434.67922023156086,443,1.83,0.244,30.94,443,0.0,45,1.552,False,141,0.9103448275862069,0.0
310.31237818627204,284.56922023156085,598,1.926,0.305,38.4,598,0.0,45,1.552,False,148,0.903448275862069,0.0
362.18237818627205,80.83922023156089,621,1.72,0.203,54.85,621,0.0,45,1.552,True,151,0.8275862068965517,1.0
299.38237818627204,310.36922023156086,496,1.903,0.244,32.69,496,0.0,45,1.552,False,152,0.8758620689655172,0.0
393.47237818627207,249.6092202315609,153,1.763,0.351,12.29,153,0.0,45,1.552,False,154,0.09655172413793103,0.0
266.03237818627207,459.91922023156087,555,1.754,0.294,46.3,555,0.0,45,1.552,True,155,0.8413793103448276,3.0
338.3423781862721,269.29922023156087,699,1.924,0.237,45.42,699,0.0,45,1.552,True,159,0.8551724137931035,2.0
338.47237818627207,146.49922023156088,520,1.86,0.318,38.4,520,0.0,45,1.552,False,164,0.8413793103448276,0.0
55.71237818627206,755.0092202315609,107,1.83,0.498,9.0,107,0.1,45,1.552,False,165,0.16551724137931034,0.0
398.26237818627203,119.78922023156089,162,1.729,0.526,16.02,162,0.0,45,1.552,False,167,0.15172413793103448,0.0
362.06237818627204,434.63922023156084,696,1.814,0.251,55.73,696,0.0,45,1.552,True,173,0.7793103448275862,3.0
377.12237818627204,67.19922023156089,164,1.64,0.498,18.43,164,0.0,45,1.552,False,176,0.0896551724137931,0.0
378.5823781862721,245.2892202315609,437,1.633,0.077,43.66,437,0.0,45,1.552,True,177,0.3931034482758621,2.0
225.16237818627206,49.079220231560896,124,1.832,0.379,10.97,124,0.1,45,1.552,False,178,0.0896551724137931,0.0
96.32237818627206,40.729220231560895,130,1.852,0.497,12.51,130,0.2,45,1.552,False,179,0.08275862068965517,0.0
55.54237818627206,350.31922023156085,107,1.684,0.37,9.87,107,0.1,45,1.552,False,180,0.08275862068965517,0.0
45.45237818627206,216.2592202315609,112,1.492,0.329,14.04,112,0.1,45,1.552,False,183,0.07586206896551724,0.0
266.41237818627206,78.5192202315609,124,1.494,0.387,14.92,124,0.0,45,1.552,False,187,0.696551724137931,0.0
391.44237818627204,104.78922023156089,577,1.755,0.411,48.93,577,0.0,45,1.552,True,190,0.18620689655172415,1.0
374.11237818627205,79.8592202315609,132,1.471,0.14,16.02,132,0.0,45,1.552,False,191,0.020689655172413793,0.0
297.29237818627206,80.1692202315609,125,1.55,0.1,14.26,125,0.1,45,1.552,False,192,0.027586206896551724,0.0
381.23237818627206,458.5892202315609,111,1.672,0.399,10.53,111,0.0,45,1.552,False,194,0.034482758620689655,0.0
401.79237818627206,286.50922023156085,112,1.77,0.573,10.97,112,0.1,45,1.552,False,195,0.034482758620689655,0.0
74.7009496148435,434.5016011839419,709,1.818,0.219,53.36,709,0.0,46,1.586,True,0,0.496551724137931,3.0
299.8309496148435,124.35160118394184,623,1.89,0.194,43.08,623,0.0,46,1.586,True,1,1.0,1.0
293.7209496148435,111.09160118394185,747,1.877,0.073,48.55,747,0.0,46,1.586,True,2,1.0,1.0
281.0209496148435,79.64160118394184,566,1.835,0.343,42.86,566,0.0,46,1.586,True,3,0.35172413793103446,1.0
298.8409496148435,482.0016011839419,590,1.814,0.307,47.67,590,0.0,46,1.586,True,4,1.0,3.0
340.7109496148435,469.67160118394185,720,1.853,0.259,52.04,720,0.0,46,1.586,True,5,1.0,3.0
273.76094961484347,501.17160118394185,740,1.861,0.222,52.48,740,0.0,46,1.586,True,6,0.993103448275862,3.0
282.8909496148435,241.71160118394184,574,1.776,0.161,46.8,574,0.0,46,1.586,True,8,0.5586206896551724,2.0
281.6509496148435,121.80160118394184,675,1.821,0.266,51.17,675,0.0,46,1.586,True,9,1.0,1.0
257.7309496148435,494.54160118394185,625,1.759,0.256,55.76,625,0.0,46,1.586,True,10,1.0,3.0
248.9909496148435,74.23160118394185,572,1.827,0.216,44.39,572,0.0,46,1.586,True,11,1.0,1.0
347.7809496148435,457.2616011839419,678,1.886,0.181,45.92,678,0.0,46,1.586,True,15,0.6275862068965518,3.0
341.6809496148435,61.351601183941845,528,1.817,0.238,43.73,528,0.0,46,1.586,True,16,1.0,1.0
389.8709496148435,457.48160118394185,431,1.651,0.148,38.27,431,0.0,46,1.586,False,17,0.4413793103448276,0.0
386.7209496148435,258.87160118394183,154,1.439,0.027,18.81,154,0.0,46,1.586,False,19,0.4896551724137931,0.0
339.9009496148435,244.56160118394183,483,1.86,0.266,34.55,483,0.0,46,1.586,False,22,0.9862068965517241,0.0
390.2009496148435,271.84160118394186,463,1.772,0.347,37.61,463,0.0,46,1.586,False,25,0.35172413793103446,0.0
307.9609496148435,334.1316011839419,430,1.855,0.247,30.4,430,0.0,46,1.586,False,28,0.9793103448275862,0.0
385.5209496148435,129.38160118394183,326,1.647,0.229,33.46,326,0.0,46,1.586,False,29,0.41379310344827586,0.0
373.9709496148435,309.11160118394184,530,1.822,0.179,40.24,530,0.0,46,1.586,False,120,0.9586206896551724,0.0
388.6509496148435,434.79160118394185,429,1.801,0.221,31.27,429,0.0,46,1.586,False,141,0.9103448275862069,0.0
309.7609496148435,284.6916011839419,601,1.887,0.23,40.24,601,0.0,46,1.586,False,148,0.903448275862069,0.0
360.8309496148435,81.92160118394185,743,1.827,0.261,53.14,743,0.0,46,1.586,True,151,0.8275862068965517,1.0
298.7409496148435,309.97160118394186,505,1.851,0.17,34.77,505,0.0,46,1.586,False,152,0.8758620689655172,0.0
263.6209496148435,462.79160118394185,603,1.833,0.304,43.3,603,0.0,46,1.586,True,155,0.8413793103448276,3.0
338.8209496148435,269.34160118394186,698,1.924,0.237,45.48,698,0.0,46,1.586,True,159,0.8551724137931035,2.0
339.8309496148435,146.25160118394183,603,1.917,0.236,39.58,603,0.0,46,1.586,False,164,0.8413793103448276,0.0
56.19094961484349,755.0516011839418,107,1.83,0.498,8.97,107,0.1,46,1.586,False,165,0.16551724137931034,0.0
398.7309496148435,119.89160118394184,154,1.709,0.488,15.31,154,0.0,46,1.586,False,167,0.15172413793103448,0.0
361.3909496148435,434.98160118394185,625,1.813,0.194,48.33,625,0.0,46,1.586,True,173,0.7793103448275862,3.0
382.3909496148435,70.65160118394185,120,1.568,0.472,15.31,120,0.2,46,1.586,False,176,0.0896551724137931,0.0
378.7409496148435,245.32160118394182,610,1.801,0.124,48.33,610,0.0,46,1.586,True,177,0.3931034482758621,2.0
226.31094961484348,49.11160118394184,108,1.771,0.325,11.15,108,0.1,46,1.586,False,178,0.0896551724137931,0.0
96.80094961484349,40.77160118394185,129,1.852,0.497,12.46,129,0.2,46,1.586,False,179,0.08275862068965517,0.0
56.02094961484349,350.37160118394183,106,1.683,0.371,9.84,106,0.1,46,1.586,False,180,0.08275862068965517,0.0
45.930949614843485,216.30160118394184,112,1.494,0.329,14.0,112,0.1,46,1.586,False,183,0.07586206896551724,0.0
264.4709496148435,77.56160118394185,117,1.566,0.315,12.9,117,0.0,46,1.586,False,187,0.696551724137931,0.0
391.9209496148435,104.83160118394184,577,1.754,0.411,48.98,577,0.0,46,1.586,True,190,0.18620689655172415,1.0
295.2809496148435,79.76160118394185,101,1.469,0.118,13.34,101,0.1,46,1.586,False,192,0.027586206896551724,0.0
381.7209496148435,457.73160118394185,105,1.696,0.435,10.06,105,0.0,46,1.586,False,194,0.034482758620689655,0.0
402.2709496148435,286.55160118394184,112,1.769,0.574,10.93,112,0.1,46,1.586,False,195,0.034482758620689655,0.0
375.9209496148435,51.931601183941844,105,1.853,0.479,9.62,105,0.2,46,1.586,False,196,0.020689655172413793,0.0
387.63094961484353,290.43160118394184,146,1.661,0.453,16.18,146,0.0,46,1.586,False,197,0.020689655172413793,0.0
75.56999723389112,434.2382678506085,622,1.789,0.246,53.58,622,0.0,47,1.621,True,0,0.496551724137931,3.0
298.9399972338911,124.35826785060851,664,1.901,0.159,43.95,664,0.0,47,1.621,True,1,1.0,1.0
291.9999972338911,110.72826785060852,736,1.887,0.125,46.14,736,0.0,47,1.621,True,2,1.0,1.0
282.72999723389114,79.98826785060851,591,1.827,0.164,41.33,591,0.0,47,1.621,False,3,0.35172413793103446,0.0
299.9399972338911,482.02826785060853,581,1.816,0.311,47.02,581,0.0,47,1.621,True,4,1.0,3.0
340.8199972338911,469.6882678506085,721,1.854,0.258,52.04,721,0.0,47,1.621,True,5,1.0,3.0
272.8899972338911,501.1882678506085,731,1.856,0.217,52.48,731,0.0,47,1.621,True,6,0.993103448275862,3.0
282.8699972338911,241.7482678506085,540,1.796,0.296,45.27,540,0.0,47,1.621,True,8,0.5586206896551724,2.0
281.6899972338911,122.6182678506085,612,1.817,0.231,45.92,612,0.0,47,1.621,True,9,1.0,1.0
256.85999723389114,494.5582678506085,620,1.752,0.252,55.76,620,0.0,47,1.621,True,10,1.0,3.0
250.9499972338911,74.54826785060851,722,1.834,0.255,52.48,722,0.0,47,1.621,True,11,1.0,1.0
348.8899972338911,457.27826785060853,678,1.886,0.181,45.92,678,0.0,47,1.621,True,15,0.6275862068965518,3.0
341.79999723389113,61.36826785060851,511,1.822,0.237,41.99,511,0.0,47,1.621,False,16,1.0,0.0
390.54999723389113,457.4882678506085,408,1.702,0.102,34.33,408,0.0,47,1.621,False,17,0.4413793103448276,0.0
387.8699972338911,257.9382678506085,115,1.474,0.072,13.78,115,0.1,47,1.621,False,19,0.4896551724137931,0.0
339.92999723389113,244.56826785060852,493,1.885,0.286,34.77,493,0.0,47,1.621,False,22,0.9862068965517241,0.0
391.2899972338911,270.6682678506085,467,1.784,0.364,37.39,467,0.0,47,1.621,False,25,0.35172413793103446,0.0
306.2599972338911,334.6182678506085,383,1.808,0.242,29.3,383,0.0,47,1.621,False,28,0.9793103448275862,0.0
386.2899972338911,129.8282678506085,363,1.641,0.217,35.43,363,0.0,47,1.621,False,29,0.41379310344827586,0.0
381.5999972338911,293.76826785060854,144,1.708,0.423,13.12,144,0.0,47,1.621,False,116,0.18620689655172415,0.0
372.0999972338911,309.33826785060853,593,1.886,0.215,41.77,593,0.0,47,1.621,False,120,0.9586206896551724,0.0
389.1599972338911,433.9282678506085,391,1.869,0.324,27.77,391,0.0,47,1.621,False,141,0.9103448275862069,0.0
304.3699972338911,284.7882678506085,487,1.788,0.139,37.83,487,0.0,47,1.621,False,148,0.903448275862069,0.0
359.85999723389114,82.02826785060851,669,1.834,0.337,49.86,669,0.0,47,1.621,True,151,0.8275862068965517,1.0
297.8999972338911,309.9782678506085,520,1.863,0.174,34.77,520,0.0,47,1.621,False,152,0.8758620689655172,0.0
395.3399972338911,243.97826785060852,105,1.835,0.397,8.31,105,0.1,47,1.621,False,154,0.09655172413793103,0.0
262.9299972338911,464.0682678506085,535,1.802,0.313,40.67,535,0.0,47,1.621,False,155,0.8413793103448276,0.0
336.4599972338911,269.02826785060853,563,1.783,0.254,45.27,563,0.0,47,1.621,True,159,0.8551724137931035,2.0
336.1999972338911,146.5282678506085,544,1.78,0.208,43.08,544,0.0,47,1.621,True,164,0.8413793103448276,1.0
57.29999723389111,755.0682678506084,107,1.83,0.498,8.97,107,0.1,47,1.621,False,165,0.16551724137931034,0.0
399.8499972338911,119.87826785060851,156,1.713,0.503,15.53,156,0.0,47,1.621,False,167,0.15172413793103448,0.0
360.7099972338911,435.0682678506085,633,1.833,0.218,48.33,633,0.0,47,1.621,True,173,0.7793103448275862,3.0
383.4999972338911,70.66826785060852,120,1.568,0.472,15.31,120,0.2,47,1.621,False,176,0.0896551724137931,0.0
377.0899972338911,245.3582678506085,607,1.881,0.23,41.55,607,0.0,47,1.621,False,177,0.3931034482758621,0.0
227.4199972338911,49.12826785060851,108,1.771,0.325,11.15,108,0.1,47,1.621,False,178,0.0896551724137931,0.0
97.90999723389112,40.78826785060851,129,1.852,0.497,12.46,129,0.2,47,1.621,False,179,0.08275862068965517,0.0
57.11999723389111,350.3782678506085,106,1.681,0.377,9.84,106,0.1,47,1.621,False,180,0.08275862068965517,0.0
47.039997233891114,216.31826785060852,112,1.494,0.329,14.0,112,0.1,47,1.621,False,183,0.07586206896551724,0.0
263.9199972338911,77.44826785060852,108,1.529,0.267,12.46,108,0.0,47,1.621,False,187,0.696551724137931,0.0
393.1499972338911,104.6782678506085,513,1.746,0.38,44.61,513,0.0,47,1.621,True,190,0.18620689655172415,1.0
403.3799972338911,286.5682678506085,112,1.769,0.574,10.93,112,0.1,47,1.621,False,195,0.034482758620689655,0.0
377.0299972338911,51.94826785060851,105,1.853,0.479,9.62,105,0.2,47,1.621,False,196,0.020689655172413793,0.0
388.7899972338911,289.7882678506085,166,1.713,0.494,17.06,166,0.0,47,1.621,False,197,0.020689655172413793,0.0
51.10999723389111,134.44826785060852,125,1.766,0.598,12.46,125,0.1,47,1.621,False,198,0.027586206896551724,0.0
398.5999972338911,277.7982678506085,156,1.84,0.644,14.0,156,0.0,47,1.621,False,201,0.0896551724137931,0.0
71.70366390055777,435.9276011839418,743,1.871,0.31,53.27,743,0.0,48,1.655,True,0,0.496551724137931,3.0
301.49366390055775,124.66760118394184,656,1.826,0.137,46.95,656,0.0,48,1.655,True,1,1.0,1.0
292.48366390055776,110.80760118394184,706,1.878,0.228,45.69,706,0.0,48,1.655,True,2,1.0,1.0
277.9236639005578,78.86760118394184,579,1.774,0.251,49.06,579,0.0,48,1.655,True,3,0.35172413793103446,1.0
304.41366390055776,482.82760118394185,682,1.841,0.311,52.43,682,0.0,48,1.655,True,4,1.0,3.0
342.7036639005578,469.6076011839418,738,1.859,0.277,53.48,738,0.0,48,1.655,True,5,1.0,3.0
272.7036639005578,501.06760118394186,753,1.898,0.347,52.64,753,0.0,48,1.655,True,6,0.993103448275862,3.0
281.72366390055777,242.68760118394184,674,1.815,0.157,47.37,674,0.0,48,1.655,True,8,0.5586206896551724,2.0
280.48366390055776,123.99760118394184,681,1.837,0.145,46.74,681,0.0,48,1.655,True,9,1.0,1.0
255.71366390055778,493.88760118394185,581,1.857,0.339,43.79,581,0.0,48,1.655,True,10,1.0,3.0
248.83366390055778,73.35760118394184,637,1.769,0.146,53.27,637,0.0,48,1.655,True,11,1.0,1.0
349.72366390055777,457.51760118394185,706,1.83,0.192,52.85,706,0.0,48,1.655,True,15,0.6275862068965518,3.0
342.5236639005578,61.02760118394185,601,1.823,0.087,41.69,601,0.0,48,1.655,False,16,1.0,0.0
390.9636639005578,457.1076011839418,590,1.883,0.173,38.53,590,0.0,48,1.655,False,17,0.4413793103448276,0.0
341.67366390055776,244.60760118394185,536,1.87,0.331,40.0,536,0.0,48,1.655,False,22,0.9862068965517241,0.0
393.61366390055775,267.40760118394184,450,1.644,0.297,44.64,450,0.0,48,1.655,True,25,0.35172413793103446,2.0
305.7636639005578,334.33760118394184,474,1.803,0.215,38.95,474,0.0,48,1.655,False,28,0.9793103448275862,0.0
387.29366390055776,131.81760118394186,415,1.747,0.235,32.64,415,0.0,48,1.655,False,29,0.41379310344827586,0.0
374.6936639005578,309.78760118394183,689,1.846,0.248,48.64,689,0.0,48,1.655,True,120,0.9586206896551724,2.0
382.8236639005578,427.77760118394184,355,1.822,0.231,26.32,355,0.0,48,1.655,False,141,0.9103448275862069,0.0
304.7036639005578,283.64760118394184,616,1.855,0.179,42.11,616,0.0,48,1.655,False,148,0.903448275862069,0.0
357.7536639005578,84.18760118394185,723,1.905,0.277,46.53,723,0.0,48,1.655,True,151,0.8275862068965517,1.0
295.5736639005578,310.90760118394184,623,1.814,0.328,49.06,623,0.0,48,1.655,True,152,0.8758620689655172,2.0
261.6536639005578,467.09760118394183,621,1.838,0.322,46.11,621,0.0,48,1.655,True,155,0.8413793103448276,3.0
336.79366390055776,269.07760118394185,649,1.834,0.153,45.27,649,0.0,48,1.655,True,159,0.8551724137931035,2.0
338.8236639005578,146.72760118394186,787,1.899,0.195,51.8,787,0.0,48,1.655,True,164,0.8413793103448276,1.0
357.8236639005578,435.65760118394184,701,1.85,0.273,51.37,701,0.0,48,1.655,True,173,0.7793103448275862,3.0
380.5736639005578,245.08760118394184,557,1.766,0.245,47.58,557,0.0,48,1.655,True,177,0.3931034482758621,2.0
396.0836639005578,104.01760118394185,639,1.757,0.307,53.27,639,0.0,48,1.655,True,190,0.18620689655172415,1.0
380.66366390055776,469.9276011839418,119,1.846,0.702,11.58,119,0.2,48,1.655,False,194,0.034482758620689655,0.0
399.7636639005578,278.59760118394183,109,1.78,0.662,11.16,109,0.1,48,1.655,False,201,0.0896551724137931,0.0
59.09366390055777,262.63760118394185,106,1.823,0.483,8.63,106,0.0,48,1.655,False,202,0.08275862068965517,0.0
47.583663900557774,436.18760118394187,177,1.742,0.599,17.69,177,0.0,48,1.655,False,204,0.06206896551724138,0.0
349.1536639005578,240.66760118394185,317,1.612,0.035,33.9,317,0.0,48,1.655,False,206,0.6344827586206897,0.0
72.70245177934565,435.86699512333576,746,1.858,0.293,54.17,746,0.0,49,1.69,True,0,0.496551724137931,3.0
300.76245177934567,124.70699512333579,678,1.866,0.187,45.25,678,0.0,49,1.69,True,1,1.0,1.0
293.5024517793457,110.48699512333579,597,1.851,0.191,41.63,597,0.0,49,1.69,False,2,1.0,0.0
275.9324517793456,78.97699512333578,631,1.818,0.285,49.07,631,0.0,49,1.69,True,3,0.35172413793103446,1.0
305.52245177934566,482.85699512333576,682,1.841,0.311,52.47,682,0.0,49,1.69,True,4,1.0,3.0
343.8124517793457,469.63699512333574,738,1.859,0.277,53.53,738,0.0,49,1.69,True,5,1.0,3.0
272.78245177934565,501.13699512333574,753,1.892,0.324,52.68,753,0.0,49,1.69,True,6,0.993103448275862,3.0
281.21245177934566,243.2269951233358,589,1.783,0.116,45.67,589,0.0,49,1.69,True,8,0.5586206896551724,2.0
280.65245177934565,125.40699512333579,620,1.829,0.108,43.33,620,0.0,49,1.69,True,9,1.0,1.0
255.78245177934565,493.97699512333577,583,1.855,0.342,43.97,583,0.0,49,1.69,True,10,1.0,3.0
248.66245177934564,72.94699512333578,628,1.794,0.217,49.07,628,0.0,49,1.69,True,11,1.0,1.0
350.83245177934566,457.54699512333576,706,1.83,0.191,52.89,706,0.0,49,1.69,True,15,0.6275862068965518,3.0
342.6224517793457,61.01699512333579,592,1.836,0.07,39.93,592,0.0,49,1.69,False,16,1.0,0.0
391.82245177934567,456.67699512333576,622,1.913,0.187,37.81,622,0.0,49,1.69,False,17,0.4413793103448276,0.0
340.8024517793457,244.9269951233358,603,1.847,0.4,48.43,603,0.0,49,1.69,True,22,0.9862068965517241,2.0
395.1724517793457,264.2169951233358,440,1.751,0.292,36.11,440,0.0,49,1.69,False,25,0.35172413793103446,0.0
303.8624517793457,334.36699512333576,474,1.807,0.212,38.66,474,0.0,49,1.69,False,28,0.9793103448275862,0.0
388.4424517793457,133.02699512333578,353,1.742,0.257,28.25,353,0.0,49,1.69,False,29,0.41379310344827586,0.0
375.59245177934565,309.8969951233358,695,1.841,0.236,48.86,695,0.0,49,1.69,True,120,0.9586206896551724,2.0
382.57245177934567,428.0269951233358,538,1.838,0.192,37.81,538,0.0,49,1.69,False,141,0.9103448275862069,0.0
301.9224517793457,282.11699512333576,542,1.798,0.181,41.0,542,0.0,49,1.69,False,148,0.903448275862069,0.0
354.79245177934564,85.97699512333578,712,1.896,0.264,45.67,712,0.0,49,1.69,True,151,0.8275862068965517,1.0
293.67245177934564,310.93699512333575,624,1.817,0.329,49.07,624,0.0,49,1.69,True,152,0.8758620689655172,2.0
261.7524517793457,468.26699512333573,579,1.831,0.281,43.55,579,0.0,49,1.69,True,155,0.8413793103448276,3.0
337.9924517793457,269.05699512333575,644,1.8,0.136,47.37,644,0.0,49,1.69,True,159,0.8551724137931035,2.0
339.5524517793457,146.55699512333578,649,1.836,0.133,45.67,649,0.0,49,1.69,True,164,0.8413793103448276,1.0
357.8024517793457,435.60699512333576,717,1.875,0.275,50.98,717,0.0,49,1.69,True,173,0.7793103448275862,3.0
376.7524517793457,245.46699512333578,582,1.915,0.298,40.36,582,0.0,49,1.69,False,177,0.3931034482758621,0.0
397.1924517793457,103.07699512333579,641,1.761,0.311,52.89,641,0.0,49,1.69,True,190,0.18620689655172415,1.0
400.8824517793457,276.25699512333574,110,1.781,0.658,11.47,110,0.0,49,1.69,False,201,0.0896551724137931,0.0
60.30245177934565,262.6569951233358,107,1.827,0.477,8.71,107,0.0,49,1.69,False,202,0.08275862068965517,0.0
48.74245177934566,436.25699512333574,166,1.733,0.602,16.99,166,0.0,49,1.69,False,204,0.06206896551724138,0.0
71.4288154157093,436.8218436081842,743,1.833,0.314,57.58,743,0.0,50,1.724,True,0,0.496551724137931,3.0
300.23881541570927,124.14184360818427,631,1.862,0.153,42.45,631,0.0,50,1.724,True,1,1.0,1.0
291.2888154157093,110.13184360818427,677,1.884,0.215,41.55,677,0.0,50,1.724,False,2,1.0,0.0
278.2588154157093,79.91184360818427,598,1.842,0.266,44.03,598,0.0,50,1.724,True,3,0.35172413793103446,1.0
306.11881541570926,482.85184360818425,681,1.841,0.312,52.38,681,0.0,50,1.724,True,4,1.0,3.0
344.3988154157093,469.6318436081842,738,1.859,0.277,53.51,738,0.0,50,1.724,True,5,1.0,3.0
272.42881541570927,500.73184360818425,710,1.914,0.292,46.74,710,0.0,50,1.724,True,6,0.993103448275862,3.0
281.5788154157093,243.15184360818427,608,1.795,0.2,45.38,608,0.0,50,1.724,True,8,0.5586206896551724,2.0
278.55881541570926,126.84184360818428,648,1.906,0.347,42.22,648,0.0,50,1.724,True,9,1.0,1.0
255.2688154157093,494.04184360818425,568,1.836,0.325,44.26,568,0.0,50,1.724,True,10,1.0,3.0
247.46881541570932,71.81184360818428,605,1.78,0.222,48.77,605,0.0,50,1.724,True,11,1.0,1.0
351.42881541570927,457.54184360818425,706,1.831,0.191,52.84,706,0.0,50,1.724,True,15,0.6275862068965518,3.0
341.42881541570927,61.00184360818427,567,1.824,0.061,39.29,567,0.0,50,1.724,False,16,1.0,0.0
391.56881541570925,456.8818436081842,593,1.834,0.139,42.22,593,0.0,50,1.724,True,17,0.4413793103448276,3.0
395.88881541570925,261.48184360818425,379,1.737,0.269,33.19,379,0.0,50,1.724,False,19,0.4896551724137931,0.0
341.3388154157093,244.90184360818427,616,1.853,0.372,47.87,616,0.0,50,1.724,True,22,0.9862068965517241,2.0
403.2188154157093,265.2018436081842,139,1.67,0.508,15.35,139,0.0,50,1.724,False,25,0.35172413793103446,0.0
302.4588154157093,334.37184360818424,474,1.809,0.209,38.61,474,0.0,50,1.724,False,28,0.9793103448275862,0.0
389.0388154157093,133.02184360818427,353,1.741,0.258,28.22,353,0.0,50,1.724,False,29,0.41379310344827586,0.0
376.2288154157093,309.85184360818425,631,1.835,0.278,46.29,631,0.0,50,1.724,True,120,0.9586206896551724,2.0
382.8388154157093,427.78184360818426,529,1.799,0.127,40.42,529,0.0,50,1.724,False,141,0.9103448275862069,0.0
301.3288154157093,282.2018436081842,553,1.834,0.189,40.19,553,0.0,50,1.724,False,148,0.903448275862069,0.0
354.2788154157093,85.85184360818428,705,1.906,0.268,44.26,705,0.0,50,1.724,True,151,0.8275862068965517,1.0
291.5388154157093,310.96184360818427,625,1.709,0.208,53.96,625,0.0,50,1.724,True,152,0.8758620689655172,2.0
260.23881541570927,469.8918436081843,552,1.829,0.295,41.77,552,0.0,50,1.724,False,155,0.8413793103448276,0.0
338.5788154157093,268.61184360818424,613,1.822,0.136,45.38,613,0.0,50,1.724,True,159,0.8551724137931035,2.0
338.37881541570925,146.51184360818428,683,1.904,0.201,44.48,683,0.0,50,1.724,True,164,0.8413793103448276,1.0
357.2888154157093,435.96184360818427,671,1.866,0.324,48.09,671,0.0,50,1.724,True,173,0.7793103448275862,3.0
375.55881541570926,245.0018436081843,600,1.798,0.312,48.32,600,0.0,50,1.724,True,177,0.3931034482758621,2.0
398.31881541570925,102.86184360818427,616,1.722,0.378,53.06,616,0.0,50,1.724,True,190,0.18620689655172415,1.0
401.4788154157093,276.2618436081842,109,1.774,0.655,11.52,109,0.0,50,1.724,False,201,0.0896551724137931,0.0
60.898815415709294,260.17184360818425,105,1.829,0.483,8.58,105,0.0,50,1.724,False,202,0.08275862068965517,0.0
49.33881541570929,436.25184360818423,165,1.735,0.603,16.93,165,0.0,50,1.724,False,204,0.06206896551724138,0.0
71.52972450661838,437.1336617900024,703,1.871,0.272,49.58,703,0.0,51,1.759,True,0,0.496551724137931,3.0
299.5097245066184,124.09366179000246,640,1.889,0.19,41.39,640,0.0,51,1.759,False,1,1.0,0.0
289.4097245066184,109.72366179000245,629,1.835,0.209,44.12,629,0.0,51,1.759,True,2,1.0,1.0
307.2797245066184,482.79366179000243,682,1.841,0.312,52.31,682,0.0,51,1.759,True,4,1.0,3.0
345.5597245066184,469.58366179000245,738,1.859,0.278,53.67,738,0.0,51,1.759,True,5,1.0,3.0
272.53972450661837,500.7436617900024,712,1.91,0.291,46.39,712,0.0,51,1.759,True,6,0.993103448275862,3.0
280.9397245066184,243.74366179000245,532,1.764,0.168,42.07,532,0.0,51,1.759,False,8,0.5586206896551724,0.0
280.5997245066184,126.35366179000245,570,1.811,0.127,41.85,570,0.0,51,1.759,False,9,1.0,0.0
253.6197245066184,494.0036617900024,629,1.864,0.344,45.48,629,0.0,51,1.759,True,10,1.0,3.0
247.59972450661837,71.73366179000246,652,1.777,0.209,52.53,652,0.0,51,1.759,True,11,1.0,1.0
352.5797245066184,457.48366179000243,706,1.83,0.191,52.99,706,0.0,51,1.759,True,15,0.6275862068965518,3.0
341.8097245066184,60.94366179000245,539,1.82,0.074,37.3,539,0.0,51,1.759,False,16,1.0,0.0
391.7797245066184,456.3036617900024,638,1.821,0.158,48.9,638,0.0,51,1.759,True,17,0.4413793103448276,3.0
397.4897245066184,260.40366179000245,357,1.679,0.284,32.75,357,0.0,51,1.759,False,19,0.4896551724137931,0.0
341.53972450661837,244.82366179000246,615,1.863,0.366,47.08,615,0.0,51,1.759,True,22,0.9862068965517241,2.0
404.3997245066184,265.1136617900024,139,1.667,0.531,15.69,139,0.0,51,1.759,False,25,0.35172413793103446,0.0
301.6097245066184,334.3136617900024,474,1.811,0.211,38.66,474,0.0,51,1.759,False,28,0.9793103448275862,0.0
390.2497245066184,134.24366179000245,276,1.753,0.282,22.97,276,0.0,51,1.759,False,29,0.41379310344827586,0.0
371.5097245066184,310.1436617900024,686,1.838,0.171,48.21,686,0.0,51,1.759,True,120,0.9586206896551724,2.0
383.3397245066184,427.4236617900024,639,1.856,0.189,46.85,639,0.0,51,1.759,True,141,0.9103448275862069,3.0
300.5097245066184,282.1336617900024,556,1.839,0.196,40.03,556,0.0,51,1.759,False,148,0.903448275862069,0.0
352.5797245066184,85.91366179000245,691,1.914,0.265,42.3,691,0.0,51,1.759,True,151,0.8275862068965517,1.0
288.9997245066184,311.4336617900024,541,1.757,0.136,45.26,541,0.0,51,1.759,True,152,0.8758620689655172,2.0
260.3197245066184,471.0536617900024,488,1.819,0.28,36.84,488,0.0,51,1.759,False,155,0.8413793103448276,0.0
337.6797245066184,267.90366179000245,602,1.838,0.231,43.21,602,0.0,51,1.759,True,159,0.8551724137931035,2.0
338.4197245066184,146.12366179000244,621,1.906,0.253,40.25,621,0.0,51,1.759,False,164,0.8413793103448276,0.0
355.5797245066184,436.48366179000243,634,1.868,0.208,45.26,634,0.0,51,1.759,True,173,0.7793103448275862,3.0
376.3697245066184,244.62366179000244,699,1.774,0.215,57.76,699,0.0,51,1.759,True,177,0.3931034482758621,2.0
271.8397245066184,79.19366179000245,542,1.775,0.214,44.57,542,0.0,51,1.759,True,187,0.696551724137931,1.0
399.7997245066184,102.80366179000245,598,1.746,0.371,51.4,598,0.0,51,1.759,True,190,0.18620689655172415,1.0
55.609724506618385,134.48366179000246,111,1.766,0.618,11.6,111,0.0,51,1.759,False,198,0.027586206896551724,0.0
402.6297245066184,276.2036617900024,109,1.776,0.656,11.6,109,0.0,51,1.759,False,201,0.0896551724137931,0.0
62.04972450661838,260.1136617900024,106,1.829,0.483,8.64,106,0.0,51,1.759,False,202,0.08275862068965517,0.0
50.48972450661839,436.2036617900024,166,1.734,0.6,16.83,166,0.0,51,1.759,False,204,0.06206896551724138,0.0
384.7697245066184,251.91366179000246,148,1.734,0.458,15.01,148,0.0,51,1.759,False,207,0.041379310344827586,0.0
70.58972450661838,436.9331062344469,694,1.85,0.263,49.48,694,0.0,52,1.793,True,0,0.496551724137931,3.0
298.5297245066184,123.8831062344469,641,1.89,0.19,41.27,641,0.0,52,1.793,False,1,1.0,0.0
288.48972450661836,108.72310623444689,675,1.897,0.211,41.06,675,0.0,52,1.793,False,2,1.0,0.0
308.28972450661837,482.5831062344469,682,1.841,0.311,52.43,682,0.0,52,1.793,True,4,1.0,3.0
346.5797245066184,469.3631062344469,738,1.859,0.277,53.69,738,0.0,52,1.793,True,5,1.0,3.0
271.5897245066184,500.4631062344469,705,1.914,0.295,46.32,705,0.0,52,1.793,True,6,0.993103448275862,3.0
280.8897245066184,244.25310623444688,507,1.763,0.278,42.32,507,0.0,52,1.793,True,8,0.5586206896551724,2.0
277.7797245066184,128.65310623444688,577,1.823,0.275,40.43,577,0.0,52,1.793,False,9,1.0,0.0
253.37972450661837,493.4831062344469,574,1.846,0.319,42.74,574,0.0,52,1.793,True,10,1.0,3.0
247.46972450661838,71.2331062344469,724,1.861,0.205,50.74,724,0.0,52,1.793,True,11,1.0,1.0
353.5997245066184,457.2731062344469,706,1.83,0.192,52.85,706,0.0,52,1.793,True,15,0.6275862068965518,3.0
341.6597245066184,60.083106234446895,519,1.804,0.028,37.06,519,0.0,52,1.793,False,16,1.0,0.0
391.5197245066184,455.69310623444693,515,1.785,0.165,41.48,515,0.0,52,1.793,False,17,0.4413793103448276,0.0
398.8397245066184,259.2531062344469,333,1.669,0.247,33.27,333,0.0,52,1.793,False,19,0.4896551724137931,0.0
341.5297245066184,244.6431062344469,597,1.871,0.392,45.48,597,0.0,52,1.793,True,22,0.9862068965517241,2.0
405.47972450661837,265.0131062344469,120,1.634,0.521,14.32,120,0.0,52,1.793,False,25,0.35172413793103446,0.0
300.6297245066184,334.1031062344469,474,1.807,0.21,38.74,474,0.0,52,1.793,False,28,0.9793103448275862,0.0
391.2697245066184,134.02310623444689,277,1.753,0.281,22.95,277,0.0,52,1.793,False,29,0.41379310344827586,0.0
370.28972450661837,310.8831062344469,644,1.835,0.162,45.9,644,0.0,52,1.793,True,120,0.9586206896551724,2.0
382.3997245066184,426.5231062344469,576,1.869,0.27,40.43,576,0.0,52,1.793,False,141,0.9103448275862069,0.0
303.5097245066184,282.3831062344469,535,1.819,0.209,40.64,535,0.0,52,1.793,False,148,0.903448275862069,0.0
354.3797245066184,85.8731062344469,647,1.892,0.225,41.69,647,0.0,52,1.793,False,151,0.8275862068965517,0.0
287.7997245066184,311.2131062344469,581,1.808,0.176,43.79,581,0.0,52,1.793,True,152,0.8758620689655172,2.0
256.61972450661835,475.2631062344469,488,1.794,0.218,36.85,488,0.0,52,1.793,False,155,0.8413793103448276,0.0
338.7097245066184,267.69310623444693,604,1.84,0.23,43.37,604,0.0,52,1.793,True,159,0.8551724137931035,2.0
337.3797245066184,145.53310623444688,655,1.906,0.178,39.58,655,0.0,52,1.793,False,164,0.8413793103448276,0.0
354.4997245066184,436.2231062344469,638,1.883,0.219,43.58,638,0.0,52,1.793,True,173,0.7793103448275862,3.0
376.4697245066184,244.34310623444688,683,1.82,0.237,53.48,683,0.0,52,1.793,True,177,0.3931034482758621,2.0
269.6897245066184,78.9931062344469,571,1.826,0.24,43.37,571,0.0,52,1.793,True,187,0.696551724137931,1.0
401.3197245066184,102.9631062344469,433,1.695,0.33,38.32,433,0.0,52,1.793,False,190,0.18620689655172415,0.0
56.62972450661838,134.27310623444689,111,1.765,0.619,11.58,111,0.0,52,1.793,False,198,0.027586206896551724,0.0
403.6497245066184,275.9931062344469,109,1.775,0.655,11.58,109,0.0,52,1.793,False,201,0.0896551724137931,0.0
62.96972450661838,262.3931062344469,106,1.823,0.483,8.63,106,0.0,52,1.793,False,202,0.08275862068965517,0.0
51.49972450661838,435.9831062344469,166,1.732,0.6,16.84,166,0.0,52,1.793,False,204,0.06206896551724138,0.0
385.5797245066184,251.7031062344469,155,1.727,0.47,15.16,155,0.0,52,1.793,False,207,0.041379310344827586,0.0
348.2597245066184,52.6031062344469,109,1.6,0.218,11.37,109,0.0,52,1.793,False,208,0.034482758620689655,0.0
70.58296774986164,437.6352683966091,626,1.764,0.182,50.3,626,0.0,53,1.828,True,0,0.496551724137931,3.0
298.54296774986165,124.66526839660905,611,1.885,0.18,39.64,611,0.0,53,1.828,False,1,1.0,0.0
288.35296774986165,108.06526839660906,652,1.879,0.185,40.28,652,0.0,53,1.828,False,2,1.0,0.0
309.3129677498616,482.8252683966091,682,1.841,0.311,52.43,682,0.0,53,1.828,True,4,1.0,3.0
347.60296774986165,469.60526839660906,738,1.86,0.277,53.5,738,0.0,53,1.828,True,5,1.0,3.0
271.5829677498616,500.7752683966091,707,1.909,0.295,46.46,707,0.0,53,1.828,True,6,0.993103448275862,3.0
280.8129677498616,244.79526839660906,534,1.817,0.287,39.64,534,0.0,53,1.828,False,8,0.5586206896551724,0.0
278.6529677498616,129.84526839660907,652,1.819,0.233,45.4,652,0.0,53,1.828,True,9,1.0,1.0
252.48296774986164,493.5852683966091,581,1.875,0.291,41.56,581,0.0,53,1.828,False,10,1.0,0.0
247.52296774986164,70.92526839660906,681,1.829,0.198,49.87,681,0.0,53,1.828,True,11,1.0,1.0
354.62296774986163,457.5152683966091,706,1.83,0.191,52.86,706,0.0,53,1.828,True,15,0.6275862068965518,3.0
343.1929677498616,60.325268396609054,465,1.871,0.105,31.97,465,0.0,53,1.828,False,16,1.0,0.0
392.43296774986163,455.98526839660906,527,1.813,0.155,40.71,527,0.0,53,1.828,False,17,0.4413793103448276,0.0
399.93296774986163,257.04526839660906,415,1.794,0.342,34.31,415,0.0,53,1.828,False,19,0.4896551724137931,0.0
339.5629677498616,244.72526839660907,628,1.874,0.369,45.61,628,0.0,53,1.828,True,22,0.9862068965517241,2.0
406.5129677498616,265.2552683966091,119,1.63,0.523,14.28,119,0.0,53,1.828,False,25,0.35172413793103446,0.0
299.6529677498616,334.3352683966091,474,1.805,0.214,39.0,474,0.0,53,1.828,False,28,0.9793103448275862,0.0
392.28296774986165,134.26526839660906,276,1.752,0.28,23.02,276,0.0,53,1.828,False,29,0.41379310344827586,0.0
370.30296774986164,311.6452683966091,606,1.791,0.131,46.46,606,0.0,53,1.828,True,120,0.9586206896551724,2.0
378.35296774986165,425.9452683966091,624,1.715,0.068,54.35,624,0.0,53,1.828,True,141,0.9103448275862069,3.0
297.54296774986165,280.1452683966091,553,1.835,0.196,39.86,553,0.0,53,1.828,False,148,0.903448275862069,0.0
351.6429677498616,86.93526839660906,640,1.898,0.227,40.07,640,0.0,53,1.828,False,151,0.8275862068965517,0.0
287.0729677498616,311.4652683966091,525,1.78,0.163,42.41,525,0.0,53,1.828,True,152,0.8758620689655172,2.0
255.84296774986163,476.78526839660907,501,1.81,0.242,36.02,501,0.0,53,1.828,False,155,0.8413793103448276,0.0
339.73296774986164,267.9352683966091,603,1.84,0.231,43.27,603,0.0,53,1.828,True,159,0.8551724137931035,2.0
336.47296774986165,145.83526839660905,637,1.921,0.241,38.79,637,0.0,53,1.828,False,164,0.8413793103448276,0.0
353.62296774986163,436.4952683966091,632,1.882,0.221,43.48,632,0.0,53,1.828,True,173,0.7793103448275862,3.0
377.36296774986164,244.03526839660904,642,1.78,0.259,51.58,642,0.0,53,1.828,True,177,0.3931034482758621,2.0
268.8829677498616,80.32526839660906,532,1.83,0.184,40.07,532,0.0,53,1.828,False,187,0.696551724137931,0.0
402.47296774986165,104.75526839660905,443,1.739,0.444,39.86,443,0.0,53,1.828,False,190,0.18620689655172415,0.0
57.65296774986163,134.51526839660906,111,1.77,0.616,11.51,111,0.0,53,1.828,False,198,0.027586206896551724,0.0
404.67296774986164,276.23526839660906,109,1.776,0.654,11.51,109,0.0,53,1.828,False,201,0.0896551724137931,0.0
64.09296774986163,262.6352683966091,106,1.828,0.478,8.74,106,0.0,53,1.828,False,202,0.08275862068965517,0.0
52.532967749861626,436.22526839660907,165,1.733,0.601,16.84,165,0.0,53,1.828,False,204,0.06206896551724138,0.0
350.17296774986164,240.06526839660904,344,1.693,0.296,32.18,344,0.0,53,1.828,False,206,0.6344827586206897,0.0
387.55296774986164,244.02526839660905,130,1.308,0.247,18.76,130,0.0,53,1.828,False,207,0.041379310344827586,0.0
349.27296774986166,52.84526839660906,108,1.602,0.221,11.3,108,0.0,53,1.828,False,208,0.034482758620689655,0.0
71.65518997208386,437.88526839660904,584,1.763,0.189,44.85,584,0.0,54,1.862,True,0,0.496551724137931,3.0
297.78518997208386,124.56526839660904,614,1.889,0.183,39.58,614,0.0,54,1.862,False,1,1.0,0.0
288.52518997208387,107.58526839660905,649,1.845,0.164,42.95,649,0.0,54,1.862,True,2,1.0,1.0
310.56518997208383,482.72526839660907,682,1.841,0.311,52.43,682,0.0,54,1.862,True,4,1.0,3.0
348.85518997208385,469.50526839660904,738,1.859,0.277,53.69,738,0.0,54,1.862,True,5,1.0,3.0
270.86518997208384,500.5952683966091,701,1.915,0.297,46.11,701,0.0,54,1.862,True,6,0.993103448275862,3.0
280.9451899720838,245.06526839660907,648,1.838,0.262,46.32,648,0.0,54,1.862,True,8,0.5586206896551724,2.0
279.62518997208383,130.49526839660905,545,1.812,0.136,41.9,545,0.0,54,1.862,False,9,1.0,0.0
251.81518997208386,494.44526839660904,568,1.883,0.275,39.58,568,0.0,54,1.862,False,10,1.0,0.0
247.75518997208385,70.15526839660905,656,1.894,0.212,42.95,656,0.0,54,1.862,True,11,1.0,1.0
355.87518997208383,457.41526839660906,706,1.83,0.192,52.85,706,0.0,54,1.862,True,15,0.6275862068965518,3.0
342.5851899720838,60.38526839660906,491,1.892,0.105,30.74,491,0.0,54,1.862,False,16,1.0,0.0
386.67518997208384,455.4052683966091,585,1.843,0.218,42.74,585,0.0,54,1.862,True,17,0.4413793103448276,3.0
401.18518997208383,256.94526839660904,415,1.794,0.343,34.32,415,0.0,54,1.862,False,19,0.4896551724137931,0.0
340.81518997208383,244.59526839660907,643,1.88,0.341,45.9,643,0.0,54,1.862,True,22,0.9862068965517241,2.0
407.7551899720838,265.1552683966091,120,1.634,0.521,14.32,120,0.0,54,1.862,False,25,0.35172413793103446,0.0
298.18518997208383,333.7752683966091,404,1.683,0.202,38.11,404,0.0,54,1.862,False,28,0.9793103448275862,0.0
393.79518997208385,135.95526839660906,216,1.696,0.279,18.95,216,0.0,54,1.862,False,29,0.41379310344827586,0.0
371.55518997208384,311.80526839660905,644,1.759,0.162,53.06,644,0.0,54,1.862,True,120,0.9586206896551724,2.0
374.86518997208384,425.3452683966091,569,1.928,0.146,37.9,569,0.0,54,1.862,False,141,0.9103448275862069,0.0
296.3251899720839,279.92526839660906,499,1.747,0.144,40.43,499,0.0,54,1.862,False,148,0.903448275862069,0.0
350.81518997208383,86.85526839660906,662,1.927,0.251,39.37,662,0.0,54,1.862,False,151,0.8275862068965517,0.0
286.12518997208383,310.87526839660904,527,1.775,0.232,42.11,527,0.0,54,1.862,False,152,0.8758620689655172,0.0
254.76518997208387,478.5152683966091,516,1.847,0.262,34.95,516,0.0,54,1.862,False,155,0.8413793103448276,0.0
340.2051899720838,267.75526839660904,562,1.824,0.181,41.9,562,0.0,54,1.862,False,159,0.8551724137931035,0.0
336.68518997208383,145.79526839660906,626,1.925,0.246,38.32,626,0.0,54,1.862,False,164,0.8413793103448276,0.0
352.87518997208383,436.3952683966091,633,1.882,0.222,43.37,633,0.0,54,1.862,True,173,0.7793103448275862,3.0
376.55518997208384,243.98526839660906,588,1.794,0.254,45.48,588,0.0,54,1.862,True,177,0.3931034482758621,2.0
266.96518997208386,80.71526839660905,521,1.827,0.261,38.74,521,0.0,54,1.862,False,187,0.696551724137931,0.0
403.85518997208385,104.15526839660905,416,1.673,0.427,40.0,416,0.0,54,1.862,False,190,0.18620689655172415,0.0
405.92518997208384,276.13526839660904,109,1.775,0.655,11.58,109,0.0,54,1.862,False,201,0.0896551724137931,0.0
65.24518997208386,262.53526839660907,106,1.823,0.483,8.63,106,0.0,54,1.862,False,202,0.08275862068965517,0.0
53.77518997208386,436.12526839660904,166,1.732,0.6,16.84,166,0.0,54,1.862,False,204,0.06206896551724138,0.0
350.30518997208384,239.87526839660907,309,1.59,0.227,33.9,309,0.0,54,1.862,False,206,0.6344827586206897,0.0
388.6351899720838,243.60526839660906,169,1.369,0.314,22.74,169,0.0,54,1.862,False,207,0.041379310344827586,0.0
389.27518997208387,426.75526839660904,173,1.771,0.211,17.48,173,0.0,54,1.862,False,211,0.034482758620689655,0.0
72.14657886097274,437.67526839660906,557,1.746,0.186,46.32,557,0.0,55,1.897,True,0,0.496551724137931,3.0
297.94657886097275,124.25526839660905,603,1.881,0.177,39.58,603,0.0,55,1.897,False,1,1.0,0.0
283.0965788609727,105.84526839660906,660,1.865,0.252,46.32,660,0.0,55,1.897,True,2,1.0,1.0
311.69657886097275,482.41526839660906,682,1.841,0.311,52.43,682,0.0,55,1.897,True,4,1.0,3.0
349.98657886097277,469.19526839660904,738,1.859,0.277,53.69,738,0.0,55,1.897,True,5,1.0,3.0
269.99657886097276,499.67526839660906,657,1.901,0.322,44.43,657,0.0,55,1.897,True,6,0.993103448275862,3.0
280.87657886097276,244.64526839660905,640,1.899,0.316,42.74,640,0.0,55,1.897,True,8,0.5586206896551724,2.0
277.01657886097274,133.36526839660905,448,1.767,0.323,36.0,448,0.0,55,1.897,False,9,1.0,0.0
251.91657886097272,494.36526839660905,559,1.845,0.29,40.64,559,0.0,55,1.897,False,10,1.0,0.0
247.93657886097276,70.08526839660905,639,1.889,0.197,42.74,639,0.0,55,1.897,True,11,1.0,1.0
357.00657886097275,457.10526839660906,706,1.83,0.192,52.85,706,0.0,55,1.897,True,15,0.6275862068965518,3.0
342.88657886097275,60.05526839660906,520,1.933,0.178,30.53,520,0.0,55,1.897,False,16,1.0,0.0
385.98657886097277,455.04526839660906,624,1.87,0.213,41.48,624,0.0,55,1.897,False,17,0.4413793103448276,0.0
401.95657886097274,256.51526839660903,391,1.822,0.435,30.53,391,0.0,55,1.897,False,19,0.4896551724137931,0.0
340.96657886097273,243.83526839660905,563,1.89,0.275,39.79,563,0.0,55,1.897,False,22,0.9862068965517241,0.0
408.88657886097275,264.8452683966091,120,1.634,0.521,14.32,120,0.0,55,1.897,False,25,0.35172413793103446,0.0
297.31657886097275,333.4652683966091,403,1.684,0.2,37.9,403,0.0,55,1.897,False,28,0.9793103448275862,0.0
394.9765788609728,136.69526839660907,243,1.754,0.344,18.53,243,0.0,55,1.897,False,29,0.41379310344827586,0.0
370.89657886097274,311.54526839660906,639,1.769,0.182,50.95,639,0.0,55,1.897,True,120,0.9586206896551724,2.0
375.82657886097275,424.88526839660904,567,1.939,0.265,36.64,567,0.0,55,1.897,False,141,0.9103448275862069,0.0
300.9165788609727,281.19526839660904,533,1.825,0.209,40.0,533,0.0,55,1.897,False,148,0.903448275862069,0.0
348.18657886097276,87.34526839660906,570,1.891,0.233,37.06,570,0.0,55,1.897,False,151,0.8275862068965517,0.0
285.25657886097275,311.56526839660904,527,1.775,0.232,42.11,527,0.0,55,1.897,False,152,0.8758620689655172,0.0
255.85657886097272,479.0252683966091,493,1.837,0.243,35.58,493,0.0,55,1.897,False,155,0.8413793103448276,0.0
341.33657886097274,267.44526839660904,562,1.824,0.181,41.9,562,0.0,55,1.897,False,159,0.8551724137931035,0.0
333.1065788609728,144.31526839660907,680,1.886,0.192,44.43,680,0.0,55,1.897,True,164,0.8413793103448276,1.0
353.80657886097276,435.8452683966091,623,1.891,0.286,42.95,623,0.0,55,1.897,True,173,0.7793103448275862,3.0
373.01657886097274,243.61526839660905,508,1.805,0.175,39.79,508,0.0,55,1.897,False,177,0.3931034482758621,0.0
265.3565788609727,80.75526839660905,504,1.821,0.112,35.79,504,0.0,55,1.897,False,187,0.696551724137931,0.0
404.9065788609728,103.59526839660906,432,1.698,0.435,40.64,432,0.0,55,1.897,False,190,0.18620689655172415,0.0
407.05657886097276,275.82526839660903,109,1.775,0.655,11.58,109,0.0,55,1.897,False,201,0.0896551724137931,0.0
66.37657886097274,262.22526839660907,106,1.823,0.483,8.63,106,0.0,55,1.897,False,202,0.08275862068965517,0.0
54.90657886097274,435.81526839660904,166,1.732,0.6,16.84,166,0.0,55,1.897,False,204,0.06206896551724138,0.0
351.46657886097273,239.52526839660905,347,1.624,0.259,37.9,347,0.0,55,1.897,False,206,0.6344827586206897,0.0
388.73657886097277,249.75526839660907,145,1.852,0.374,10.11,145,0.0,55,1.897,False,207,0.041379310344827586,0.0
407.0465788609728,134.04526839660906,122,1.701,0.553,12.0,122,0.1,55,1.897,False,212,0.034482758620689655,0.0
399.81657886097275,455.6552683966091,220,1.679,0.504,23.58,220,0.0,55,1.897,False,213,0.0896551724137931,0.0
70.78171399610787,438.1709440722848,498,1.825,0.208,36.21,498,0.0,56,1.931,False,0,0.496551724137931,0.0
297.81171399610787,124.22094407228474,585,1.87,0.161,38.74,585,0.0,56,1.931,False,1,1.0,0.0
282.4217139961079,105.26094407228473,588,1.789,0.182,46.11,588,0.0,56,1.931,True,2,1.0,1.0
312.70171399610786,482.38094407228476,682,1.841,0.311,52.43,682,0.0,56,1.931,True,4,1.0,3.0
350.9917139961079,469.16094407228474,738,1.859,0.277,53.69,738,0.0,56,1.931,True,5,1.0,3.0
269.0317139961079,499.58094407228475,643,1.9,0.338,44.43,643,0.0,56,1.931,True,6,0.993103448275862,3.0
278.2817139961079,245.08094407228472,503,1.744,0.211,43.79,503,0.0,56,1.931,True,8,0.5586206896551724,2.0
279.87171399610787,131.58094407228472,536,1.801,0.145,39.58,536,0.0,56,1.931,False,9,1.0,0.0
250.23171399610786,494.38094407228476,555,1.798,0.233,42.32,555,0.0,56,1.931,True,10,1.0,3.0
247.93171399610787,69.41094407228474,623,1.889,0.267,42.74,623,0.0,56,1.931,True,11,1.0,1.0
358.01171399610786,457.07094407228476,706,1.83,0.192,52.85,706,0.0,56,1.931,True,15,0.6275862068965518,3.0
342.76171399610786,59.75094407228473,532,1.905,0.121,32.85,532,0.0,56,1.931,False,16,1.0,0.0
387.1117139961079,455.02094407228475,578,1.861,0.209,41.48,578,0.0,56,1.931,False,17,0.4413793103448276,0.0
402.69171399610786,255.46094407228472,365,1.746,0.256,30.95,365,0.0,56,1.931,False,19,0.4896551724137931,0.0
341.72171399610784,243.91094407228474,528,1.802,0.149,42.11,528,0.0,56,1.931,False,22,0.9862068965517241,0.0
409.9317139961079,264.8609440722848,113,1.624,0.538,14.11,113,0.0,56,1.931,False,25,0.35172413793103446,0.0
298.0417139961079,333.4309440722848,444,1.754,0.267,38.74,444,0.0,56,1.931,False,28,0.9793103448275862,0.0
395.9817139961079,136.66094407228474,243,1.754,0.344,18.53,243,0.0,56,1.931,False,29,0.41379310344827586,0.0
370.08171399610785,312.09094407228474,589,1.814,0.196,44.43,589,0.0,56,1.931,True,120,0.9586206896551724,2.0
373.4317139961079,424.41094407228474,551,1.788,0.105,43.58,551,0.0,56,1.931,True,141,0.9103448275862069,3.0
299.9017139961079,280.16094407228474,539,1.833,0.214,40.0,539,0.0,56,1.931,False,148,0.903448275862069,0.0
348.9817139961079,87.47094407228474,718,1.862,0.285,50.32,718,0.0,56,1.931,True,151,0.8275862068965517,1.0
283.25171399610787,311.53094407228474,530,1.774,0.23,42.11,530,0.0,56,1.931,False,152,0.8758620689655172,0.0
253.91171399610786,481.51094407228476,412,1.823,0.299,34.11,412,0.0,56,1.931,False,155,0.8413793103448276,0.0
342.34171399610784,267.41094407228474,562,1.824,0.181,41.9,562,0.0,56,1.931,False,159,0.8551724137931035,0.0
332.00171399610787,144.22094407228474,668,1.895,0.24,44.0,668,0.0,56,1.931,True,164,0.8413793103448276,1.0
351.90171399610784,435.85094407228473,630,1.899,0.263,42.32,630,0.0,56,1.931,True,173,0.7793103448275862,3.0
372.9217139961079,243.51094407228473,578,1.809,0.327,48.01,578,0.0,56,1.931,True,177,0.3931034482758621,2.0
263.3417139961079,82.33094407228472,442,1.807,0.26,33.9,442,0.0,56,1.931,False,187,0.696551724137931,0.0
405.20171399610786,103.74094407228475,407,1.732,0.281,34.11,407,0.0,56,1.931,False,190,0.18620689655172415,0.0
408.06171399610787,275.79094407228473,109,1.775,0.655,11.58,109,0.0,56,1.931,False,201,0.0896551724137931,0.0
67.38171399610788,262.19094407228476,106,1.823,0.483,8.63,106,0.0,56,1.931,False,202,0.08275862068965517,0.0
352.46171399610785,239.49094407228472,336,1.658,0.291,35.79,336,0.0,56,1.931,False,206,0.6344827586206897,0.0
390.1117139961079,250.37094407228471,138,1.838,0.411,9.9,138,0.0,56,1.931,False,207,0.041379310344827586,0.0
393.33171399610785,425.50094407228477,144,1.735,0.138,11.37,144,0.0,56,1.931,False,211,0.034482758620689655,0.0
408.0517139961079,134.01094407228473,122,1.701,0.553,12.0,122,0.1,56,1.931,False,212,0.034482758620689655,0.0
400.9117139961079,455.79094407228473,197,1.661,0.548,22.32,197,0.0,56,1.931,False,213,0.0896551724137931,0.0
296.32171399610786,109.99094407228475,119,1.601,0.23,12.63,119,0.0,56,1.931,False,214,0.027586206896551724,0.0
70.45302978558155,437.72673354596895,328,1.672,0.148,32.31,328,0.0,57,1.966,False,0,0.496551724137931,0.0
295.9430297855816,124.38673354596894,656,1.914,0.269,42.15,656,0.0,57,1.966,False,1,1.0,0.0
284.0630297855816,104.51673354596895,662,1.913,0.275,42.58,662,0.0,57,1.966,True,2,1.0,1.0
313.74302978558154,482.18673354596893,682,1.842,0.311,52.43,682,0.0,57,1.966,True,4,1.0,3.0
352.03302978558156,468.97673354596895,738,1.859,0.278,53.5,738,0.0,57,1.966,True,5,1.0,3.0
270.87302978558154,499.10673354596895,739,1.871,0.24,50.93,739,0.0,57,1.966,True,6,0.993103448275862,3.0
279.0730297855816,245.31673354596896,565,1.758,0.187,45.79,565,0.0,57,1.966,True,8,0.5586206896551724,2.0
278.79302978558155,132.26673354596895,529,1.762,0.225,40.44,529,0.0,57,1.966,False,9,1.0,0.0
250.93302978558154,494.60673354596895,512,1.818,0.199,38.73,512,0.0,57,1.966,False,10,1.0,0.0
247.85302978558155,68.39673354596894,588,1.882,0.287,41.08,588,0.0,57,1.966,False,11,1.0,0.0
359.06302978558153,456.87673354596893,706,1.831,0.191,52.85,706,0.0,57,1.966,True,15,0.6275862068965518,3.0
342.0130297855815,59.096733545968945,554,1.901,0.169,34.45,554,0.0,57,1.966,False,16,1.0,0.0
387.00302978558153,455.17673354596894,622,1.835,0.276,45.79,622,0.0,57,1.966,True,17,0.4413793103448276,3.0
403.73302978558155,255.27673354596897,365,1.747,0.256,30.81,365,0.0,57,1.966,False,19,0.4896551724137931,0.0
339.85302978558155,243.40673354596896,631,1.899,0.296,43.01,631,0.0,57,1.966,True,22,0.9862068965517241,2.0
410.97302978558156,264.66673354596895,113,1.624,0.536,14.12,113,0.0,57,1.966,False,25,0.35172413793103446,0.0
295.36302978558155,332.87673354596893,396,1.754,0.152,33.17,396,0.0,57,1.966,False,28,0.9793103448275862,0.0
397.25302978558153,137.99673354596897,228,1.721,0.282,18.4,228,0.0,57,1.966,False,29,0.41379310344827586,0.0
369.98302978558155,312.3467335459689,575,1.846,0.213,41.3,575,0.0,57,1.966,False,120,0.9586206896551724,0.0
372.7030297855816,424.23673354596895,587,1.823,0.134,42.58,587,0.0,57,1.966,True,141,0.9103448275862069,3.0
299.71302978558157,279.4667335459689,496,1.836,0.196,36.8,496,0.0,57,1.966,False,148,0.903448275862069,0.0
347.29302978558155,88.35673354596894,690,1.762,0.196,54.57,690,0.0,57,1.966,True,151,0.8275862068965517,1.0
283.24302978558154,310.8367335459689,523,1.795,0.133,39.16,523,0.0,57,1.966,False,152,0.8758620689655172,0.0
254.06302978558156,481.4067335459689,459,1.819,0.355,36.38,459,0.0,57,1.966,False,155,0.8413793103448276,0.0
343.3830297855815,267.2167335459689,562,1.823,0.183,41.94,562,0.0,57,1.966,False,159,0.8551724137931035,0.0
331.35302978558155,143.82673354596895,584,1.802,0.142,45.15,584,0.0,57,1.966,True,164,0.8413793103448276,1.0
349.97302978558156,436.2767335459689,606,1.884,0.277,41.08,606,0.0,57,1.966,False,173,0.7793103448275862,0.0
372.15302978558157,243.31673354596896,591,1.849,0.354,46.65,591,0.0,57,1.966,True,177,0.3931034482758621,2.0
262.22302978558156,83.07673354596893,459,1.877,0.295,31.24,459,0.0,57,1.966,False,187,0.696551724137931,0.0
406.10302978558155,103.17673354596894,607,1.734,0.117,49.22,607,0.0,57,1.966,True,190,0.18620689655172415,1.0
409.10302978558155,275.5967335459689,109,1.776,0.654,11.55,109,0.0,57,1.966,False,201,0.0896551724137931,0.0
68.52302978558156,261.99673354596894,105,1.828,0.478,8.56,105,0.0,57,1.966,False,202,0.08275862068965517,0.0
353.47302978558156,239.33673354596897,339,1.69,0.299,35.09,339,0.0,57,1.966,False,206,0.6344827586206897,0.0
358.06302978558153,57.276733545968945,123,1.726,0.196,10.27,123,0.0,57,1.966,False,208,0.034482758620689655,0.0
394.22302978558156,425.31673354596893,147,1.743,0.048,11.13,147,0.0,57,1.966,False,211,0.034482758620689655,0.0
409.09302978558156,133.21673354596894,145,1.813,0.608,12.41,145,0.1,57,1.966,False,212,0.034482758620689655,0.0
396.77302978558157,462.0367335459689,105,1.762,0.498,8.56,105,0.0,57,1.966,False,213,0.0896551724137931,0.0
296.65302978558157,109.40673354596895,149,1.702,0.22,12.84,149,0.0,57,1.966,False,214,0.027586206896551724,0.0
286.8330297855816,113.11673354596894,175,1.623,0.166,16.69,175,0.0,57,1.966,False,215,0.020689655172413793,0.0
65.60738875994053,438.95083611007146,387,1.763,0.14,32.8,387,0.0,58,2.0,False,0,0.496551724137931,0.0
296.3273887599405,124.5008361100715,652,1.89,0.245,43.73,652,0.0,58,2.0,True,1,1.0,1.0
285.1473887599405,104.29083611007151,640,1.862,0.21,42.02,640,0.0,58,2.0,False,2,1.0,0.0
315.1773887599405,482.3008361100715,681,1.84,0.311,52.3,681,0.0,58,2.0,True,4,1.0,3.0
353.46738875994055,469.09083611007156,738,1.859,0.277,53.59,738,0.0,58,2.0,True,5,1.0,3.0
270.3173887599405,499.22083611007156,735,1.868,0.238,50.8,735,0.0,58,2.0,True,6,0.993103448275862,3.0
279.3873887599405,245.6808361100715,739,1.842,0.188,50.8,739,0.0,58,2.0,True,8,0.5586206896551724,2.0
279.0773887599405,133.0308361100715,526,1.854,0.2,37.3,526,0.0,58,2.0,False,9,1.0,0.0
251.36738875994052,495.1708361100715,524,1.866,0.332,38.16,524,0.0,58,2.0,False,10,1.0,0.0
245.66738875994054,67.5008361100715,589,1.822,0.22,43.73,589,0.0,58,2.0,True,11,1.0,1.0
360.48738875994053,456.99083611007154,706,1.83,0.191,52.95,706,0.0,58,2.0,True,15,0.6275862068965518,3.0
343.32738875994056,59.21083611007151,535,1.911,0.17,33.23,535,0.0,58,2.0,False,16,1.0,0.0
384.33738875994055,453.84083611007156,611,1.839,0.16,45.44,611,0.0,58,2.0,True,17,0.4413793103448276,3.0
404.4973887599405,254.55083611007151,347,1.692,0.244,30.01,347,0.0,58,2.0,False,19,0.4896551724137931,0.0
339.35738875994053,243.2508361100715,694,1.872,0.235,46.95,694,0.0,58,2.0,True,22,0.9862068965517241,2.0
412.34738875994054,264.6408361100715,129,1.657,0.541,15.22,129,0.0,58,2.0,False,25,0.35172413793103446,0.0
296.7673887599405,332.8908361100715,395,1.764,0.115,33.23,395,0.0,58,2.0,False,28,0.9793103448275862,0.0
398.64738875994055,138.1308361100715,220,1.703,0.31,18.44,220,0.0,58,2.0,False,29,0.41379310344827586,0.0
369.5073887599405,313.10083611007155,531,1.862,0.218,36.44,531,0.0,58,2.0,False,120,0.9586206896551724,0.0
371.95738875994056,423.7708361100715,509,1.834,0.15,37.73,509,0.0,58,2.0,False,141,0.9103448275862069,0.0
294.4573887599405,277.6308361100715,569,1.873,0.297,40.09,569,0.0,58,2.0,False,148,0.903448275862069,0.0
344.91738875994054,88.5608361100715,601,1.699,0.152,54.66,601,0.0,58,2.0,True,151,0.8275862068965517,1.0
280.9573887599405,310.95083611007146,464,1.76,0.113,38.37,464,0.0,58,2.0,False,152,0.8758620689655172,0.0
254.51738875994053,482.4308361100715,456,1.799,0.267,37.08,456,0.0,58,2.0,False,155,0.8413793103448276,0.0
344.8173887599405,267.33083611007146,561,1.824,0.183,41.8,561,0.0,58,2.0,False,159,0.8551724137931035,0.0
328.88738875994056,142.83083611007152,488,1.693,0.162,47.37,488,0.0,58,2.0,True,164,0.8413793103448276,1.0
350.38738875994056,436.34083611007156,580,1.86,0.276,40.73,580,0.0,58,2.0,False,173,0.7793103448275862,0.0
372.57738875994056,243.4408361100715,589,1.848,0.354,46.52,589,0.0,58,2.0,True,177,0.3931034482758621,2.0
260.8373887599405,83.29083611007151,417,1.808,0.268,32.37,417,0.0,58,2.0,False,187,0.696551724137931,0.0
407.38738875994056,103.37083611007151,543,1.73,0.097,45.02,543,0.0,58,2.0,True,190,0.18620689655172415,1.0
410.53738875994054,275.71083611007145,110,1.776,0.654,11.58,110,0.0,58,2.0,False,201,0.0896551724137931,0.0
69.95738875994053,262.11083611007155,105,1.828,0.477,8.57,105,0.0,58,2.0,False,202,0.08275862068965517,0.0
354.90738875994055,239.42083611007152,351,1.69,0.31,36.44,351,0.0,58,2.0,False,206,0.6344827586206897,0.0
359.5073887599405,57.39083611007151,122,1.727,0.194,10.29,122,0.0,58,2.0,False,208,0.034482758620689655,0.0
395.65738875994055,425.4308361100715,147,1.743,0.045,11.15,147,0.0,58,2.0,False,211,0.034482758620689655,0.0
410.1873887599405,134.1908361100715,133,1.782,0.51,11.36,133,0.0,58,2.0,False,212,0.034482758620689655,0.0
295.9573887599405,108.40083611007151,132,1.792,0.254,10.5,132,0.0,58,2.0,False,214,0.027586206896551724,0.0
286.4973887599405,112.60083611007151,186,1.728,0.143,15.01,186,0.0,58,2.0,False,215,0.020689655172413793,0.0
68.06738875994053,437.8464771357126,466,1.844,0.202,34.46,466,0.0,59,2.034,False,0,0.496551724137931,0.0
295.02738875994055,124.37647713571253,653,1.889,0.246,43.66,653,0.0,59,2.034,True,1,1.0,1.0
282.1873887599405,103.37647713571253,670,1.906,0.238,42.81,670,0.0,59,2.034,True,2,1.0,1.0
315.8873887599405,482.17647713571256,682,1.842,0.311,52.44,682,0.0,59,2.034,True,4,1.0,3.0
354.1773887599405,468.9664771357126,738,1.859,0.278,53.51,738,0.0,59,2.034,True,5,1.0,3.0
270.03738875994054,499.0964771357126,730,1.867,0.238,50.73,730,0.0,59,2.034,True,6,0.993103448275862,3.0
278.95738875994056,245.48647713571253,725,1.848,0.225,49.44,725,0.0,59,2.034,True,8,0.5586206896551724,2.0
279.22738875994054,133.34647713571252,510,1.802,0.253,35.53,510,0.0,59,2.034,False,9,1.0,0.0
249.20738875994056,495.93647713571255,538,1.788,0.228,44.73,538,0.0,59,2.034,True,10,1.0,3.0
248.85738875994053,68.16647713571254,611,1.848,0.267,44.95,611,0.0,59,2.034,True,11,1.0,1.0
361.16738875994054,456.86647713571256,709,1.808,0.169,54.58,709,0.0,59,2.034,True,15,0.6275862068965518,3.0
342.23738875994053,59.086477135712535,504,1.879,0.164,32.75,504,0.0,59,2.034,False,16,1.0,0.0
385.09738875994054,453.67647713571256,650,1.821,0.144,48.59,650,0.0,59,2.034,True,17,0.4413793103448276,3.0
405.2073887599405,254.42647713571253,348,1.692,0.244,29.96,348,0.0,59,2.034,False,19,0.4896551724137931,0.0
339.1173887599405,242.82647713571254,746,1.867,0.113,53.51,746,0.0,59,2.034,True,22,0.9862068965517241,2.0
413.04738875994053,264.50647713571254,130,1.656,0.537,15.2,130,0.0,59,2.034,False,25,0.35172413793103446,0.0
294.2673887599405,332.7764771357125,419,1.827,0.183,31.25,419,0.0,59,2.034,False,28,0.9793103448275862,0.0
399.35738875994053,138.00647713571252,221,1.703,0.307,18.41,221,0.0,59,2.034,False,29,0.41379310344827586,0.0
369.16738875994054,313.10647713571257,552,1.841,0.212,39.6,552,0.0,59,2.034,False,120,0.9586206896551724,0.0
368.8773887599405,423.67647713571256,537,1.862,0.148,37.03,537,0.0,59,2.034,False,141,0.9103448275862069,0.0
293.15738875994055,278.1564771357126,545,1.898,0.283,35.96,545,0.0,59,2.034,False,148,0.903448275862069,0.0
343.3973887599405,88.92647713571255,612,1.778,0.183,48.8,612,0.0,59,2.034,True,151,0.8275862068965517,1.0
279.41738875994054,310.81647713571255,495,1.803,0.149,37.24,495,0.0,59,2.034,False,152,0.8758620689655172,0.0
254.24738875994052,483.66647713571257,529,1.793,0.201,41.52,529,0.0,59,2.034,False,155,0.8413793103448276,0.0
345.5273887599405,267.20647713571253,561,1.824,0.183,41.95,561,0.0,59,2.034,False,159,0.8551724137931035,0.0
327.6373887599405,142.75647713571252,524,1.716,0.169,48.37,524,0.0,59,2.034,True,164,0.8413793103448276,1.0
348.0873887599405,437.13647713571254,601,1.863,0.233,42.38,601,0.0,59,2.034,True,173,0.7793103448275862,3.0
372.2073887599405,243.25647713571252,600,1.849,0.359,45.8,600,0.0,59,2.034,True,177,0.3931034482758621,2.0
264.8173887599405,82.79647713571254,467,1.918,0.081,28.25,467,0.0,59,2.034,False,187,0.696551724137931,0.0
408.1273887599405,103.51647713571253,561,1.757,0.079,44.52,561,0.0,59,2.034,True,190,0.18620689655172415,1.0
411.2473887599405,275.5864771357125,110,1.776,0.654,11.56,110,0.0,59,2.034,False,201,0.0896551724137931,0.0
70.66738875994054,261.98647713571256,105,1.828,0.478,8.56,105,0.0,59,2.034,False,202,0.08275862068965517,0.0
58.22738875994053,435.5364771357126,112,1.748,0.629,11.77,112,0.1,59,2.034,False,204,0.06206896551724138,0.0
355.6173887599405,239.25647713571252,368,1.681,0.313,38.53,368,0.0,59,2.034,False,206,0.6344827586206897,0.0
360.2073887599405,57.266477135712535,123,1.726,0.196,10.27,123,0.0,59,2.034,False,208,0.034482758620689655,0.0
396.4673887599405,425.32647713571254,145,1.735,0.111,11.34,145,0.0,59,2.034,False,211,0.034482758620689655,0.0
410.8973887599405,134.07647713571254,133,1.784,0.511,11.34,133,0.0,59,2.034,False,212,0.034482758620689655,0.0
298.9973887599405,109.87647713571253,109,1.705,0.077,10.27,109,0.0,59,2.034,False,214,0.027586206896551724,0.0
285.1173887599405,112.33647713571254,179,1.782,0.266,13.27,179,0.0,59,2.034,False,215,0.020689655172413793,0.0
67.66463013925087,438.08820127364356,472,1.743,0.266,40.38,472,0.0,60,2.069,False,0,0.496551724137931,0.0
295.2546301392509,124.29820127364357,682,1.93,0.241,41.87,682,0.0,60,2.069,False,1,1.0,0.0
281.1346301392509,102.03820127364357,786,1.862,0.257,53.98,786,0.0,60,2.069,True,2,1.0,1.0
317.2146301392509,481.9782012736436,670,1.872,0.343,48.67,670,0.0,60,2.069,True,4,1.0,3.0
356.2546301392509,468.7482012736436,728,1.867,0.296,52.28,728,0.0,60,2.069,True,5,1.0,3.0
267.4746301392509,498.4182012736436,674,1.849,0.216,50.58,674,0.0,60,2.069,True,6,0.993103448275862,3.0
278.2246301392509,246.00820127364358,703,1.894,0.3,47.39,703,0.0,60,2.069,True,8,0.5586206896551724,2.0
278.82463013925087,135.04820127364357,482,1.86,0.278,36.55,482,0.0,60,2.069,False,9,1.0,0.0
247.39463013925086,495.65820127364356,561,1.809,0.239,45.69,561,0.0,60,2.069,True,10,1.0,3.0
246.54463013925087,66.39820127364356,537,1.665,0.123,50.79,537,0.0,60,2.069,True,11,1.0,1.0
363.2546301392509,456.6982012736436,667,1.853,0.232,48.67,667,0.0,60,2.069,True,15,0.6275862068965518,3.0
344.0946301392509,58.99820127364357,672,1.84,0.139,45.27,672,0.0,60,2.069,True,16,1.0,1.0
381.2546301392509,453.3782012736436,703,1.884,0.245,47.39,703,0.0,60,2.069,True,17,0.4413793103448276,3.0
410.7246301392509,256.92820127364354,321,1.754,0.237,26.78,321,0.0,60,2.069,False,19,0.4896551724137931,0.0
334.8146301392509,242.2182012736436,589,1.722,0.082,50.15,589,0.0,60,2.069,True,22,0.9862068965517241,2.0
295.3646301392509,332.5482012736436,512,1.839,0.19,39.32,512,0.0,60,2.069,False,28,0.9793103448275862,0.0
367.5846301392509,314.2382012736436,583,1.796,0.236,44.42,583,0.0,60,2.069,True,120,0.9586206896551724,2.0
370.1746301392509,423.77820127364356,515,1.822,0.166,40.17,515,0.0,60,2.069,False,141,0.9103448275862069,0.0
292.26463013925087,276.83820127364356,693,1.89,0.3,46.75,693,0.0,60,2.069,True,148,0.903448275862069,2.0
349.1446301392509,88.10820127364356,659,1.881,0.216,44.2,659,0.0,60,2.069,True,151,0.8275862068965517,1.0
279.3646301392509,310.1282012736436,602,1.764,0.276,51.64,602,0.0,60,2.069,True,152,0.8758620689655172,2.0
254.09463013925088,485.0082012736436,656,1.803,0.196,47.18,656,0.0,60,2.069,True,155,0.8413793103448276,3.0
347.4946301392509,266.7482012736436,687,1.837,0.233,51.85,687,0.0,60,2.069,True,159,0.8551724137931035,2.0
331.2846301392509,142.98820127364357,703,1.908,0.17,42.29,703,0.0,60,2.069,True,164,0.8413793103448276,1.0
347.3646301392509,436.7582012736436,665,1.852,0.291,50.37,665,0.0,60,2.069,True,173,0.7793103448275862,3.0
372.3146301392509,242.67820127364357,709,1.85,0.27,53.77,709,0.0,60,2.069,True,177,0.3931034482758621,2.0
259.45463013925087,85.12820127364357,562,1.805,0.233,44.2,562,0.0,60,2.069,True,187,0.696551724137931,1.0
406.82463013925087,103.66820127364356,507,1.705,0.058,46.97,507,0.0,60,2.069,True,190,0.18620689655172415,1.0
356.1546301392509,239.18820127364359,265,1.83,0.346,22.31,265,0.0,60,2.069,False,206,0.6344827586206897,0.0
72.64463013925088,755.2782012736435,104,1.817,0.483,8.5,104,0.1,60,2.069,False,218,0.08275862068965517,0.0
67.31463013925088,421.77820127364356,108,1.787,0.627,10.63,108,0.0,60,2.069,False,219,0.041379310344827586,0.0
64.82463013925087,299.27820127364356,106,1.82,0.488,8.71,106,0.1,60,2.069,False,220,0.16551724137931034,0.0
424.2946301392509,109.87820127364357,106,1.727,0.559,10.41,106,0.0,60,2.069,False,222,0.05517241379310345,0.0
68.55495271989605,438.1678786929984,472,1.743,0.266,40.44,472,0.0,61,2.103,False,0,0.496551724137931,0.0
296.0249527198961,124.3478786929984,666,1.905,0.192,41.92,666,0.0,61,2.103,False,1,1.0,0.0
280.16495271989606,101.0278786929984,784,1.872,0.276,53.99,784,0.0,61,2.103,True,2,1.0,1.0
318.10495271989606,482.05787869299843,670,1.872,0.343,48.69,670,0.0,61,2.103,True,4,1.0,3.0
357.144952719896,468.8278786929984,728,1.868,0.297,52.29,728,0.0,61,2.103,True,5,1.0,3.0
267.204952719896,497.5178786929984,667,1.83,0.229,50.81,667,0.0,61,2.103,True,6,0.993103448275862,3.0
277.084952719896,246.7778786929984,643,1.899,0.27,42.55,643,0.0,61,2.103,True,8,0.5586206896551724,2.0
279.29495271989606,135.69787869299842,470,1.859,0.316,33.87,470,0.0,61,2.103,False,9,1.0,0.0
246.41495271989604,496.0678786929984,550,1.768,0.213,44.67,550,0.0,61,2.103,True,10,1.0,3.0
247.21495271989605,66.0878786929984,557,1.765,0.175,44.46,557,0.0,61,2.103,True,11,1.0,1.0
364.11495271989605,456.7878786929984,657,1.814,0.191,50.39,657,0.0,61,2.103,True,15,0.6275862068965518,3.0
343.204952719896,59.0678786929984,654,1.837,0.128,44.46,654,0.0,61,2.103,True,16,1.0,1.0
382.10495271989606,453.4978786929984,746,1.909,0.241,48.06,746,0.0,61,2.103,True,17,0.4413793103448276,3.0
411.584952719896,256.7878786929984,289,1.759,0.285,24.56,289,0.0,61,2.103,False,19,0.4896551724137931,0.0
334.38495271989603,242.1078786929984,629,1.83,0.242,44.46,629,0.0,61,2.103,True,22,0.9862068965517241,2.0
294.51495271989603,332.6278786929984,465,1.775,0.127,38.11,465,0.0,61,2.103,False,28,0.9793103448275862,0.0
368.32495271989603,314.2478786929984,619,1.844,0.288,44.25,619,0.0,61,2.103,True,120,0.9586206896551724,2.0
368.82495271989603,423.3178786929984,454,1.756,0.05,35.78,454,0.0,61,2.103,False,141,0.9103448275862069,0.0
290.25495271989604,275.3178786929984,621,1.854,0.273,45.52,621,0.0,61,2.103,True,148,0.903448275862069,2.0
348.12495271989604,88.8478786929984,634,1.881,0.181,41.5,634,0.0,61,2.103,False,151,0.8275862068965517,0.0
278.5249527198961,309.1978786929984,548,1.697,0.209,50.6,548,0.0,61,2.103,True,152,0.8758620689655172,2.0
252.92495271989605,485.0678786929984,583,1.798,0.33,42.34,583,0.0,61,2.103,True,155,0.8413793103448276,3.0
349.204952719896,266.9078786929984,752,1.889,0.268,51.66,752,0.0,61,2.103,True,159,0.8551724137931035,2.0
331.01495271989603,142.5778786929984,664,1.926,0.126,41.07,664,0.0,61,2.103,False,164,0.8413793103448276,0.0
347.154952719896,436.80787869299843,666,1.865,0.29,49.54,666,0.0,61,2.103,True,173,0.7793103448275862,3.0
373.07495271989603,242.7478786929984,706,1.854,0.268,52.93,706,0.0,61,2.103,True,177,0.3931034482758621,2.0
259.1449527198961,85.6678786929984,533,1.857,0.214,39.17,533,0.0,61,2.103,False,187,0.696551724137931,0.0
407.454952719896,102.76787869299841,558,1.756,0.112,46.15,558,0.0,61,2.103,True,190,0.18620689655172415,1.0
356.07495271989603,239.1478786929984,378,1.828,0.372,31.76,378,0.0,61,2.103,False,206,0.6344827586206897,0.0
73.54495271989605,755.3578786929984,104,1.818,0.48,8.47,104,0.0,61,2.103,False,218,0.08275862068965517,0.0
65.71495271989605,301.8278786929984,106,1.819,0.489,8.68,106,0.0,61,2.103,False,220,0.16551724137931034,0.0
69.28430755860572,438.23820127364354,476,1.687,0.201,43.43,476,0.0,62,2.138,True,0,0.496551724137931,3.0
294.86430755860573,124.40820127364357,663,1.913,0.198,42.2,663,0.0,62,2.138,True,1,1.0,1.0
277.9943075586057,99.36820127364356,740,1.89,0.283,49.61,740,0.0,62,2.138,True,2,1.0,1.0
318.9343075586057,482.0682012736436,671,1.872,0.343,48.79,671,0.0,62,2.138,True,4,1.0,3.0
357.9743075586057,468.83820127364356,729,1.867,0.296,52.49,729,0.0,62,2.138,True,5,1.0,3.0
269.9043075586057,498.0082012736436,689,1.885,0.316,48.37,689,0.0,62,2.138,True,6,0.993103448275862,3.0
276.9043075586057,247.10820127364354,615,1.895,0.28,40.35,615,0.0,62,2.138,False,8,0.5586206896551724,0.0
279.0643075586057,135.79820127364354,491,1.879,0.287,31.7,491,0.0,62,2.138,False,9,1.0,0.0
247.91430755860574,496.72820127364355,528,1.87,0.273,37.05,528,0.0,62,2.138,False,10,1.0,0.0
247.37430755860572,66.19820127364356,497,1.7,0.172,45.29,497,0.0,62,2.138,True,11,1.0,1.0
364.9543075586057,456.77820127364356,645,1.826,0.206,48.99,645,0.0,62,2.138,True,15,0.6275862068965518,3.0
343.80430755860573,59.108201273643566,636,1.839,0.14,43.43,636,0.0,62,2.138,True,16,1.0,1.0
379.9143075586057,453.33820127364356,670,1.889,0.301,45.08,670,0.0,62,2.138,True,17,0.4413793103448276,3.0
412.4343075586057,256.9382012736436,283,1.74,0.261,25.11,283,0.0,62,2.138,False,19,0.4896551724137931,0.0
334.3243075586057,241.91820127364355,594,1.841,0.231,41.38,594,0.0,62,2.138,False,22,0.9862068965517241,0.0
292.1343075586057,332.10820127364354,470,1.792,0.244,36.02,470,0.0,62,2.138,False,28,0.9793103448275862,0.0
369.1543075586057,314.2582012736436,620,1.843,0.288,44.26,620,0.0,62,2.138,True,120,0.9586206896551724,2.0
366.6643075586057,423.33820127364356,453,1.758,0.048,35.61,453,0.0,62,2.138,False,141,0.9103448275862069,0.0
289.22430755860574,275.9482012736436,564,1.826,0.243,41.17,564,0.0,62,2.138,False,148,0.903448275862069,0.0
346.92430755860573,88.84820127364357,622,1.875,0.18,41.58,622,0.0,62,2.138,False,151,0.8275862068965517,0.0
277.1343075586057,309.72820127364355,552,1.815,0.215,41.38,552,0.0,62,2.138,False,152,0.8758620689655172,0.0
251.8243075586057,486.91820127364355,566,1.808,0.315,41.38,566,0.0,62,2.138,False,155,0.8413793103448276,0.0
349.1243075586057,266.40820127364356,679,1.867,0.248,47.76,679,0.0,62,2.138,True,159,0.8551724137931035,2.0
330.8443075586057,142.54820127364354,668,1.908,0.146,41.58,668,0.0,62,2.138,False,164,0.8413793103448276,0.0
345.9843075586057,436.8182012736436,666,1.866,0.29,49.61,666,0.0,62,2.138,True,173,0.7793103448275862,3.0
372.0343075586057,242.28820127364355,647,1.808,0.329,52.08,647,0.0,62,2.138,True,177,0.3931034482758621,2.0
258.23430755860574,86.19820127364356,490,1.813,0.219,36.64,490,0.0,62,2.138,False,187,0.696551724137931,0.0
412.6943075586057,103.15820127364357,509,1.836,0.239,38.08,509,0.0,62,2.138,False,190,0.18620689655172415,0.0
357.9543075586057,239.12820127364355,297,1.81,0.352,25.11,297,0.0,62,2.138,False,206,0.6344827586206897,0.0
391.8343075586057,452.11820127364354,111,1.856,0.683,10.29,111,1.5,62,2.138,False,213,0.0896551724137931,0.0
74.37430755860572,755.3682012736435,103,1.816,0.48,8.44,103,0.0,62,2.138,False,218,0.08275862068965517,0.0
69.06430755860572,419.43820127364353,107,1.77,0.607,10.5,107,0.0,62,2.138,False,219,0.041379310344827586,0.0
66.53430755860572,299.35820127364354,106,1.821,0.487,8.65,106,0.0,62,2.138,False,220,0.16551724137931034,0.0
404.7043075586057,21.938201273643568,110,1.808,0.642,10.5,110,0.0,62,2.138,False,223,0.027586206896551724,0.0
70.79805755860572,437.7638262736436,425,1.634,0.098,40.24,425,0.0,63,2.172,False,0,0.496551724137931,0.0
290.9980575586057,124.74382627364356,592,1.774,0.143,46.05,592,0.0,63,2.172,True,1,1.0,1.0
277.64805755860573,99.29382627364356,742,1.892,0.284,49.58,742,0.0,63,2.172,True,2,1.0,1.0
320.5980575586057,481.9938262736436,671,1.872,0.343,48.75,671,0.0,63,2.172,True,4,1.0,3.0
359.6380575586057,468.7638262736436,728,1.867,0.296,52.48,728,0.0,63,2.172,True,5,1.0,3.0
271.2880575586057,497.9338262736436,650,1.802,0.252,52.69,650,0.0,63,2.172,True,6,0.993103448275862,3.0
276.5980575586057,248.1338262736436,630,1.915,0.275,39.83,630,0.0,63,2.172,False,8,0.5586206896551724,0.0
279.7280575586057,135.72382627364357,490,1.879,0.289,31.74,490,0.0,63,2.172,False,9,1.0,0.0
248.46805755860572,497.28382627364357,465,1.824,0.298,36.92,465,0.0,63,2.172,False,10,1.0,0.0
249.03805755860571,66.12382627364357,497,1.701,0.172,45.22,497,0.0,63,2.172,True,11,1.0,1.0
366.4880575586057,456.72382627364357,638,1.766,0.146,52.27,638,0.0,63,2.172,True,15,0.6275862068965518,3.0
343.6880575586057,59.00382627364356,622,1.836,0.121,42.52,622,0.0,63,2.172,True,16,1.0,1.0
375.7780575586057,453.3438262736436,602,1.794,0.227,48.12,602,0.0,63,2.172,True,17,0.4413793103448276,3.0
410.6380575586057,254.87382627364357,377,1.902,0.281,23.44,377,0.0,63,2.172,False,19,0.4896551724137931,0.0
334.0580575586057,242.27382627364358,557,1.841,0.212,40.24,557,0.0,63,2.172,False,22,0.9862068965517241,0.0
292.0580575586057,332.03382627364357,425,1.734,0.193,35.68,425,0.0,63,2.172,False,28,0.9793103448275862,0.0
367.9880575586057,314.7738262736436,548,1.826,0.221,40.03,548,0.0,63,2.172,False,120,0.9586206896551724,0.0
366.1480575586057,422.8138262736436,405,1.783,0.092,31.53,405,0.0,63,2.172,False,141,0.9103448275862069,0.0
288.7180575586057,275.8738262736436,587,1.868,0.278,39.62,587,0.0,63,2.172,False,148,0.903448275862069,0.0
347.5180575586057,89.20382627364357,590,1.873,0.174,40.03,590,0.0,63,2.172,False,151,0.8275862068965517,0.0
275.0680575586057,309.6538262736436,504,1.757,0.157,42.32,504,0.0,63,2.172,True,152,0.8758620689655172,2.0
252.34805755860572,487.53382627364357,555,1.734,0.23,47.5,555,0.0,63,2.172,True,155,0.8413793103448276,3.0
348.6780575586057,265.8738262736436,652,1.884,0.243,43.97,652,0.0,63,2.172,True,159,0.8551724137931035,2.0
330.7180575586057,141.9838262736436,663,1.906,0.192,41.07,663,0.0,63,2.172,False,164,0.8413793103448276,0.0
345.6580575586057,437.2138262736436,610,1.842,0.296,45.22,610,0.0,63,2.172,True,173,0.7793103448275862,3.0
372.6680575586057,242.21382627364358,655,1.815,0.333,52.06,655,0.0,63,2.172,True,177,0.3931034482758621,2.0
258.20805755860573,86.55382627364357,428,1.727,0.211,39.41,428,0.0,63,2.172,False,187,0.696551724137931,0.0
409.8280575586057,103.97382627364357,563,1.802,0.19,43.56,563,0.0,63,2.172,True,190,0.18620689655172415,1.0
359.6180575586057,239.05382627364358,297,1.811,0.352,25.1,297,0.0,63,2.172,False,206,0.6344827586206897,0.0
393.3980575586057,452.0738262736436,109,1.88,0.655,9.54,109,0.2,63,2.172,False,213,0.0896551724137931,0.0
76.03805755860571,755.2938262736435,104,1.816,0.48,8.5,104,0.0,63,2.172,False,218,0.08275862068965517,0.0
68.20805755860572,299.28382627364357,106,1.821,0.49,8.71,106,0.0,63,2.172,False,220,0.16551724137931034,0.0
71.9448317521541,437.16576175751453,416,1.566,0.023,42.61,416,0.0,64,2.207,False,0,0.496551724137931,0.0
294.9148317521541,124.32576175751454,666,1.927,0.223,41.58,666,0.0,64,2.207,False,1,1.0,0.0
277.1248317521541,99.17576175751454,696,1.884,0.311,48.99,696,0.0,64,2.207,True,2,1.0,1.0
321.9148317521541,481.95576175751455,671,1.872,0.343,48.79,671,0.0,64,2.207,True,4,1.0,3.0
360.95483175215406,468.72576175751453,729,1.867,0.296,52.49,729,0.0,64,2.207,True,5,1.0,3.0
268.9248317521541,497.14576175751455,676,1.874,0.306,47.76,676,0.0,64,2.207,True,6,0.993103448275862,3.0
276.0548317521541,249.05576175751452,656,1.801,0.174,46.93,656,0.0,64,2.207,True,8,0.5586206896551724,2.0
279.2248317521541,137.08576175751452,528,1.862,0.256,36.02,528,0.0,64,2.207,False,9,1.0,0.0
247.86483175215412,497.41576175751453,536,1.842,0.234,41.17,536,0.0,64,2.207,False,10,1.0,0.0
250.3548317521541,66.08576175751453,497,1.7,0.172,45.29,497,0.0,64,2.207,True,11,1.0,1.0
367.4348317521541,456.7457617575145,535,1.669,0.091,51.87,535,0.0,64,2.207,True,15,0.6275862068965518,3.0
342.9848317521541,59.32576175751454,643,1.863,0.113,42.4,643,0.0,64,2.207,True,16,1.0,1.0
411.2848317521541,253.84576175751454,339,1.859,0.197,22.85,339,0.0,64,2.207,False,19,0.4896551724137931,0.0
334.2548317521541,242.08576175751452,555,1.82,0.293,42.82,555,0.0,64,2.207,True,22,0.9862068965517241,2.0
292.3948317521541,331.9957617575145,425,1.725,0.174,36.64,425,0.0,64,2.207,False,28,0.9793103448275862,0.0
368.2848317521541,314.7557617575145,543,1.816,0.209,39.93,543,0.0,64,2.207,False,120,0.9586206896551724,0.0
364.6748317521541,422.77576175751454,430,1.826,0.13,30.67,430,0.0,64,2.207,False,141,0.9103448275862069,0.0
288.0348317521541,274.90576175751454,621,1.889,0.308,41.79,621,0.0,64,2.207,False,148,0.903448275862069,0.0
346.9248317521541,89.77576175751454,572,1.902,0.175,36.23,572,0.0,64,2.207,False,151,0.8275862068965517,0.0
277.0048317521541,309.6357617575145,554,1.913,0.303,38.08,554,0.0,64,2.207,False,152,0.8758620689655172,0.0
251.9348317521541,488.1757617575145,546,1.776,0.231,42.4,546,0.0,64,2.207,True,155,0.8413793103448276,3.0
347.1148317521541,265.78576175751454,628,1.87,0.234,43.23,628,0.0,64,2.207,True,159,0.8551724137931035,2.0
330.9848317521541,141.63576175751453,628,1.933,0.183,37.67,628,0.0,64,2.207,False,164,0.8413793103448276,0.0
344.9748317521541,436.6757617575145,583,1.87,0.259,41.79,583,0.0,64,2.207,False,173,0.7793103448275862,0.0
373.9048317521541,241.75576175751453,594,1.815,0.301,47.14,594,0.0,64,2.207,True,177,0.3931034482758621,2.0
260.13483175215407,87.01576175751454,546,1.86,0.191,37.26,546,0.0,64,2.207,False,187,0.696551724137931,0.0
408.95483175215406,104.57576175751454,434,1.896,0.211,30.47,434,0.0,64,2.207,False,190,0.18620689655172415,0.0
357.96483175215405,239.04576175751453,279,1.858,0.378,23.88,279,0.0,64,2.207,False,206,0.6344827586206897,0.0
387.14483175215406,452.8857617575145,125,1.668,0.268,11.94,125,0.0,64,2.207,False,213,0.0896551724137931,0.0
77.3548317521541,755.2557617575145,103,1.816,0.48,8.44,103,0.0,64,2.207,False,218,0.08275862068965517,0.0
72.0448317521541,419.3257617575145,107,1.77,0.607,10.5,107,0.0,64,2.207,False,219,0.041379310344827586,0.0
69.51483175215411,299.2457617575145,106,1.821,0.487,8.65,106,0.0,64,2.207,False,220,0.16551724137931034,0.0
407.6848317521541,21.825761757514535,110,1.808,0.642,10.5,110,0.0,64,2.207,False,223,0.027586206896551724,0.0
305.0248317521541,331.9957617575145,113,1.675,0.28,10.7,113,0.0,64,2.207,False,224,0.034482758620689655,0.0
72.97512586980116,437.0660558751616,412,1.487,0.148,45.49,412,0.0,65,2.241,True,0,0.496551724137931,3.0
291.40512586980117,124.76605587516158,599,1.839,0.257,42.4,599,0.0,65,2.241,True,1,1.0,1.0
276.35512586980116,98.13605587516159,699,1.878,0.261,47.55,699,0.0,65,2.241,True,2,1.0,1.0
323.1451258698012,481.85605587516164,671,1.872,0.343,48.79,671,0.0,65,2.241,True,4,1.0,3.0
362.18512586980114,468.6260558751616,729,1.867,0.296,52.49,729,0.0,65,2.241,True,5,1.0,3.0
270.0651258698012,497.0760558751616,671,1.864,0.266,48.37,671,0.0,65,2.241,True,6,0.993103448275862,3.0
275.23512586980115,250.8460558751616,597,1.917,0.366,37.67,597,0.0,65,2.241,False,8,0.5586206896551724,0.0
280.8951258698012,136.7460558751616,552,1.847,0.227,38.7,552,0.0,65,2.241,False,9,1.0,0.0
245.61512586980115,497.7660558751616,493,1.748,0.324,44.26,493,0.0,65,2.241,True,10,1.0,3.0
251.58512586980115,65.9860558751616,497,1.7,0.172,45.29,497,0.0,65,2.241,True,11,1.0,1.0
368.62512586980114,456.5760558751616,513,1.686,0.084,49.61,513,0.0,65,2.241,True,15,0.6275862068965518,3.0
341.60512586980116,59.346055875161596,601,1.805,0.128,47.14,601,0.0,65,2.241,True,16,1.0,1.0
412.5151258698012,253.7460558751616,339,1.859,0.197,22.85,339,0.0,65,2.241,False,19,0.4896551724137931,0.0
334.43512586980114,241.86605587516158,561,1.83,0.251,41.17,561,0.0,65,2.241,False,22,0.9862068965517241,0.0
290.28512586980116,331.2560558751616,440,1.834,0.251,33.76,440,0.0,65,2.241,False,28,0.9793103448275862,0.0
370.93512586980114,314.9560558751616,571,1.852,0.179,39.73,571,0.0,65,2.241,False,120,0.9586206896551724,0.0
363.90512586980117,422.6860558751616,431,1.823,0.128,30.88,431,0.0,65,2.241,False,141,0.9103448275862069,0.0
288.21512586980117,273.73605587516164,645,1.91,0.19,37.88,645,0.0,65,2.241,False,148,0.903448275862069,0.0
346.03512586980116,90.60605587516159,627,1.902,0.159,39.93,627,0.0,65,2.241,False,151,0.8275862068965517,0.0
276.21512586980117,309.0960558751616,516,1.896,0.335,37.26,516,0.0,65,2.241,False,152,0.8758620689655172,0.0
252.02512586980117,488.7160558751616,529,1.806,0.237,38.91,529,0.0,65,2.241,False,155,0.8413793103448276,0.0
345.24512586980114,265.73605587516164,643,1.888,0.247,42.82,643,0.0,65,2.241,True,159,0.8551724137931035,2.0
331.0851258698012,141.61605587516158,614,1.914,0.209,38.08,614,0.0,65,2.241,False,164,0.8413793103448276,0.0
344.10512586980116,437.0260558751616,553,1.883,0.283,38.08,553,0.0,65,2.241,False,173,0.7793103448275862,0.0
374.09512586980117,241.6560558751616,606,1.838,0.309,47.35,606,0.0,65,2.241,True,177,0.3931034482758621,2.0
256.5051258698012,88.97605587516159,477,1.781,0.168,37.67,477,0.0,65,2.241,False,187,0.696551724137931,0.0
409.29512586980115,104.21605587516159,440,1.802,0.17,33.55,440,0.0,65,2.241,False,190,0.18620689655172415,0.0
359.28512586980116,238.92605587516158,268,1.825,0.363,23.88,268,0.0,65,2.241,False,206,0.6344827586206897,0.0
387.46512586980117,452.42605587516164,144,1.718,0.075,12.97,144,0.0,65,2.241,False,213,0.0896551724137931,0.0
78.58512586980117,755.1560558751615,103,1.816,0.48,8.44,103,0.0,65,2.241,False,218,0.08275862068965517,0.0
73.27512586980117,419.2260558751616,107,1.77,0.607,10.5,107,0.0,65,2.241,False,219,0.041379310344827586,0.0
70.74512586980117,299.1460558751616,106,1.821,0.487,8.65,106,0.0,65,2.241,False,220,0.16551724137931034,0.0
419.8851258698012,102.11605587516159,208,1.612,0.383,22.44,208,0.0,65,2.241,False,222,0.05517241379310345,0.0
408.91512586980116,21.726055875161595,110,1.808,0.642,10.5,110,0.0,65,2.241,False,223,0.027586206896551724,0.0
304.4351258698012,331.8960558751616,121,1.771,0.336,10.5,121,0.0,65,2.241,False,224,0.034482758620689655,0.0
73.72159645803646,436.9795852869263,367,1.458,0.084,42.34,367,0.0,66,2.276,True,0,0.496551724137931,3.0
294.92159645803645,124.17958528692631,665,1.934,0.239,40.74,665,0.0,66,2.276,False,1,1.0,0.0
276.7615964580365,97.4095852869263,687,1.857,0.163,46.96,687,0.0,66,2.276,True,2,1.0,1.0
323.77159645803647,481.6295852869263,641,1.86,0.359,48.16,641,0.0,66,2.276,True,4,1.0,3.0
362.81159645803643,468.9995852869263,677,1.866,0.297,47.76,677,0.0,66,2.276,True,5,1.0,3.0
266.85159645803645,494.9295852869263,575,1.82,0.306,45.95,575,0.0,66,2.276,True,6,0.993103448275862,3.0
277.04159645803645,249.85958528692632,609,1.862,0.32,42.74,609,0.0,66,2.276,True,8,0.5586206896551724,2.0
279.84159645803646,137.8195852869263,561,1.864,0.24,37.93,561,0.0,66,2.276,False,9,1.0,0.0
246.83159645803644,497.94958528692626,533,1.811,0.328,41.54,533,0.0,66,2.276,False,10,1.0,0.0
252.30159645803644,65.9095852869263,498,1.7,0.172,45.35,498,0.0,66,2.276,True,11,1.0,1.0
369.6215964580365,455.7495852869263,603,1.868,0.193,43.15,603,0.0,66,2.276,True,15,0.6275862068965518,3.0
341.17159645803645,59.279585286926306,615,1.849,0.133,43.75,615,0.0,66,2.276,True,16,1.0,1.0
413.9915964580365,254.6195852869263,336,1.838,0.219,24.48,336,0.0,66,2.276,False,19,0.4896551724137931,0.0
333.9815964580365,241.6995852869263,582,1.865,0.193,38.53,582,0.0,66,2.276,False,22,0.9862068965517241,0.0
293.61159645803644,331.82958528692626,441,1.768,0.242,35.32,441,0.0,66,2.276,False,28,0.9793103448275862,0.0
370.65159645803647,314.8695852869263,560,1.858,0.185,38.33,560,0.0,66,2.276,False,120,0.9586206896551724,0.0
358.1015964580365,422.89958528692625,446,1.8,0.118,32.71,446,0.0,66,2.276,False,141,0.9103448275862069,0.0
287.80159645803644,273.76958528692626,634,1.917,0.225,37.33,634,0.0,66,2.276,False,148,0.903448275862069,0.0
345.7515964580365,90.5295852869263,628,1.902,0.158,39.93,628,0.0,66,2.276,False,151,0.8275862068965517,0.0
273.8915964580365,309.9395852869263,630,1.786,0.29,51.17,630,0.0,66,2.276,True,152,0.8758620689655172,2.0
252.56159645803646,488.9195852869263,468,1.758,0.209,37.53,468,0.0,66,2.276,False,155,0.8413793103448276,0.0
344.0015964580365,265.95958528692626,629,1.889,0.22,41.74,629,0.0,66,2.276,False,159,0.8551724137931035,0.0
329.79159645803645,140.7395852869263,632,1.888,0.207,39.93,632,0.0,66,2.276,False,164,0.8413793103448276,0.0
343.0015964580365,436.94958528692626,522,1.846,0.261,38.13,522,0.0,66,2.276,False,173,0.7793103448275862,0.0
372.17159645803645,241.6995852869263,589,1.783,0.306,47.56,589,0.0,66,2.276,True,177,0.3931034482758621,2.0
257.21159645803647,89.17958528692631,594,1.808,0.133,44.95,594,0.0,66,2.276,True,187,0.696551724137931,1.0
409.80159645803644,104.50958528692631,381,1.734,0.093,32.71,381,0.0,66,2.276,False,190,0.18620689655172415,0.0
358.9515964580364,238.9395852869263,260,1.861,0.362,21.27,260,0.0,66,2.276,False,206,0.6344827586206897,0.0
388.7315964580365,452.39958528692625,156,1.724,0.194,14.45,156,0.0,66,2.276,False,213,0.0896551724137931,0.0
79.40159645803645,755.0695852869263,103,1.831,0.465,8.43,103,0.0,66,2.276,False,218,0.08275862068965517,0.0
73.98159645803645,419.14958528692625,107,1.767,0.606,10.44,107,0.0,66,2.276,False,219,0.041379310344827586,0.0
71.47159645803646,301.5495852869263,106,1.819,0.486,8.63,106,0.0,66,2.276,False,220,0.16551724137931034,0.0
420.6115964580365,101.83958528692631,228,1.625,0.396,24.08,228,0.0,66,2.276,False,222,0.05517241379310345,0.0
303.1415964580365,331.81958528692627,121,1.767,0.329,10.44,121,0.0,66,2.276,False,224,0.034482758620689655,0.0
401.90159645803647,105.92958528692631,314,1.62,0.1,31.31,314,0.0,66,2.276,False,225,0.5448275862068965,0.0
74.54365528156586,436.4972323457498,275,1.598,0.205,26.99,275,0.0,67,2.31,False,0,0.496551724137931,0.0
295.79365528156586,123.98723234574983,665,1.935,0.239,40.81,665,0.0,67,2.31,False,1,1.0,0.0
275.67365528156586,96.72723234574984,679,1.882,0.195,43.01,679,0.0,67,2.31,True,2,1.0,1.0
323.79365528156586,481.0572323457498,646,1.88,0.269,46.52,646,0.0,67,2.31,True,4,1.0,3.0
363.68365528156585,468.7972323457498,676,1.866,0.298,47.61,676,0.0,67,2.31,True,5,1.0,3.0
270.7436552815659,495.57723234574985,565,1.875,0.331,40.81,565,0.0,67,2.31,False,6,0.993103448275862,0.0
275.8636552815659,253.18723234574983,512,1.753,0.261,41.91,512,0.0,67,2.31,False,8,0.5586206896551724,0.0
280.70365528156583,137.6172323457498,560,1.863,0.241,37.96,560,0.0,67,2.31,False,9,1.0,0.0
245.73365528156586,498.4872323457498,571,1.851,0.387,43.22,571,0.0,67,2.31,True,10,1.0,3.0
253.85365528156586,66.14723234574983,484,1.808,0.13,37.3,484,0.0,67,2.31,False,11,1.0,0.0
370.82365528156583,453.6972323457498,700,1.966,0.079,41.47,700,0.0,67,2.31,False,15,0.6275862068965518,0.0
342.0036552815659,58.91723234574984,722,1.853,0.074,47.61,722,0.0,67,2.31,True,16,1.0,1.0
414.8636552815659,254.41723234574982,336,1.838,0.219,24.57,336,0.0,67,2.31,False,19,0.4896551724137931,0.0
333.79365528156586,241.1472323457498,547,1.881,0.169,36.2,547,0.0,67,2.31,False,22,0.9862068965517241,0.0
292.6436552815659,331.6172323457498,459,1.813,0.281,34.45,459,0.0,67,2.31,False,28,0.9793103448275862,0.0
367.9836552815659,315.45723234574984,463,1.83,0.251,34.23,463,0.0,67,2.31,False,120,0.9586206896551724,0.0
356.2636552815659,422.7472323457498,400,1.755,0.081,32.25,400,0.0,67,2.31,False,141,0.9103448275862069,0.0
285.81365528156584,273.59723234574983,601,1.908,0.292,38.4,601,0.0,67,2.31,False,148,0.903448275862069,0.0
345.6236552815659,90.32723234574983,627,1.901,0.158,39.93,627,0.0,67,2.31,False,151,0.8275862068965517,0.0
271.94365528156584,309.7372323457498,608,1.774,0.279,50.47,608,0.0,67,2.31,True,152,0.8758620689655172,2.0
251.82365528156586,489.6972323457498,536,1.871,0.262,35.76,536,0.0,67,2.31,False,155,0.8413793103448276,0.0
346.6036552815659,266.1072323457498,656,1.803,0.137,52.22,656,0.0,67,2.31,True,159,0.8551724137931035,2.0
328.82365528156583,140.45723234574982,630,1.896,0.212,39.49,630,0.0,67,2.31,False,164,0.8413793103448276,0.0
339.2736552815659,437.7472323457498,458,1.761,0.12,36.64,458,0.0,67,2.31,False,173,0.7793103448275862,0.0
372.06365528156584,241.51723234574982,563,1.671,0.216,55.73,563,0.0,67,2.31,True,177,0.3931034482758621,2.0
256.81365528156584,90.48723234574983,618,1.817,0.172,42.57,618,0.0,67,2.31,True,187,0.696551724137931,1.0
410.7136552815658,104.39723234574984,255,1.856,0.255,18.21,255,0.0,67,2.31,False,190,0.18620689655172415,0.0
359.7136552815658,238.75723234574983,263,1.853,0.367,21.28,263,0.0,67,2.31,False,206,0.6344827586206897,0.0
388.67365528156586,452.46723234574984,185,1.891,0.126,11.41,185,0.0,67,2.31,False,213,0.0896551724137931,0.0
80.16365528156587,754.8772323457498,104,1.814,0.489,8.56,104,0.0,67,2.31,False,218,0.08275862068965517,0.0
72.34365528156587,301.32723234574985,106,1.821,0.49,8.78,106,0.0,67,2.31,False,220,0.16551724137931034,0.0
421.42365528156586,101.59723234574983,234,1.625,0.359,23.7,234,0.0,67,2.31,False,222,0.05517241379310345,0.0
410.5036552815659,21.447232345749832,110,1.809,0.642,10.53,110,0.0,67,2.31,False,223,0.027586206896551724,0.0
302.91365528156587,331.6172323457498,126,1.793,0.358,10.31,126,0.0,67,2.31,False,224,0.034482758620689655,0.0
402.69365528156584,105.55723234574984,573,1.74,0.137,47.17,573,0.0,67,2.31,True,225,0.5448275862068965,1.0
75.24183709974768,435.8338990124165,265,1.644,0.253,25.28,265,0.0,68,2.345,False,0,0.496551724137931,0.0
295.50183709974766,123.95389901241649,664,1.934,0.239,40.69,664,0.0,68,2.345,False,1,1.0,0.0
273.50183709974766,96.62389901241649,657,1.871,0.197,43.34,657,0.0,68,2.345,True,2,1.0,1.0
324.5118370997477,481.0238990124165,646,1.88,0.269,46.47,646,0.0,68,2.345,True,4,1.0,3.0
363.3918370997477,469.7638990124165,674,1.864,0.3,47.67,674,0.0,68,2.345,True,5,1.0,3.0
269.4218370997477,494.5138990124165,560,1.87,0.341,41.41,560,0.0,68,2.345,False,6,0.993103448275862,0.0
277.3218370997477,253.27389901241648,639,1.863,0.304,42.62,639,0.0,68,2.345,True,8,0.5586206896551724,2.0
280.5118370997477,137.55389901241648,528,1.843,0.241,38.04,528,0.0,68,2.345,False,9,1.0,0.0
246.3018370997477,498.42389901241654,494,1.799,0.318,40.45,494,0.0,68,2.345,False,10,1.0,0.0
258.3518370997477,67.4238990124165,572,1.813,0.209,43.82,572,0.0,68,2.345,True,11,1.0,1.0
370.3018370997477,453.6438990124165,670,1.95,0.047,40.45,670,0.0,68,2.345,False,15,0.6275862068965518,0.0
341.6518370997477,59.0638990124165,699,1.865,0.103,47.67,699,0.0,68,2.345,True,16,1.0,1.0
414.8918370997477,254.2538990124165,366,1.745,0.135,31.78,366,0.0,68,2.345,False,19,0.4896551724137931,0.0
332.74183709974767,240.83389901241648,510,1.869,0.213,33.71,510,0.0,68,2.345,False,22,0.9862068965517241,0.0
292.2318370997477,331.2538990124165,422,1.819,0.231,31.3,422,0.0,68,2.345,False,28,0.9793103448275862,0.0
367.6618370997477,316.0838990124165,587,1.806,0.159,44.54,587,0.0,68,2.345,True,120,0.9586206896551724,2.0
354.7218370997477,422.7038990124165,428,1.802,0.129,31.3,428,0.0,68,2.345,False,141,0.9103448275862069,0.0
284.5318370997477,272.93389901241653,571,1.872,0.257,39.25,571,0.0,68,2.345,False,148,0.903448275862069,0.0
344.4618370997477,90.7538990124165,607,1.897,0.184,39.25,607,0.0,68,2.345,False,151,0.8275862068965517,0.0
271.68183709974767,309.23389901241654,574,1.812,0.229,44.3,574,0.0,68,2.345,True,152,0.8758620689655172,2.0
252.2418370997477,489.80389901241654,474,1.821,0.222,33.71,474,0.0,68,2.345,False,155,0.8413793103448276,0.0
347.2718370997477,266.6438990124165,650,1.803,0.166,49.36,650,0.0,68,2.345,True,159,0.8551724137931035,2.0
328.2918370997477,139.6638990124165,618,1.908,0.215,36.84,618,0.0,68,2.345,False,164,0.8413793103448276,0.0
337.6918370997477,437.29389901241655,612,1.804,0.27,48.88,612,0.0,68,2.345,True,173,0.7793103448275862,3.0
372.49183709974767,241.4038990124165,628,1.748,0.288,57.79,628,0.0,68,2.345,True,177,0.3931034482758621,2.0
256.3618370997477,91.70389901241649,586,1.84,0.191,38.76,586,0.0,68,2.345,False,187,0.696551724137931,0.0
360.4618370997477,238.70389901241649,249,1.837,0.358,21.19,249,0.0,68,2.345,False,206,0.6344827586206897,0.0
390.0218370997477,452.5038990124165,160,1.853,0.045,11.8,160,0.0,68,2.345,False,213,0.0896551724137931,0.0
80.8718370997477,754.8438990124165,103,1.815,0.478,8.43,103,0.0,68,2.345,False,218,0.08275862068965517,0.0
73.05183709974769,301.30389901241654,106,1.818,0.488,8.67,106,0.0,68,2.345,False,220,0.16551724137931034,0.0
422.1818370997477,101.62389901241649,228,1.606,0.377,24.08,228,0.0,68,2.345,False,222,0.05517241379310345,0.0
302.5518370997477,331.5838990124165,129,1.82,0.383,10.11,129,0.0,68,2.345,False,224,0.034482758620689655,0.0
403.0418370997477,105.73389901241649,706,1.721,0.032,61.4,706,0.0,68,2.345,False,225,0.5448275862068965,0.0
76.6374620997477,434.7082740124165,243,1.621,0.293,22.83,243,0.0,69,2.379,False,0,0.496551724137931,0.0
296.8774620997477,124.0782740124165,665,1.935,0.239,40.87,665,0.0,69,2.379,False,1,1.0,0.0
273.7774620997477,95.5782740124165,632,1.863,0.237,43.7,632,0.0,69,2.379,True,2,1.0,1.0
325.8874620997477,481.1482740124165,647,1.88,0.269,46.52,647,0.0,69,2.379,True,4,1.0,3.0
362.87746209974773,470.4682740124165,653,1.893,0.286,44.57,653,0.0,69,2.379,True,5,1.0,3.0
265.1674620997477,492.5282740124165,613,1.764,0.22,49.57,613,0.0,69,2.379,True,6,0.993103448275862,3.0
278.1974620997477,253.6582740124165,570,1.841,0.334,42.18,570,0.0,69,2.379,True,8,0.5586206896551724,2.0
280.7374620997477,138.3982740124165,513,1.852,0.237,36.31,513,0.0,69,2.379,False,9,1.0,0.0
243.8574620997477,499.7582740124165,588,1.879,0.381,43.26,588,0.0,69,2.379,True,10,1.0,3.0
259.7274620997477,67.5482740124165,573,1.813,0.21,43.91,573,0.0,69,2.379,True,11,1.0,1.0
370.05746209974774,453.7982740124165,626,1.956,0.087,39.35,626,0.0,69,2.379,False,15,0.6275862068965518,0.0
342.0874620997477,59.388274012416495,625,1.835,0.224,46.09,625,0.0,69,2.379,True,16,1.0,1.0
416.2674620997477,254.3782740124165,367,1.746,0.136,31.74,367,0.0,69,2.379,False,19,0.4896551724137931,0.0
332.1374620997477,241.02827401241652,499,1.852,0.202,34.35,499,0.0,69,2.379,False,22,0.9862068965517241,0.0
291.3574620997477,331.4082740124165,392,1.758,0.193,31.96,392,0.0,69,2.379,False,28,0.9793103448275862,0.0
367.99746209974774,316.0482740124165,658,1.849,0.18,45.44,658,0.0,69,2.379,True,120,0.9586206896551724,2.0
355.1074620997477,422.8482740124165,433,1.801,0.132,31.31,433,0.0,69,2.379,False,141,0.9103448275862069,0.0
281.3774620997477,270.7382740124165,467,1.757,0.228,39.13,467,0.0,69,2.379,False,148,0.903448275862069,0.0
340.8374620997477,91.84827401241651,581,1.899,0.322,39.35,581,0.0,69,2.379,False,151,0.8275862068965517,0.0
270.9274620997477,309.35827401241653,593,1.844,0.246,43.48,593,0.0,69,2.379,True,152,0.8758620689655172,2.0
253.61746209974768,489.9282740124165,474,1.822,0.222,33.7,474,0.0,69,2.379,False,155,0.8413793103448276,0.0
347.6074620997477,267.0382740124165,617,1.792,0.141,48.05,617,0.0,69,2.379,True,159,0.8551724137931035,2.0
325.8574620997477,138.9882740124165,630,1.929,0.192,38.04,630,0.0,69,2.379,False,164,0.8413793103448276,0.0
337.9274620997477,437.3982740124165,638,1.841,0.292,47.61,638,0.0,69,2.379,True,173,0.7793103448275862,3.0
373.6774620997477,241.6082740124165,555,1.675,0.255,55.44,555,0.0,69,2.379,True,177,0.3931034482758621,2.0
254.9874620997477,91.9382740124165,576,1.851,0.16,38.48,576,0.0,69,2.379,False,187,0.696551724137931,0.0
361.6974620997477,238.8482740124165,253,1.836,0.366,21.31,253,0.0,69,2.379,False,206,0.6344827586206897,0.0
391.6374620997477,452.5382740124165,173,1.748,0.116,14.35,173,0.0,69,2.379,False,213,0.0896551724137931,0.0
82.2474620997477,754.9682740124165,103,1.816,0.484,8.48,103,0.0,69,2.379,False,218,0.08275862068965517,0.0
76.9474620997477,419.0282740124165,107,1.771,0.608,10.44,107,0.0,69,2.379,False,219,0.041379310344827586,0.0
74.42746209974769,301.4282740124165,106,1.819,0.486,8.7,106,0.0,69,2.379,False,220,0.16551724137931034,0.0
423.68746209974773,101.7582740124165,245,1.583,0.448,26.31,245,0.0,69,2.379,False,222,0.05517241379310345,0.0
403.6474620997477,105.2182740124165,672,1.853,0.133,50.44,672,0.0,69,2.379,True,225,0.5448275862068965,1.0
78.06933709974768,434.37889901241647,244,1.622,0.294,22.92,244,0.0,70,2.414,False,0,0.496551724137931,0.0
298.30933709974767,123.7488990124165,665,1.935,0.24,40.83,665,0.0,70,2.414,False,1,1.0,0.0
271.4793370997477,94.4988990124165,543,1.861,0.283,39.29,543,0.0,70,2.414,False,2,1.0,0.0
327.3093370997477,480.81889901241647,646,1.88,0.269,46.41,646,0.0,70,2.414,True,4,1.0,3.0
362.5893370997477,470.6688990124165,601,1.797,0.152,44.49,601,0.0,70,2.414,True,5,1.0,3.0
266.3193370997477,492.3688990124165,653,1.823,0.276,48.92,653,0.0,70,2.414,True,6,0.993103448275862,3.0
278.1393370997477,257.3488990124165,506,1.84,0.434,40.44,506,0.0,70,2.414,False,8,0.5586206896551724,0.0
276.6293370997477,139.6188990124165,486,1.8,0.194,36.78,486,0.0,70,2.414,False,9,1.0,0.0
244.24933709974766,499.32889901241646,593,1.885,0.381,42.95,593,0.0,70,2.414,True,10,1.0,3.0
255.7593370997477,67.3588990124165,442,1.759,0.21,39.87,442,0.0,70,2.414,False,11,1.0,0.0
369.1593370997477,453.76889901241645,596,1.903,0.069,38.9,596,0.0,70,2.414,False,15,0.6275862068965518,0.0
342.2493370997477,59.1088990124165,604,1.855,0.243,42.18,604,0.0,70,2.414,True,16,1.0,1.0
417.4093370997477,253.5688990124165,499,1.816,0.014,34.86,499,0.0,70,2.414,False,19,0.4896551724137931,0.0
337.3093370997477,239.7788990124165,588,1.915,0.143,36.4,588,0.0,70,2.414,False,22,0.9862068965517241,0.0
290.9693370997477,330.5288990124165,406,1.816,0.214,30.04,406,0.0,70,2.414,False,28,0.9793103448275862,0.0
368.6193370997477,316.3088990124165,589,1.79,0.157,44.68,589,0.0,70,2.414,True,120,0.9586206896551724,2.0
354.3493370997477,422.4888990124165,449,1.85,0.176,30.24,449,0.0,70,2.414,False,141,0.9103448275862069,0.0
283.4793370997477,270.6688990124165,621,1.874,0.246,43.33,621,0.0,70,2.414,True,148,0.903448275862069,2.0
339.5393370997477,92.17889901241651,485,1.832,0.3,36.98,485,0.0,70,2.414,False,151,0.8275862068965517,0.0
269.4893370997477,309.5588990124165,530,1.813,0.264,41.6,530,0.0,70,2.414,False,152,0.8758620689655172,0.0
254.05933709974767,490.0888990124165,519,1.847,0.269,36.21,519,0.0,70,2.414,False,155,0.8413793103448276,0.0
347.8693370997477,267.37889901241647,599,1.847,0.208,43.33,599,0.0,70,2.414,True,159,0.8551724137931035,2.0
326.1493370997477,138.7388990124165,623,1.908,0.155,38.52,623,0.0,70,2.414,False,164,0.8413793103448276,0.0
339.2993370997477,437.50889901241646,605,1.861,0.341,44.49,605,0.0,70,2.414,True,173,0.7793103448275862,3.0
374.8493370997477,241.0588990124165,489,1.696,0.138,45.84,489,0.0,70,2.414,True,177,0.3931034482758621,2.0
252.4493370997477,93.3288990124165,574,1.839,0.193,40.44,574,0.0,70,2.414,False,187,0.696551724137931,0.0
359.4193370997477,239.6188990124165,240,1.936,0.359,16.37,240,0.0,70,2.414,False,206,0.6344827586206897,0.0
393.3793370997477,451.88889901241646,157,1.634,0.369,16.18,157,0.0,70,2.414,False,213,0.0896551724137931,0.0
83.67933709974768,754.6388990124165,104,1.814,0.484,8.47,104,0.0,70,2.414,False,218,0.08275862068965517,0.0
75.85933709974769,301.1088990124165,106,1.818,0.489,8.67,106,0.0,70,2.414,False,220,0.16551724137931034,0.0
425.0993370997477,101.40889901241651,251,1.585,0.427,26.58,251,0.0,70,2.414,False,222,0.05517241379310345,0.0
399.3793370997477,105.5088990124165,568,1.803,0.27,46.8,568,0.0,70,2.414,True,225,0.5448275862068965,1.0
409.1993370997477,249.6188990124165,113,1.418,0.323,14.44,113,0.0,70,2.414,False,228,0.06206896551724138,0.0
78.97509467550526,434.23435355787103,244,1.62,0.294,22.88,244,0.0,71,2.448,False,0,0.496551724137931,0.0
299.22509467550526,123.18435355787103,637,1.906,0.264,41.1,637,0.0,71,2.448,False,1,1.0,0.0
271.0450946755053,94.09435355787105,645,1.822,0.263,49.57,645,0.0,71,2.448,True,2,1.0,1.0
328.22509467550526,480.67435355787103,646,1.88,0.269,46.39,646,0.0,71,2.448,True,4,1.0,3.0
358.62509467550524,472.064353557871,485,1.698,0.085,41.95,485,0.0,71,2.448,False,5,1.0,0.0
266.34509467550527,492.22435355787104,622,1.829,0.286,48.09,622,0.0,71,2.448,True,6,0.993103448275862,3.0
279.03509467550526,257.25435355787107,622,1.787,0.448,53.39,622,0.0,71,2.448,True,8,0.5586206896551724,2.0
276.36509467550525,139.39435355787103,516,1.833,0.236,36.23,516,0.0,71,2.448,False,9,1.0,0.0
243.31509467550526,500.02435355787105,508,1.841,0.354,39.83,508,0.0,71,2.448,False,10,1.0,0.0
261.09509467550527,67.39435355787104,532,1.856,0.216,37.5,532,0.0,71,2.448,False,11,1.0,0.0
368.23509467550525,453.60435355787104,594,1.925,0.076,37.71,594,0.0,71,2.448,False,15,0.6275862068965518,0.0
343.1750946755053,58.96435355787105,603,1.855,0.243,42.16,603,0.0,71,2.448,True,16,1.0,1.0
418.3250946755053,253.42435355787103,499,1.815,0.014,34.74,499,0.0,71,2.448,False,19,0.4896551724137931,0.0
337.1650946755053,239.41435355787104,612,1.891,0.131,38.98,612,0.0,71,2.448,False,22,0.9862068965517241,0.0
286.35509467550526,329.60435355787104,473,1.854,0.233,33.68,473,0.0,71,2.448,False,28,0.9793103448275862,0.0
369.2950946755053,316.124353557871,609,1.896,0.28,39.83,609,0.0,71,2.448,False,120,0.9586206896551724,0.0
352.49509467550524,422.364353557871,419,1.816,0.142,30.08,419,0.0,71,2.448,False,141,0.9103448275862069,0.0
281.2750946755053,271.19435355787107,628,1.89,0.318,43.22,628,0.0,71,2.448,True,148,0.903448275862069,2.0
340.25509467550523,92.15435355787105,611,1.876,0.362,43.85,611,0.0,71,2.448,True,151,0.8275862068965517,1.0
269.3350946755053,309.52435355787105,642,1.862,0.252,45.97,642,0.0,71,2.448,True,152,0.8758620689655172,2.0
255.07509467550526,489.46435355787105,466,1.83,0.299,34.32,466,0.0,71,2.448,False,155,0.8413793103448276,0.0
347.25509467550523,268.16435355787104,643,1.87,0.247,40.67,643,0.0,71,2.448,False,159,0.8551724137931035,0.0
327.00509467550523,138.95435355787103,576,1.838,0.235,41.31,576,0.0,71,2.448,False,164,0.8413793103448276,0.0
337.21509467550527,437.864353557871,576,1.896,0.276,38.77,576,0.0,71,2.448,False,173,0.7793103448275862,0.0
374.60509467550526,240.86435355787103,416,1.731,0.215,39.4,416,0.0,71,2.448,False,177,0.3931034482758621,0.0
251.67509467550528,94.76435355787105,490,1.8,0.133,37.07,490,0.0,71,2.448,False,187,0.696551724137931,0.0
361.11509467550525,239.73435355787103,257,1.812,0.046,20.13,257,0.0,71,2.448,False,206,0.6344827586206897,0.0
394.25509467550523,451.76435355787106,143,1.639,0.332,14.41,143,0.0,71,2.448,False,213,0.0896551724137931,0.0
84.60509467550527,754.494353557871,104,1.818,0.48,8.47,104,0.0,71,2.448,False,218,0.08275862068965517,0.0
76.77509467550527,300.96435355787105,106,1.819,0.489,8.69,106,0.0,71,2.448,False,220,0.16551724137931034,0.0
426.00509467550523,101.27435355787104,251,1.588,0.426,26.48,251,0.0,71,2.448,False,222,0.05517241379310345,0.0
398.25509467550523,105.29435355787103,649,1.803,0.321,54.02,649,0.0,71,2.448,True,225,0.5448275862068965,1.0
410.11509467550525,249.47435355787104,113,1.418,0.326,14.41,113,0.0,71,2.448,False,228,0.06206896551724138,0.0
298.8179518183624,123.1482821292996,755,1.875,0.187,50.6,755,0.0,72,2.483,True,1,1.0,1.0
272.10795181836244,93.8482821292996,576,1.679,0.055,53.36,576,0.0,72,2.483,True,2,1.0,1.0
330.67795181836243,480.7682821292996,653,1.859,0.349,49.55,653,0.0,72,2.483,True,4,1.0,3.0
358.9979518183624,471.9582821292996,642,1.82,0.237,46.79,642,0.0,72,2.483,True,5,1.0,3.0
270.48795181836243,491.8282821292996,625,1.804,0.235,45.95,625,0.0,72,2.483,True,6,0.993103448275862,3.0
280.4079518183624,258.2082821292996,762,1.819,0.321,53.99,762,0.0,72,2.483,True,8,0.5586206896551724,2.0
276.7779518183624,138.9682821292996,605,1.795,0.225,48.7,605,0.0,72,2.483,True,9,1.0,1.0
243.5779518183624,500.00828212929963,560,1.781,0.283,47.64,560,0.0,72,2.483,True,10,1.0,3.0
258.7079518183624,67.65828212929961,722,1.868,0.268,49.76,722,0.0,72,2.483,True,11,1.0,1.0
371.65795181836245,455.90828212929966,449,1.891,0.271,30.7,449,0.0,72,2.483,False,15,0.6275862068965518,0.0
342.78795181836244,59.018282129299614,695,1.868,0.267,45.31,695,0.0,72,2.483,True,16,1.0,1.0
418.77795181836245,253.64828212929962,510,1.802,0.157,38.96,510,0.0,72,2.483,False,19,0.4896551724137931,0.0
332.27795181836245,239.1982821292996,561,1.75,0.098,47.85,561,0.0,72,2.483,True,22,0.9862068965517241,2.0
284.79795181836244,329.31828212929963,484,1.813,0.203,38.11,484,0.0,72,2.483,False,28,0.9793103448275862,0.0
369.5579518183624,316.0882821292996,684,1.877,0.279,46.79,684,0.0,72,2.483,True,120,0.9586206896551724,2.0
352.83795181836246,421.90828212929966,517,1.737,0.28,46.37,517,0.0,72,2.483,True,141,0.9103448275862069,3.0
278.7579518183624,270.87828212929963,662,1.913,0.317,44.68,662,0.0,72,2.483,True,148,0.903448275862069,2.0
339.71795181836245,92.68828212929961,603,1.883,0.184,40.65,603,0.0,72,2.483,False,151,0.8275862068965517,0.0
271.5679518183624,309.37828212929963,561,1.824,0.201,44.04,561,0.0,72,2.483,True,152,0.8758620689655172,2.0
254.66795181836244,489.8982821292996,641,1.849,0.254,45.73,641,0.0,72,2.483,True,155,0.8413793103448276,3.0
345.7579518183624,269.65828212929966,683,1.886,0.255,45.73,683,0.0,72,2.483,True,159,0.8551724137931035,2.0
322.92795181836243,136.8782821292996,638,1.796,0.318,50.82,638,0.0,72,2.483,True,164,0.8413793103448276,1.0
336.8279518183624,436.81828212929963,661,1.838,0.238,48.49,661,0.0,72,2.483,True,173,0.7793103448275862,3.0
376.2479518183624,240.1582821292996,507,1.616,0.04,49.33,507,0.0,72,2.483,False,177,0.3931034482758621,0.0
251.8279518183624,96.05828212929961,628,1.886,0.275,42.14,628,0.0,72,2.483,False,187,0.696551724137931,0.0
361.5179518183624,238.98828212929962,395,1.933,0.086,22.02,395,0.0,72,2.483,False,206,0.6344827586206897,0.0
78.27795181836241,300.66828212929966,106,1.815,0.493,8.68,106,0.0,72,2.483,False,220,0.16551724137931034,0.0
396.8079518183624,105.19828212929961,660,1.847,0.157,46.58,660,0.0,72,2.483,True,225,0.5448275862068965,1.0
420.7579518183624,132.6982821292996,105,1.762,0.595,10.16,105,0.0,72,2.483,False,229,0.08275862068965517,0.0
360.90795181836245,453.3382821292996,586,1.834,0.209,44.46,586,0.0,72,2.483,True,230,0.503448275862069,3.0
299.71128515169573,123.23061546263294,755,1.875,0.186,50.58,755,0.0,73,2.517,True,1,1.0,1.0
271.26128515169574,92.90061546263294,626,1.753,0.108,49.89,626,0.0,73,2.517,True,2,1.0,1.0
329.59128515169573,480.12061546263294,670,1.876,0.33,48.26,670,0.0,73,2.517,True,4,1.0,3.0
358.74128515169576,472.7206154626329,581,1.81,0.218,42.69,581,0.0,73,2.517,True,5,1.0,3.0
270.4712851516957,491.1506154626329,607,1.86,0.266,42.46,607,0.0,73,2.517,True,6,0.993103448275862,3.0
281.19128515169575,258.19061546263293,784,1.775,0.276,59.17,784,0.0,73,2.517,True,8,0.5586206896551724,2.0
275.96128515169573,139.05061546263295,549,1.729,0.154,47.1,549,0.0,73,2.517,True,9,1.0,1.0
243.56128515169576,500.7206154626329,527,1.826,0.273,41.07,527,0.0,73,2.517,False,10,1.0,0.0
258.6012851516957,67.72061546263295,724,1.87,0.265,49.89,724,0.0,73,2.517,True,11,1.0,1.0
369.52128515169574,456.37061546263294,412,1.913,0.245,26.92,412,0.0,73,2.517,False,15,0.6275862068965518,0.0
343.49128515169576,58.98061546263295,684,1.858,0.256,45.01,684,0.0,73,2.517,True,16,1.0,1.0
419.4712851516957,253.07061546263296,465,1.811,0.187,34.57,465,0.0,73,2.517,False,19,0.4896551724137931,0.0
331.88128515169575,239.47061546263296,611,1.849,0.053,42.69,611,0.0,73,2.517,True,22,0.9862068965517241,2.0
283.9712851516957,328.9506154626329,424,1.731,0.167,36.2,424,0.0,73,2.517,False,28,0.9793103448275862,0.0
367.59128515169573,317.0206154626329,694,1.895,0.319,47.57,694,0.0,73,2.517,True,120,0.9586206896551724,2.0
352.57128515169575,421.9506154626329,523,1.758,0.29,45.48,523,0.0,73,2.517,True,141,0.9103448275862069,3.0
279.58128515169574,270.36061546263295,711,1.897,0.28,49.19,711,0.0,73,2.517,True,148,0.903448275862069,2.0
339.77128515169574,92.83061546263293,583,1.874,0.194,39.44,583,0.0,73,2.517,False,151,0.8275862068965517,0.0
271.20128515169574,309.4506154626329,513,1.766,0.14,42.69,513,0.0,73,2.517,True,152,0.8758620689655172,2.0
255.38128515169575,489.86061546263295,613,1.835,0.227,45.01,613,0.0,73,2.517,True,155,0.8413793103448276,3.0
345.93128515169576,269.92061546263295,637,1.791,0.244,48.73,637,0.0,73,2.517,True,159,0.8551724137931035,2.0
321.9912851516957,136.34061546263297,553,1.808,0.263,44.55,553,0.0,73,2.517,True,164,0.8413793103448276,1.0
336.5412851516958,436.8506154626329,662,1.857,0.238,47.57,662,0.0,73,2.517,True,173,0.7793103448275862,3.0
376.59128515169573,240.37061546263297,491,1.667,0.098,44.78,491,0.0,73,2.517,True,177,0.3931034482758621,2.0
252.60128515169575,96.12061546263294,648,1.903,0.23,42.0,648,0.0,73,2.517,False,187,0.696551724137931,0.0
361.83128515169574,239.15061546263294,369,1.86,0.171,23.2,369,0.0,73,2.517,False,206,0.6344827586206897,0.0
79.14128515169574,299.9506154626329,118,1.901,0.509,8.59,118,0.0,73,2.517,False,220,0.16551724137931034,0.0
401.34128515169573,105.28061546263294,678,1.849,0.214,48.26,678,0.0,73,2.517,True,225,0.5448275862068965,1.0
421.65128515169573,132.78061546263297,105,1.764,0.594,9.98,105,0.0,73,2.517,False,229,0.08275862068965517,0.0
358.68128515169576,453.9006154626329,558,1.816,0.251,43.16,558,0.0,73,2.517,True,230,0.503448275862069,3.0
422.4812851516958,60.91061546263295,102,1.838,0.436,9.51,102,0.0,73,2.517,False,231,0.07586206896551724,0.0
300.98096257105055,123.11900255940714,756,1.876,0.187,50.47,756,0.0,74,2.552,True,1,1.0,1.0
265.97096257105056,91.29900255940714,622,1.857,0.207,42.69,622,0.0,74,2.552,True,2,1.0,1.0
331.85096257105056,480.14900255940717,690,1.911,0.315,45.8,690,0.0,74,2.552,True,4,1.0,3.0
357.2609625710506,473.67900255940714,535,1.794,0.215,40.91,535,0.0,74,2.552,False,5,1.0,0.0
267.0609625710506,488.91900255940715,573,1.833,0.263,42.69,573,0.0,74,2.552,True,6,0.993103448275862,3.0
282.0509625710506,259.9490025594072,841,1.862,0.365,56.47,841,0.0,74,2.552,True,8,0.5586206896551724,2.0
277.04096257105056,138.90900255940713,585,1.805,0.24,44.24,585,0.0,74,2.552,True,9,1.0,1.0
243.7509625710506,500.96900255940716,485,1.825,0.278,37.57,485,0.0,74,2.552,False,10,1.0,0.0
257.9209625710506,68.76900255940714,789,1.869,0.275,53.8,789,0.0,74,2.552,True,11,1.0,1.0
368.7509625710506,456.26900255940717,418,1.929,0.258,26.68,418,0.0,74,2.552,False,15,0.6275862068965518,0.0
343.7509625710506,58.869002559407136,679,1.852,0.257,45.13,679,0.0,74,2.552,True,16,1.0,1.0
419.0709625710506,253.65900255940713,420,1.81,0.216,32.68,420,0.0,74,2.552,False,19,0.4896551724137931,0.0
332.2509625710506,239.10900255940714,590,1.784,0.119,45.13,590,0.0,74,2.552,True,22,0.9862068965517241,2.0
285.78096257105057,328.8290025594072,435,1.857,0.326,32.68,435,0.0,74,2.552,False,28,0.9793103448275862,0.0
367.8909625710506,316.89900255940717,683,1.889,0.314,47.58,683,0.0,74,2.552,True,120,0.9586206896551724,2.0
351.84096257105057,421.8290025594072,532,1.744,0.28,45.58,532,0.0,74,2.552,True,141,0.9103448275862069,3.0
282.5209625710506,269.89900255940717,606,1.819,0.186,44.24,606,0.0,74,2.552,True,148,0.903448275862069,2.0
339.12096257105054,93.47900255940714,587,1.833,0.21,45.13,587,0.0,74,2.552,True,151,0.8275862068965517,1.0
269.7709625710506,309.41900255940715,522,1.815,0.16,40.24,522,0.0,74,2.552,False,152,0.8758620689655172,0.0
256.65096257105057,489.7490025594072,612,1.835,0.228,44.91,612,0.0,74,2.552,True,155,0.8413793103448276,3.0
346.98096257105055,269.54900255940714,621,1.765,0.224,49.13,621,0.0,74,2.552,True,159,0.8551724137931035,2.0
321.2509625710506,136.22900255940715,550,1.803,0.254,44.69,550,0.0,74,2.552,True,164,0.8413793103448276,1.0
336.0209625710506,437.2590025594072,589,1.86,0.192,42.02,589,0.0,74,2.552,False,173,0.7793103448275862,0.0
377.86096257105055,240.25900255940715,491,1.667,0.098,44.69,491,0.0,74,2.552,True,177,0.3931034482758621,2.0
251.9909625710506,97.04900255940714,606,1.899,0.356,43.13,606,0.0,74,2.552,True,187,0.696551724137931,1.0
363.10096257105056,239.03900255940712,370,1.86,0.172,23.34,370,0.0,74,2.552,False,206,0.6344827586206897,0.0
80.40096257105058,300.6190025594072,108,1.831,0.472,8.67,108,0.0,74,2.552,False,220,0.16551724137931034,0.0
397.91096257105056,105.21900255940713,778,1.844,0.174,55.36,778,0.0,74,2.552,True,225,0.5448275862068965,1.0
422.92096257105055,132.64900255940714,105,1.761,0.59,10.0,105,0.0,74,2.552,False,229,0.08275862068965517,0.0
358.84096257105057,453.2590025594072,542,1.881,0.217,36.91,542,0.0,74,2.552,False,230,0.503448275862069,0.0
423.74096257105055,60.799002559407135,101,1.833,0.437,9.56,101,0.0,74,2.552,False,231,0.07586206896551724,0.0
412.9509625710506,101.85900255940713,122,1.84,0.569,9.78,122,0.0,74,2.552,False,232,0.06896551724137931,0.0
302.10408757105057,123.06462755940714,756,1.875,0.187,50.53,756,0.0,75,2.586,True,1,1.0,1.0
265.0140875710506,90.85462755940715,604,1.852,0.224,40.97,604,0.0,75,2.586,False,2,1.0,0.0
332.9740875710506,480.0946275594071,691,1.912,0.315,45.86,691,0.0,75,2.586,True,4,1.0,3.0
357.24408757105056,473.94462755940714,548,1.842,0.228,38.64,548,0.0,75,2.586,False,5,1.0,0.0
268.0340875710506,489.01462755940713,607,1.845,0.267,43.52,607,0.0,75,2.586,True,6,0.993103448275862,3.0
282.7840875710506,260.2746275594071,685,1.765,0.366,54.14,685,0.0,75,2.586,True,8,0.5586206896551724,2.0
279.80408757105056,138.99462755940715,559,1.867,0.228,39.06,559,0.0,75,2.586,False,9,1.0,0.0
244.0840875710506,501.6646275594071,460,1.848,0.283,33.54,460,0.0,75,2.586,False,10,1.0,0.0
257.92408757105056,69.15462755940715,764,1.898,0.236,49.68,764,0.0,75,2.586,True,11,1.0,1.0
367.9340875710506,456.19462755940714,409,1.89,0.233,28.02,409,0.0,75,2.586,False,15,0.6275862068965518,0.0
343.67408757105056,59.05462755940714,698,1.809,0.247,52.44,698,0.0,75,2.586,True,16,1.0,1.0
420.0340875710506,252.91462755940714,408,1.81,0.25,31.0,408,0.0,75,2.586,False,19,0.4896551724137931,0.0
332.17408757105056,239.77462755940715,648,1.909,0.249,41.4,648,0.0,75,2.586,False,22,0.9862068965517241,0.0
285.8440875710506,328.8546275594071,420,1.827,0.326,32.27,420,0.0,75,2.586,False,28,0.9793103448275862,0.0
368.0240875710506,317.1446275594071,663,1.883,0.265,46.07,663,0.0,75,2.586,True,120,0.9586206896551724,2.0
350.9140875710506,422.3646275594071,500,1.88,0.247,36.3,500,0.0,75,2.586,False,141,0.9103448275862069,0.0
277.0840875710506,269.5346275594071,589,1.835,0.259,47.77,589,0.0,75,2.586,True,148,0.903448275862069,2.0
339.0940875710506,93.39462755940714,609,1.86,0.215,44.58,609,0.0,75,2.586,True,151,0.8275862068965517,1.0
267.8440875710506,310.13462755940714,688,1.87,0.313,49.25,688,0.0,75,2.586,True,152,0.8758620689655172,2.0
256.9940875710506,489.8046275594071,606,1.846,0.257,43.95,606,0.0,75,2.586,True,155,0.8413793103448276,3.0
347.6940875710506,269.76462755940713,461,1.724,0.122,35.88,461,0.0,75,2.586,False,159,0.8551724137931035,0.0
321.2740875710506,135.78462755940714,549,1.82,0.278,41.61,549,0.0,75,2.586,False,164,0.8413793103448276,0.0
335.1540875710506,437.57462755940713,586,1.819,0.243,45.64,586,0.0,75,2.586,True,173,0.7793103448275862,3.0
377.7040875710506,239.92462755940716,337,1.683,0.161,31.42,337,0.0,75,2.586,False,177,0.3931034482758621,0.0
251.99408757105058,97.88462755940715,641,1.816,0.214,48.4,641,0.0,75,2.586,True,187,0.696551724137931,1.0
364.24408757105056,239.00462755940714,370,1.87,0.178,22.93,370,0.0,75,2.586,False,206,0.6344827586206897,0.0
81.52408757105059,300.57462755940713,108,1.834,0.471,8.7,108,0.0,75,2.586,False,220,0.16551724137931034,0.0
396.0840875710506,105.60462755940715,701,1.857,0.176,51.38,701,0.0,75,2.586,True,225,0.5448275862068965,1.0
424.0340875710506,132.60462755940713,105,1.764,0.592,9.98,105,0.0,75,2.586,False,229,0.08275862068965517,0.0
356.98408757105057,453.7446275594071,517,1.868,0.221,35.88,517,0.0,75,2.586,False,230,0.503448275862069,0.0
424.86408757105056,60.744627559407135,102,1.837,0.436,9.55,102,0.0,75,2.586,False,231,0.07586206896551724,0.0
414.1240875710506,98.11462755940714,111,1.755,0.534,9.34,111,0.0,75,2.586,False,232,0.06896551724137931,0.0
303.12752507105057,122.91587755940714,756,1.875,0.186,50.64,756,0.0,76,2.621,True,1,1.0,1.0
264.0375250710506,90.70587755940714,604,1.853,0.224,40.96,604,0.0,76,2.621,False,2,1.0,0.0
333.9975250710506,479.9458775594071,691,1.911,0.315,45.9,691,0.0,76,2.621,True,4,1.0,3.0
356.1075250710506,473.6558775594071,621,1.864,0.233,41.58,621,0.0,76,2.621,False,5,1.0,0.0
269.0975250710506,489.4358775594071,702,1.911,0.259,42.61,702,0.0,76,2.621,True,6,0.993103448275862,3.0
283.2275250710506,261.91587755940714,690,1.816,0.322,49.61,690,0.0,76,2.621,True,8,0.5586206896551724,2.0
277.0975250710506,139.73587755940713,581,1.82,0.272,44.87,581,0.0,76,2.621,True,9,1.0,1.0
245.0375250710506,501.8658775594071,436,1.84,0.237,31.9,436,0.0,76,2.621,False,10,1.0,0.0
257.8875250710506,69.47587755940714,681,1.871,0.218,46.52,681,0.0,76,2.621,True,11,1.0,1.0
366.0275250710506,456.4658775594071,445,1.91,0.295,29.85,445,0.0,76,2.621,False,15,0.6275862068965518,0.0
343.69752507105056,58.915877559407136,695,1.808,0.248,52.49,695,0.0,76,2.621,True,16,1.0,1.0
423.4875250710506,252.06587755940714,234,1.627,0.126,24.08,234,0.0,76,2.621,False,19,0.4896551724137931,0.0
331.26752507105056,239.02587755940715,599,1.811,0.092,43.64,599,0.0,76,2.621,True,22,0.9862068965517241,2.0
282.45752507105055,327.7458775594071,364,1.773,0.174,29.23,364,0.0,76,2.621,False,28,0.9793103448275862,0.0
367.9975250710506,317.4258775594071,623,1.905,0.351,43.84,623,0.0,76,2.621,True,120,0.9586206896551724,2.0
349.9075250710506,422.2058775594071,501,1.892,0.25,36.02,501,0.0,76,2.621,False,141,0.9103448275862069,0.0
277.0275250710506,269.91587755940714,610,1.832,0.33,48.17,610,0.0,76,2.621,True,148,0.903448275862069,2.0
340.06752507105057,93.12587755940714,623,1.879,0.238,43.43,623,0.0,76,2.621,True,151,0.8275862068965517,1.0
264.9175250710506,310.0158775594071,696,1.881,0.311,48.78,696,0.0,76,2.621,True,152,0.8758620689655172,2.0
257.7775250710506,489.5658775594071,587,1.835,0.233,43.23,587,0.0,76,2.621,True,155,0.8413793103448276,3.0
348.7375250710506,269.54587755940713,445,1.71,0.124,35.4,445,0.0,76,2.621,False,159,0.8551724137931035,0.0
321.33752507105055,135.71587755940715,570,1.772,0.198,45.08,570,0.0,76,2.621,True,164,0.8413793103448276,1.0
334.0975250710506,437.0658775594071,551,1.822,0.173,42.81,551,0.0,76,2.621,True,173,0.7793103448275862,3.0
378.51752507105056,239.56587755940714,333,1.712,0.024,29.64,333,0.0,76,2.621,False,177,0.3931034482758621,0.0
251.8175250710506,98.95587755940714,599,1.801,0.234,46.31,599,0.0,76,2.621,True,187,0.696551724137931,1.0
365.7875250710506,238.80587755940715,383,1.93,0.097,21.2,383,0.0,76,2.621,False,206,0.6344827586206897,0.0
82.54752507105059,300.41587755940714,108,1.832,0.47,8.65,108,0.0,76,2.621,False,220,0.16551724137931034,0.0
396.9675250710506,105.95587755940714,682,1.831,0.124,49.81,682,0.0,76,2.621,True,225,0.5448275862068965,1.0
414.9375250710506,253.75587755940714,332,1.865,0.278,24.08,332,0.0,76,2.621,False,228,0.06206896551724138,0.0
425.06752507105057,132.44587755940714,105,1.758,0.591,10.09,105,0.0,76,2.621,False,229,0.08275862068965517,0.0
355.0475250710506,454.2658775594071,550,1.869,0.225,38.7,550,0.0,76,2.621,False,230,0.503448275862069,0.0
425.8975250710506,60.595877559407135,101,1.836,0.435,9.47,101,0.0,76,2.621,False,231,0.07586206896551724,0.0
415.1875250710506,98.09587755940714,106,1.728,0.521,9.47,106,0.0,76,2.621,False,232,0.06896551724137931,0.0
305.2935856771112,122.62163513516472,747,1.873,0.187,49.24,747,0.0,77,2.655,True,1,1.0,1.0
263.3735856771112,89.46163513516473,604,1.853,0.224,40.9,604,0.0,77,2.655,False,2,1.0,0.0
335.33358567711116,479.70163513516474,691,1.911,0.315,45.91,691,0.0,77,2.655,True,4,1.0,3.0
356.34358567711115,473.5416351351647,752,1.868,0.299,53.21,752,0.0,77,2.655,True,5,1.0,3.0
269.3535856771112,489.0316351351647,622,1.885,0.237,39.85,622,0.0,77,2.655,False,6,0.993103448275862,0.0
284.0435856771112,262.37163513516475,653,1.819,0.308,46.53,653,0.0,77,2.655,True,8,0.5586206896551724,2.0
275.4235856771112,140.4816351351647,585,1.804,0.276,46.11,585,0.0,77,2.655,True,9,1.0,1.0
244.18358567711118,502.5316351351647,443,1.871,0.259,30.88,443,0.0,77,2.655,False,10,1.0,0.0
258.2335856771112,69.23163513516472,675,1.874,0.225,45.7,675,0.0,77,2.655,True,11,1.0,1.0
365.28358567711115,456.27163513516473,530,1.875,0.303,37.14,530,0.0,77,2.655,False,15,0.6275862068965518,0.0
344.14358567711116,58.75163513516471,700,1.839,0.257,49.87,700,0.0,77,2.655,True,16,1.0,1.0
424.82358567711117,251.8216351351647,235,1.629,0.127,24.0,235,0.0,77,2.655,False,19,0.4896551724137931,0.0
331.8035856771112,239.2116351351647,584,1.825,0.144,41.11,584,0.0,77,2.655,False,22,0.9862068965517241,0.0
281.5935856771112,327.5416351351647,395,1.839,0.237,28.38,395,0.0,77,2.655,False,28,0.9793103448275862,0.0
368.32358567711117,317.1516351351647,618,1.881,0.288,43.82,618,0.0,77,2.655,True,120,0.9586206896551724,2.0
349.2435856771112,421.9616351351647,501,1.892,0.25,36.1,501,0.0,77,2.655,False,141,0.9103448275862069,0.0
278.1935856771112,269.38163513516474,609,1.854,0.296,45.7,609,0.0,77,2.655,True,148,0.903448275862069,2.0
339.4435856771112,92.99163513516473,618,1.864,0.218,43.19,618,0.0,77,2.655,True,151,0.8275862068965517,1.0
264.2535856771112,309.77163513516473,696,1.881,0.311,48.83,696,0.0,77,2.655,True,152,0.8758620689655172,2.0
257.4035856771112,489.4616351351647,618,1.766,0.264,47.58,618,0.0,77,2.655,True,155,0.8413793103448276,3.0
344.01358567711117,274.07163513516474,381,1.716,0.035,32.76,381,0.0,77,2.655,False,159,0.8551724137931035,0.0
319.8035856771112,135.00163513516472,454,1.773,0.2,38.6,454,0.0,77,2.655,False,164,0.8413793103448276,0.0
333.4435856771112,436.81163513516475,554,1.824,0.176,42.78,554,0.0,77,2.655,True,173,0.7793103448275862,3.0
379.1735856771112,239.1216351351647,313,1.743,0.051,25.04,313,0.0,77,2.655,False,177,0.3931034482758621,0.0
251.87358567711118,99.32163513516473,524,1.814,0.223,40.48,524,0.0,77,2.655,False,187,0.696551724137931,0.0
365.6735856771112,237.94163513516472,314,1.893,0.204,22.74,314,0.0,77,2.655,False,206,0.6344827586206897,0.0
83.88358567711118,300.17163513516476,108,1.833,0.472,8.76,108,0.0,77,2.655,False,220,0.16551724137931034,0.0
397.08358567711116,105.68163513516473,676,1.817,0.12,49.24,676,0.0,77,2.655,True,225,0.5448275862068965,1.0
414.26358567711117,254.13163513516471,483,1.801,0.1,37.14,483,0.0,77,2.655,False,228,0.06206896551724138,0.0
426.39358567711116,132.2116351351647,105,1.759,0.591,10.02,105,0.0,77,2.655,False,229,0.08275862068965517,0.0
354.3035856771112,453.8516351351647,629,1.883,0.251,44.03,629,0.0,77,2.655,True,230,0.503448275862069,3.0
427.2335856771112,60.35163513516471,101,1.833,0.435,9.6,101,0.0,77,2.655,False,231,0.07586206896551724,0.0
416.96358567711115,99.35163513516473,104,1.852,0.715,10.64,104,0.0,77,2.655,False,232,0.06896551724137931,0.0
409.5635856771112,262.0316351351647,109,1.493,0.043,13.56,109,0.0,77,2.655,False,233,0.4482758620689655,0.0
306.27176749529303,122.53587755940714,747,1.873,0.187,49.27,747,0.0,78,2.69,True,1,1.0,1.0
263.311767495293,88.81587755940714,561,1.883,0.186,36.95,561,0.0,78,2.69,False,2,1.0,0.0
335.351767495293,479.4458775594071,672,1.884,0.328,47.6,672,0.0,78,2.69,True,4,1.0,3.0
356.421767495293,473.4258775594071,713,1.848,0.285,53.23,713,0.0,78,2.69,True,5,1.0,3.0
269.38176749529305,488.0758775594071,615,1.888,0.239,37.99,615,0.0,78,2.69,False,6,0.993103448275862,0.0
284.241767495293,264.71587755940715,505,1.824,0.373,38.2,505,0.0,78,2.69,False,8,0.5586206896551724,0.0
275.701767495293,140.45587755940716,534,1.725,0.198,47.18,534,0.0,78,2.69,True,9,1.0,1.0
245.16176749529302,502.4458775594071,443,1.871,0.259,30.9,443,0.0,78,2.69,False,10,1.0,0.0
257.241767495293,69.65587755940714,627,1.885,0.212,42.17,627,0.0,78,2.69,True,11,1.0,1.0
364.27176749529303,456.1858775594071,532,1.875,0.303,37.37,532,0.0,78,2.69,False,15,0.6275862068965518,0.0
344.191767495293,58.415877559407136,689,1.827,0.258,51.77,689,0.0,78,2.69,True,16,1.0,1.0
330.671767495293,239.02587755940715,605,1.845,0.098,40.92,605,0.0,78,2.69,False,22,0.9862068965517241,0.0
282.571767495293,327.4558775594071,395,1.839,0.238,28.39,395,0.0,78,2.69,False,28,0.9793103448275862,0.0
367.231767495293,317.6758775594071,738,1.858,0.193,50.52,738,0.0,78,2.69,True,120,0.9586206896551724,2.0
348.341767495293,421.8958775594071,495,1.886,0.261,35.49,495,0.0,78,2.69,False,141,0.9103448275862069,0.0
275.421767495293,268.16587755940714,614,1.848,0.256,44.05,614,0.0,78,2.69,True,148,0.903448275862069,2.0
340.391767495293,92.96587755940713,569,1.901,0.226,38.62,569,0.0,78,2.69,False,151,0.8275862068965517,0.0
264.14176749529304,310.65587755940714,669,1.859,0.308,48.64,669,0.0,78,2.69,True,152,0.8758620689655172,2.0
257.63176749529305,489.53587755940714,584,1.793,0.268,44.26,584,0.0,78,2.69,True,155,0.8413793103448276,3.0
344.46176749529303,274.03587755940714,460,1.812,0.171,32.98,460,0.0,78,2.69,False,159,0.8551724137931035,0.0
318.76176749529304,134.89587755940715,451,1.765,0.189,38.83,451,0.0,78,2.69,False,164,0.8413793103448276,0.0
333.281767495293,437.2558775594071,537,1.828,0.21,39.04,537,0.0,78,2.69,False,173,0.7793103448275862,0.0
380.15176749529303,239.03587755940714,313,1.744,0.051,25.05,313,0.0,78,2.69,False,177,0.3931034482758621,0.0
250.991767495293,100.58587755940714,479,1.771,0.242,37.79,479,0.0,78,2.69,False,187,0.696551724137931,0.0
366.65176749529303,237.85587755940716,314,1.893,0.204,22.75,314,0.0,78,2.69,False,206,0.6344827586206897,0.0
84.86176749529301,300.08587755940715,108,1.833,0.472,8.77,108,0.0,78,2.69,False,220,0.16551724137931034,0.0
395.261767495293,105.59587755940714,701,1.85,0.139,48.43,701,0.0,78,2.69,True,225,0.5448275862068965,1.0
415.141767495293,254.00587755940714,608,1.77,0.075,48.85,608,0.0,78,2.69,True,228,0.06206896551724138,2.0
427.371767495293,132.12587755940714,105,1.759,0.591,10.02,105,0.0,78,2.69,False,229,0.08275862068965517,0.0
353.381767495293,453.77587755940715,615,1.865,0.228,44.26,615,0.0,78,2.69,True,230,0.503448275862069,3.0
428.21176749529303,60.26587755940714,101,1.833,0.435,9.6,101,0.0,78,2.69,False,231,0.07586206896551724,0.0
417.941767495293,99.32587755940713,107,1.864,0.716,10.65,107,0.0,78,2.69,False,232,0.06896551724137931,0.0
410.511767495293,261.1258775594071,116,1.399,0.094,15.03,116,0.0,78,2.69,False,233,0.4482758620689655,0.0
354.171767495293,56.665877559407136,129,1.651,0.084,11.9,129,0.0,78,2.69,False,234,0.06896551724137931,0.0
307.29904022256574,122.4395139230435,747,1.872,0.187,49.44,747,0.0,79,2.724,True,1,1.0,1.0
260.8190402225657,87.66951392304351,499,1.779,0.16,38.47,499,0.0,79,2.724,False,2,1.0,0.0
336.3590402225657,479.36951392304354,671,1.878,0.329,48.15,671,0.0,79,2.724,True,4,1.0,3.0
355.39904022256576,473.9195139230435,668,1.854,0.246,48.36,668,0.0,79,2.724,True,5,1.0,3.0
269.48904022256573,487.36951392304354,691,1.867,0.175,45.57,691,0.0,79,2.724,True,6,0.993103448275862,3.0
284.3790402225658,265.3495139230435,572,1.811,0.307,41.05,572,0.0,79,2.724,False,8,0.5586206896551724,0.0
274.7090402225657,140.09951392304353,493,1.754,0.253,41.48,493,0.0,79,2.724,False,9,1.0,0.0
244.44904022256574,503.3895139230435,445,1.759,0.167,34.82,445,0.0,79,2.724,False,10,1.0,0.0
256.3090402225657,70.1595139230435,604,1.896,0.262,39.12,604,0.0,79,2.724,False,11,1.0,0.0
363.3390402225657,456.5895139230435,509,1.913,0.286,33.75,509,0.0,79,2.724,False,15,0.6275862068965518,0.0
344.38904022256577,58.439513923043506,708,1.826,0.237,52.88,708,0.0,79,2.724,True,16,1.0,1.0
330.78904022256575,238.4995139230435,562,1.803,0.132,42.34,562,0.0,79,2.724,True,22,0.9862068965517241,2.0
282.2190402225657,327.1495139230435,386,1.888,0.305,26.44,386,0.0,79,2.724,False,28,0.9793103448275862,0.0
367.3390402225657,318.0995139230435,689,1.831,0.207,48.58,689,0.0,79,2.724,True,120,0.9586206896551724,2.0
348.26904022256576,421.7695139230435,494,1.894,0.249,35.25,494,0.0,79,2.724,False,141,0.9103448275862069,0.0
275.3390402225657,267.49951392304354,735,1.814,0.168,54.81,735,0.0,79,2.724,True,148,0.903448275862069,2.0
340.41904022256574,92.8695139230435,570,1.901,0.227,38.47,570,0.0,79,2.724,False,151,0.8275862068965517,0.0
260.7090402225657,311.2195139230435,593,1.743,0.238,49.44,593,0.0,79,2.724,True,152,0.8758620689655172,2.0
258.61904022256573,489.5295139230435,548,1.778,0.26,42.99,548,0.0,79,2.724,True,155,0.8413793103448276,3.0
345.4890402225658,273.9595139230435,450,1.808,0.17,32.89,450,0.0,79,2.724,False,159,0.8551724137931035,0.0
318.65904022256575,134.94951392304353,499,1.816,0.23,37.83,499,0.0,79,2.724,False,164,0.8413793103448276,0.0
333.3090402225657,437.1595139230435,538,1.825,0.211,39.33,538,0.0,79,2.724,False,173,0.7793103448275862,0.0
381.0090402225658,239.1595139230435,285,1.735,0.162,23.21,285,0.0,79,2.724,False,177,0.3931034482758621,0.0
250.14904022256573,102.27951392304351,493,1.834,0.253,35.04,493,0.0,79,2.724,False,187,0.696551724137931,0.0
367.64904022256576,237.7795139230435,318,1.875,0.19,23.21,318,0.0,79,2.724,False,206,0.6344827586206897,0.0
85.89904022256573,299.2095139230435,118,1.903,0.509,8.6,118,0.0,79,2.724,False,220,0.16551724137931034,0.0
396.1290402225658,104.9895139230435,623,1.856,0.152,43.42,623,0.0,79,2.724,True,225,0.5448275862068965,1.0
415.9990402225658,254.4095139230435,588,1.729,0.084,47.72,588,0.0,79,2.724,True,228,0.06206896551724138,2.0
428.40904022256575,132.03951392304353,105,1.76,0.592,10.1,105,0.0,79,2.724,False,229,0.08275862068965517,0.0
352.26904022256576,453.7295139230435,615,1.873,0.21,44.06,615,0.0,79,2.724,True,230,0.503448275862069,3.0
429.2390402225658,60.1695139230435,102,1.834,0.434,9.46,102,0.0,79,2.724,False,231,0.07586206896551724,0.0
418.9690402225657,99.21951392304351,107,1.863,0.716,10.53,107,0.0,79,2.724,False,232,0.06896551724137931,0.0
354.77904022256575,56.57951392304351,128,1.699,0.099,11.82,128,0.0,79,2.724,False,234,0.06896551724137931,0.0
288.29904022256574,277.0995139230435,101,1.525,0.212,10.75,101,0.0,79,2.724,False,235,0.45517241379310347,0.0
308.68727551668337,122.21157274657293,748,1.873,0.188,49.26,748,0.0,80,2.759,True,1,1.0,1.0
260.8972755166834,87.52157274657293,545,1.81,0.115,39.62,545,0.0,80,2.759,False,2,1.0,0.0
340.4972755166834,480.01157274657294,610,1.825,0.326,48.38,610,0.0,80,2.759,True,4,1.0,3.0
354.6672755166834,473.8015727465729,734,1.841,0.268,55.6,734,0.0,80,2.759,True,5,1.0,3.0
269.7472755166834,486.8515727465729,651,1.874,0.166,42.25,651,0.0,80,2.759,True,6,0.993103448275862,3.0
285.38727551668336,267.3115727465729,360,1.729,0.273,28.9,360,0.0,80,2.759,False,8,0.5586206896551724,0.0
275.9072755166834,139.8315727465729,515,1.816,0.277,38.97,515,0.0,80,2.759,False,9,1.0,0.0
245.0972755166834,503.9915727465729,382,1.67,0.107,35.24,382,0.0,80,2.759,False,10,1.0,0.0
256.6672755166834,70.20157274657292,573,1.888,0.243,37.43,573,0.0,80,2.759,False,11,1.0,0.0
361.7072755166834,456.8815727465729,569,1.869,0.183,38.53,569,0.0,80,2.759,False,15,0.6275862068965518,0.0
342.1672755166834,60.021572746572915,666,1.797,0.195,50.57,666,0.0,80,2.759,True,16,1.0,1.0
334.6672755166834,237.9315727465729,670,1.937,0.204,39.84,670,0.0,80,2.759,False,22,0.9862068965517241,0.0
282.6172755166834,326.9215727465729,386,1.886,0.304,26.49,386,0.0,80,2.759,False,28,0.9793103448275862,0.0
366.7172755166834,319.0315727465729,674,1.856,0.237,45.53,674,0.0,80,2.759,True,120,0.9586206896551724,2.0
346.8172755166834,421.9315727465729,450,1.835,0.315,33.93,450,0.0,80,2.759,False,141,0.9103448275862069,0.0
273.9272755166834,267.9115727465729,652,1.815,0.223,49.47,652,0.0,80,2.759,True,148,0.903448275862069,2.0
340.8372755166834,92.89157274657292,554,1.876,0.311,40.94,554,0.0,80,2.759,False,151,0.8275862068965517,0.0
258.9672755166834,310.8415727465729,555,1.769,0.22,45.53,555,0.0,80,2.759,True,152,0.8758620689655172,2.0
258.7372755166834,488.8115727465729,558,1.813,0.273,40.28,558,0.0,80,2.759,False,155,0.8413793103448276,0.0
346.8472755166834,273.1615727465729,490,1.832,0.211,33.27,490,0.0,80,2.759,False,159,0.8551724137931035,0.0
318.0372755166834,134.1815727465729,480,1.81,0.245,37.0,480,0.0,80,2.759,False,164,0.8413793103448276,0.0
331.7272755166834,437.02157274657293,585,1.871,0.301,41.81,585,0.0,80,2.759,False,173,0.7793103448275862,0.0
382.3972755166834,238.9315727465729,285,1.736,0.164,23.2,285,0.0,80,2.759,False,177,0.3931034482758621,0.0
248.73727551668338,104.21157274657293,500,1.88,0.265,33.27,500,0.0,80,2.759,False,187,0.696551724137931,0.0
369.0472755166834,237.5415727465729,317,1.874,0.19,23.2,317,0.0,80,2.759,False,206,0.6344827586206897,0.0
87.27727551668339,299.76157274657294,108,1.83,0.468,8.76,108,0.0,80,2.759,False,220,0.16551724137931034,0.0
395.5372755166834,105.21157274657293,605,1.871,0.153,40.94,605,0.0,80,2.759,False,225,0.5448275862068965,0.0
413.2672755166834,254.3215727465729,512,1.754,0.091,42.03,512,0.0,80,2.759,False,228,0.06206896551724138,0.0
429.7972755166834,131.8015727465729,105,1.757,0.59,10.07,105,0.0,80,2.759,False,229,0.08275862068965517,0.0
350.7372755166834,453.0715727465729,600,1.854,0.266,43.56,600,0.0,80,2.759,True,230,0.503448275862069,3.0
429.8072755166834,59.93157274657292,100,1.8,0.411,9.63,100,0.0,80,2.759,False,231,0.07586206896551724,0.0
420.3572755166834,99.00157274657292,107,1.866,0.716,10.51,107,0.0,80,2.759,False,232,0.06896551724137931,0.0
356.4872755166834,56.411572746572915,146,1.718,0.102,12.48,146,0.0,80,2.759,False,234,0.06896551724137931,0.0
282.1172755166834,274.6915727465729,386,1.579,0.275,41.16,386,0.0,80,2.759,False,235,0.45517241379310347,0.0
309.61303309244096,122.19430001930019,748,1.873,0.188,49.42,748,0.0,81,2.793,True,1,1.0,1.0
259.82303309244094,87.50430001930019,545,1.812,0.115,39.5,545,0.0,81,2.793,False,2,1.0,0.0
341.43303309244095,479.9943000193002,610,1.825,0.327,48.43,610,0.0,81,2.793,True,4,1.0,3.0
355.4730330924409,474.1443000193002,600,1.817,0.276,47.04,600,0.0,81,2.793,True,5,1.0,3.0
268.653033092441,486.1343000193002,641,1.883,0.168,40.29,641,0.0,81,2.793,False,6,0.993103448275862,0.0
276.0930330924409,140.2243000193002,483,1.731,0.177,42.87,483,0.0,81,2.793,True,9,1.0,1.0
246.02303309244095,503.9743000193002,382,1.671,0.108,35.33,382,0.0,81,2.793,False,10,1.0,0.0
256.69303309244094,70.16430001930019,575,1.877,0.236,37.32,575,0.0,81,2.793,False,11,1.0,0.0
360.643033092441,456.8543000193002,564,1.864,0.181,38.51,564,0.0,81,2.793,False,15,0.6275862068965518,0.0
344.41303309244097,59.08430001930019,699,1.861,0.3,48.63,699,0.0,81,2.793,True,16,1.0,1.0
334.6030330924409,237.91430001930019,671,1.935,0.198,40.1,671,0.0,81,2.793,False,22,0.9862068965517241,0.0
279.99303309244095,326.1843000193002,401,1.834,0.195,29.18,401,0.0,81,2.793,False,28,0.9793103448275862,0.0
366.623033092441,319.3043000193002,613,1.849,0.272,44.86,613,0.0,81,2.793,True,120,0.9586206896551724,2.0
345.643033092441,421.8843000193002,453,1.845,0.311,33.74,453,0.0,81,2.793,False,141,0.9103448275862069,0.0
272.68303309244095,267.9443000193002,679,1.823,0.248,50.22,679,0.0,81,2.793,True,148,0.903448275862069,2.0
338.7130330924409,93.86430001930019,558,1.871,0.316,40.89,558,0.0,81,2.793,False,151,0.8275862068965517,0.0
257.16303309244097,310.8443000193002,502,1.724,0.181,45.65,502,0.0,81,2.793,True,152,0.8758620689655172,2.0
257.883033092441,488.9543000193002,570,1.741,0.268,48.63,570,0.0,81,2.793,True,155,0.8413793103448276,3.0
347.57303309244094,273.5643000193002,443,1.84,0.178,31.36,443,0.0,81,2.793,False,159,0.8551724137931035,0.0
317.20303309244093,134.1443000193002,429,1.768,0.214,35.93,429,0.0,81,2.793,False,164,0.8413793103448276,0.0
330.68303309244095,437.0543000193002,583,1.896,0.34,40.49,583,0.0,81,2.793,False,173,0.7793103448275862,0.0
383.32303309244094,238.91430001930019,285,1.736,0.162,23.22,285,0.0,81,2.793,False,177,0.3931034482758621,0.0
247.75303309244097,104.17430001930019,474,1.862,0.261,33.15,474,0.0,81,2.793,False,187,0.696551724137931,0.0
369.9630330924409,237.5343000193002,317,1.874,0.191,23.22,317,0.0,81,2.793,False,206,0.6344827586206897,0.0
88.21303309244095,299.7443000193002,108,1.83,0.469,8.73,108,0.0,81,2.793,False,220,0.16551724137931034,0.0
394.533033092441,105.44430001930019,631,1.911,0.131,39.1,631,0.0,81,2.793,False,225,0.5448275862068965,0.0
418.2130330924409,254.2543000193002,454,1.776,0.127,35.53,454,0.0,81,2.793,False,228,0.06206896551724138,0.0
430.7230330924409,131.7843000193002,105,1.757,0.592,10.12,105,0.0,81,2.793,False,229,0.08275862068965517,0.0
348.773033092441,453.0343000193002,581,1.841,0.268,43.07,581,0.0,81,2.793,True,230,0.503448275862069,3.0
431.55303309244096,59.92430001930018,102,1.835,0.437,9.53,102,0.0,81,2.793,False,231,0.07586206896551724,0.0
421.283033092441,98.97430001930019,107,1.866,0.716,10.52,107,0.0,81,2.793,False,232,0.06896551724137931,0.0
356.68303309244095,56.374300019300186,162,1.757,0.089,13.5,162,0.0,81,2.793,False,234,0.06896551724137931,0.0
282.87303309244095,274.7643000193002,543,1.692,0.375,50.42,543,0.0,81,2.793,True,235,0.45517241379310347,2.0
311.0342452136531,122.19945153445171,747,1.873,0.188,49.24,747,0.0,82,2.828,True,1,1.0,1.0
264.63424521365306,87.38945153445171,505,1.801,0.104,38.97,505,0.0,82,2.828,False,2,1.0,0.0
340.12424521365307,479.1094515344517,685,1.88,0.324,49.03,685,0.0,82,2.828,True,4,1.0,3.0
354.96424521365304,474.7294515344517,665,1.834,0.293,51.54,665,0.0,82,2.828,True,5,1.0,3.0
268.19424521365306,486.06945153445173,632,1.899,0.196,39.81,632,0.0,82,2.828,False,6,0.993103448275862,0.0
276.31424521365307,140.2894515344517,517,1.796,0.217,41.28,517,0.0,82,2.828,False,9,1.0,0.0
247.18424521365307,504.06945153445173,389,1.792,0.205,31.01,389,0.0,82,2.828,False,10,1.0,0.0
256.9642452136531,70.94945153445171,550,1.883,0.269,36.04,550,0.0,82,2.828,False,11,1.0,0.0
359.1742452136531,456.87945153445173,550,1.836,0.13,39.18,550,0.0,82,2.828,False,15,0.6275862068965518,0.0
343.96424521365304,60.0994515344517,724,1.876,0.271,47.77,724,0.0,82,2.828,True,16,1.0,1.0
335.0342452136531,237.9194515344517,669,1.931,0.192,40.44,669,0.0,82,2.828,False,22,0.9862068965517241,0.0
280.4142452136531,325.8094515344517,476,1.788,0.192,36.46,476,0.0,82,2.828,False,28,0.9793103448275862,0.0
366.8042452136531,319.1394515344517,594,1.826,0.252,44.63,594,0.0,82,2.828,True,120,0.9586206896551724,2.0
346.0342452136531,421.9094515344517,542,1.83,0.35,42.12,542,0.0,82,2.828,False,141,0.9103448275862069,0.0
274.8042452136531,267.0594515344517,719,1.796,0.23,53.22,719,0.0,82,2.828,True,148,0.903448275862069,2.0
338.1742452136531,93.88945153445171,551,1.874,0.316,40.23,551,0.0,82,2.828,False,151,0.8275862068965517,0.0
257.38424521365306,312.3094515344517,508,1.792,0.216,39.6,508,0.0,82,2.828,False,152,0.8758620689655172,0.0
258.87424521365307,488.0894515344517,635,1.759,0.246,52.8,635,0.0,82,2.828,True,155,0.8413793103448276,3.0
349.00424521365306,272.8994515344517,495,1.854,0.236,32.69,495,0.0,82,2.828,False,159,0.8551724137931035,0.0
316.62424521365307,134.1494515344517,429,1.768,0.214,35.83,429,0.0,82,2.828,False,164,0.8413793103448276,0.0
331.0842452136531,437.0594515344517,584,1.895,0.336,40.86,584,0.0,82,2.828,False,173,0.7793103448275862,0.0
379.1642452136531,241.1194515344517,197,1.725,0.33,20.74,197,0.0,82,2.828,False,177,0.3931034482758621,0.0
243.0842452136531,107.92945153445172,463,1.831,0.242,33.73,463,0.0,82,2.828,False,187,0.696551724137931,0.0
371.8642452136531,237.5594515344517,321,1.844,0.042,23.68,321,0.0,82,2.828,False,206,0.6344827586206897,0.0
89.62424521365308,299.74945153445174,109,1.833,0.472,8.8,109,0.0,82,2.828,False,220,0.16551724137931034,0.0
394.96424521365304,105.44945153445171,628,1.904,0.127,39.18,628,0.0,82,2.828,False,225,0.5448275862068965,0.0
407.2442452136531,247.5594515344517,112,1.475,0.09,14.25,112,0.0,82,2.828,False,228,0.06206896551724138,0.0
432.13424521365306,131.7894515344517,105,1.759,0.591,10.06,105,0.0,82,2.828,False,229,0.08275862068965517,0.0
349.07424521365306,453.49945153445174,554,1.901,0.204,36.88,554,0.0,82,2.828,False,230,0.503448275862069,0.0
432.15424521365304,59.909451534451705,100,1.799,0.41,9.64,100,0.0,82,2.828,False,231,0.07586206896551724,0.0
422.70424521365305,98.97945153445171,107,1.862,0.717,10.69,107,0.0,82,2.828,False,232,0.06896551724137931,0.0
415.07424521365306,254.1494515344517,649,1.847,0.11,44.42,649,0.0,82,2.828,True,233,0.4482758620689655,2.0
359.00424521365306,56.4594515344517,126,1.647,0.151,12.36,126,0.0,82,2.828,False,234,0.06896551724137931,0.0
283.70424521365305,274.8294515344517,595,1.818,0.361,46.94,595,0.0,82,2.828,True,235,0.45517241379310347,2.0
312.5161202136531,121.9250765344517,747,1.872,0.188,49.45,747,0.0,83,2.862,True,1,1.0,1.0
258.85612021365307,85.7850765344517,528,1.819,0.15,37.62,528,0.0,83,2.862,False,2,1.0,0.0
341.56612021365305,478.8550765344517,674,1.872,0.329,49.06,674,0.0,83,2.862,True,4,1.0,3.0
355.38612021365304,474.8050765344517,617,1.836,0.301,46.35,617,0.0,83,2.862,True,5,1.0,3.0
275.6461202136531,140.7750765344517,510,1.766,0.33,42.86,510,0.0,83,2.862,True,9,1.0,1.0
245.8361202136531,505.6450765344517,329,1.78,0.22,26.18,329,0.0,83,2.862,False,10,1.0,0.0
253.7561202136531,72.5550765344517,442,1.843,0.285,33.74,442,0.0,83,2.862,False,11,1.0,0.0
357.6561202136531,456.6050765344517,550,1.835,0.13,39.17,550,0.0,83,2.862,False,15,0.6275862068965518,0.0
345.29612021365307,59.705076534451706,658,1.869,0.282,45.38,658,0.0,83,2.862,True,16,1.0,1.0
331.7161202136531,237.8150765344517,614,1.907,0.114,36.65,614,0.0,83,2.862,False,22,0.9862068965517241,0.0
281.48612021365307,325.71507653445167,471,1.865,0.3,33.74,471,0.0,83,2.862,False,28,0.9793103448275862,0.0
365.57612021365304,319.8250765344517,633,1.842,0.254,45.96,633,0.0,83,2.862,True,120,0.9586206896551724,2.0
345.81612021365305,421.6450765344517,514,1.719,0.256,44.99,514,0.0,83,2.862,True,141,0.9103448275862069,3.0
275.0061202136531,265.3850765344517,605,1.779,0.193,48.67,605,0.0,83,2.862,True,148,0.903448275862069,2.0
341.3361202136531,93.8650765344517,592,1.848,0.167,40.72,592,0.0,83,2.862,False,151,0.8275862068965517,0.0
256.10612021365307,312.5650765344517,438,1.761,0.174,36.46,438,0.0,83,2.862,False,152,0.8758620689655172,0.0
258.6361202136531,487.3850765344517,563,1.792,0.193,46.54,563,0.0,83,2.862,True,155,0.8413793103448276,3.0
350.48612021365307,272.6250765344517,496,1.853,0.234,32.77,496,0.0,83,2.862,False,159,0.8551724137931035,0.0
316.9061202136531,133.92507653445168,468,1.821,0.253,35.49,468,0.0,83,2.862,False,164,0.8413793103448276,0.0
326.85612021365307,437.6450765344517,434,1.71,0.22,38.59,434,0.0,83,2.862,False,173,0.7793103448275862,0.0
380.6461202136531,240.76507653445168,231,1.745,0.35,23.66,231,0.0,83,2.862,False,177,0.3931034482758621,0.0
248.3161202136531,106.8950765344517,478,1.842,0.164,32.58,478,0.0,83,2.862,False,187,0.696551724137931,0.0
373.2061202136531,237.3350765344517,314,1.811,0.033,25.02,314,0.0,83,2.862,False,206,0.6344827586206897,0.0
91.11612021365309,299.4850765344517,108,1.831,0.472,8.73,108,0.0,83,2.862,False,220,0.16551724137931034,0.0
394.44612021365305,105.7250765344517,613,1.876,0.142,39.37,613,0.0,83,2.862,False,225,0.5448275862068965,0.0
433.62612021365305,131.51507653445168,105,1.76,0.593,10.08,105,0.0,83,2.862,False,229,0.08275862068965517,0.0
347.56612021365305,453.5650765344517,633,1.935,0.223,37.62,633,0.0,83,2.862,False,230,0.503448275862069,0.0
434.4561202136531,59.6550765344517,102,1.836,0.436,9.5,102,0.0,83,2.862,False,231,0.07586206896551724,0.0
424.18612021365306,98.7050765344517,107,1.866,0.718,10.67,107,0.0,83,2.862,False,232,0.06896551724137931,0.0
413.62612021365305,255.0650765344517,631,1.848,0.223,46.35,631,0.0,83,2.862,True,233,0.4482758620689655,2.0
360.0161202136531,56.175076534451705,129,1.726,0.137,12.02,129,0.0,83,2.862,False,234,0.06896551724137931,0.0
283.49612021365306,277.4350765344517,544,1.79,0.333,42.47,544,0.0,83,2.862,True,235,0.45517241379310347,2.0
313.13537947291235,121.84915060852578,760,1.885,0.188,49.88,760,0.0,84,2.897,True,1,1.0,1.0
262.81537947291235,86.10915060852577,564,1.842,0.102,41.68,564,0.0,84,2.897,False,2,1.0,0.0
343.0553794729123,478.6291506085258,649,1.893,0.377,47.77,649,0.0,84,2.897,True,4,1.0,3.0
353.88537947291235,474.9091506085258,695,1.819,0.31,56.44,695,0.0,84,2.897,True,5,1.0,3.0
267.01537947291234,483.4691506085258,763,1.883,0.319,52.46,763,0.0,84,2.897,True,6,0.993103448275862,3.0
279.0053794729123,139.7091506085258,589,1.848,0.266,43.79,589,0.0,84,2.897,True,9,1.0,1.0
246.99537947291233,505.3191506085258,595,1.822,0.25,43.32,595,0.0,84,2.897,True,10,1.0,3.0
254.98537947291234,72.77915060852577,687,1.823,0.244,49.88,687,0.0,84,2.897,True,11,1.0,1.0
357.02537947291233,456.19915060852577,613,1.857,0.223,43.79,613,0.0,84,2.897,True,15,0.6275862068965518,3.0
343.13537947291235,60.79915060852578,669,1.853,0.26,47.77,669,0.0,84,2.897,True,16,1.0,1.0
331.15537947291233,237.6991506085258,655,1.844,0.151,46.83,655,0.0,84,2.897,True,22,0.9862068965517241,2.0
279.2253794729123,324.7991506085258,498,1.775,0.313,42.85,498,0.0,84,2.897,True,28,0.9793103448275862,2.0
366.70537947291234,320.2291506085258,583,1.761,0.14,48.71,583,0.0,84,2.897,True,120,0.9586206896551724,2.0
345.0353794729123,422.3591506085258,634,1.88,0.274,44.02,634,0.0,84,2.897,True,141,0.9103448275862069,3.0
269.20537947291234,263.95915060852576,562,1.841,0.249,43.09,562,0.0,84,2.897,True,148,0.903448275862069,2.0
336.06537947291235,93.73915060852578,539,1.888,0.193,35.59,539,0.0,84,2.897,False,151,0.8275862068965517,0.0
257.8753794729123,311.9291506085258,727,1.8,0.232,57.14,727,0.0,84,2.897,True,152,0.8758620689655172,2.0
256.08537947291234,487.5291506085258,721,1.799,0.375,59.71,721,0.0,84,2.897,True,155,0.8413793103448276,3.0
351.8553794729123,272.64915060852576,603,1.822,0.245,40.75,603,0.0,84,2.897,False,159,0.8551724137931035,0.0
320.95537947291234,134.55915060852578,648,1.919,0.278,40.51,648,0.0,84,2.897,False,164,0.8413793103448276,0.0
329.94537947291235,437.3491506085258,670,1.869,0.28,47.77,670,0.0,84,2.897,True,173,0.7793103448275862,3.0
382.89537947291234,240.2391506085258,239,1.803,0.2,20.61,239,0.0,84,2.897,False,177,0.3931034482758621,0.0
246.81537947291233,108.45915060852577,650,1.831,0.181,46.6,650,0.0,84,2.897,True,187,0.696551724137931,1.0
374.8453794729123,237.6091506085258,321,1.811,0.227,26.46,321,0.0,84,2.897,False,206,0.6344827586206897,0.0
390.20537947291234,105.57915060852577,697,1.853,0.314,51.05,697,0.0,84,2.897,True,225,0.5448275862068965,1.0
346.13537947291235,453.76915060852576,641,1.865,0.218,44.73,641,0.0,84,2.897,True,230,0.503448275862069,3.0
414.46537947291233,254.49915060852578,598,1.711,0.025,52.46,598,0.0,84,2.897,False,233,0.4482758620689655,0.0
284.2353794729123,278.57915060852577,726,1.891,0.395,48.94,726,0.0,84,2.897,True,235,0.45517241379310347,2.0
100.56537947291233,259.3591506085258,106,1.828,0.479,8.66,106,0.0,84,2.897,False,238,0.08275862068965517,0.0
101.88537947291233,729.6391506085257,110,1.871,0.672,9.84,110,0.0,84,2.897,False,239,0.06896551724137931,0.0
420.56537947291235,387.3691506085258,103,1.822,0.484,8.43,103,0.0,84,2.897,False,242,0.08275862068965517,0.0
314.246046139579,121.79415060852578,761,1.886,0.187,49.83,761,0.0,85,2.931,True,1,1.0,1.0
262.976046139579,86.06415060852578,587,1.844,0.09,42.58,587,0.0,85,2.931,True,2,1.0,1.0
344.07604613957903,478.65415060852575,673,1.892,0.361,48.92,673,0.0,85,2.931,True,4,1.0,3.0
354.136046139579,474.89415060852576,743,1.845,0.319,57.53,743,0.0,85,2.931,True,5,1.0,3.0
266.18604613957905,482.5441506085258,724,1.877,0.284,49.83,724,0.0,85,2.931,True,6,0.993103448275862,3.0
278.166046139579,140.18415060852578,575,1.872,0.283,40.99,575,0.0,85,2.931,False,9,1.0,0.0
248.21604613957902,504.89415060852576,591,1.847,0.255,42.12,591,0.0,85,2.931,False,10,1.0,0.0
254.896046139579,72.60415060852579,668,1.845,0.238,47.33,668,0.0,85,2.931,True,11,1.0,1.0
356.30604613957905,456.15415060852575,598,1.857,0.222,42.8,598,0.0,85,2.931,True,15,0.6275862068965518,3.0
342.226046139579,61.31415060852578,701,1.848,0.183,47.33,701,0.0,85,2.931,True,16,1.0,1.0
331.64604613957897,237.04415060852577,527,1.807,0.052,41.67,527,0.0,85,2.931,False,22,0.9862068965517241,0.0
279.20604613957903,324.32415060852577,483,1.822,0.29,38.27,483,0.0,85,2.931,False,28,0.9793103448275862,0.0
364.266046139579,321.2841506085258,594,1.849,0.216,45.75,594,0.0,85,2.931,True,120,0.9586206896551724,2.0
344.15604613957896,422.2841506085258,599,1.866,0.268,43.03,599,0.0,85,2.931,True,141,0.9103448275862069,3.0
268.636046139579,264.45415060852577,488,1.749,0.198,40.77,488,0.0,85,2.931,False,148,0.903448275862069,0.0
341.996046139579,93.78415060852578,496,1.835,0.181,35.56,496,0.0,85,2.931,False,151,0.8275862068965517,0.0
256.14604613957897,312.3841506085258,682,1.794,0.254,53.9,682,0.0,85,2.931,True,152,0.8758620689655172,2.0
255.296046139579,486.83415060852576,665,1.83,0.317,53.68,665,0.0,85,2.931,True,155,0.8413793103448276,3.0
352.976046139579,272.5541506085258,603,1.848,0.259,39.41,603,0.0,85,2.931,False,159,0.8551724137931035,0.0
320.14604613957897,134.4241506085258,652,1.935,0.281,39.63,652,0.0,85,2.931,False,164,0.8413793103448276,0.0
330.126046139579,436.8141506085258,629,1.861,0.261,45.07,629,0.0,85,2.931,True,173,0.7793103448275862,3.0
384.03604613957896,240.8941506085258,315,1.765,0.269,27.18,315,0.0,85,2.931,False,177,0.3931034482758621,0.0
245.286046139579,108.88415060852577,619,1.849,0.208,42.8,619,0.0,85,2.931,True,187,0.696551724137931,1.0
388.42604613957906,105.55415060852577,656,1.826,0.311,51.18,656,0.0,85,2.931,True,225,0.5448275862068965,1.0
346.246046139579,453.71415060852576,642,1.866,0.219,44.62,642,0.0,85,2.931,True,230,0.503448275862069,3.0
411.496046139579,255.00415060852578,619,1.766,0.141,54.13,619,0.0,85,2.931,True,233,0.4482758620689655,2.0
285.166046139579,278.5041506085258,727,1.905,0.394,45.52,727,0.0,85,2.931,True,235,0.45517241379310347,2.0
101.686046139579,259.3141506085258,106,1.828,0.48,8.61,106,0.0,85,2.931,False,238,0.08275862068965517,0.0
102.99604613957901,729.5841506085258,110,1.871,0.673,9.74,110,0.0,85,2.931,False,239,0.06896551724137931,0.0
421.56604613957904,387.32415060852577,102,1.812,0.487,8.61,102,0.0,85,2.931,False,242,0.08275862068965517,0.0
315.3407128062457,121.44548394185911,728,1.885,0.267,49.02,728,0.0,86,2.966,True,1,1.0,1.0
262.24071280624565,84.8254839418591,613,1.866,0.166,40.75,613,0.0,86,2.966,False,2,1.0,0.0
345.32071280624564,478.5554839418591,701,1.904,0.362,49.66,701,0.0,86,2.966,True,4,1.0,3.0
355.38071280624564,474.28548394185907,662,1.812,0.295,52.63,662,0.0,86,2.966,True,5,1.0,3.0
269.18071280624565,483.3054839418591,663,1.869,0.309,46.48,663,0.0,86,2.966,True,6,0.993103448275862,3.0
278.2507128062457,140.4754839418591,532,1.826,0.279,40.32,532,0.0,86,2.966,False,9,1.0,0.0
249.3207128062457,504.8154839418591,589,1.824,0.268,43.29,589,0.0,86,2.966,True,10,1.0,3.0
254.85071280624567,73.33548394185911,616,1.863,0.205,42.66,616,0.0,86,2.966,True,11,1.0,1.0
354.2707128062457,455.4454839418591,575,1.847,0.226,40.11,575,0.0,86,2.966,False,15,0.6275862068965518,0.0
343.4007128062457,61.255483941859104,711,1.852,0.185,47.33,711,0.0,86,2.966,True,16,1.0,1.0
332.4407128062457,237.3354839418591,609,1.92,0.237,38.2,609,0.0,86,2.966,False,22,0.9862068965517241,0.0
278.3807128062457,324.2654839418591,491,1.832,0.294,38.41,491,0.0,86,2.966,False,28,0.9793103448275862,0.0
367.19071280624564,320.6854839418591,582,1.8,0.209,45.63,582,0.0,86,2.966,True,120,0.9586206896551724,2.0
343.4507128062457,422.2954839418591,583,1.863,0.26,41.81,583,0.0,86,2.966,False,141,0.9103448275862069,0.0
266.68071280624565,263.5254839418591,471,1.754,0.234,39.47,471,0.0,86,2.966,False,148,0.903448275862069,0.0
335.4607128062457,94.6354839418591,461,1.89,0.215,30.14,461,0.0,86,2.966,False,151,0.8275862068965517,0.0
256.29071280624566,313.3254839418591,685,1.8,0.256,54.12,685,0.0,86,2.966,True,152,0.8758620689655172,2.0
255.3207128062457,486.3654839418591,636,1.828,0.344,49.24,636,0.0,86,2.966,True,155,0.8413793103448276,3.0
354.13071280624564,272.4954839418591,604,1.849,0.259,39.47,604,0.0,86,2.966,False,159,0.8551724137931035,0.0
318.42071280624566,133.5254839418591,590,1.912,0.279,38.2,590,0.0,86,2.966,False,164,0.8413793103448276,0.0
329.36071280624566,436.7554839418591,624,1.853,0.246,44.99,624,0.0,86,2.966,True,173,0.7793103448275862,3.0
385.2007128062457,240.8354839418591,315,1.766,0.269,27.16,315,0.0,86,2.966,False,177,0.3931034482758621,0.0
244.41071280624567,109.75548394185911,609,1.84,0.246,43.08,609,0.0,86,2.966,True,187,0.696551724137931,1.0
376.8907128062457,237.0454839418591,237,1.709,0.072,23.34,237,0.0,86,2.966,False,206,0.6344827586206897,0.0
388.49071280624565,106.03548394185911,643,1.897,0.234,43.51,643,0.0,86,2.966,True,225,0.5448275862068965,1.0
345.42071280624566,453.5454839418591,656,1.867,0.24,45.42,656,0.0,86,2.966,True,230,0.503448275862069,3.0
409.50071280624564,255.3754839418591,588,1.823,0.307,46.05,588,0.0,86,2.966,True,233,0.4482758620689655,2.0
285.41071280624567,279.5554839418591,722,1.86,0.331,49.66,722,0.0,86,2.966,True,235,0.45517241379310347,2.0
102.83071280624569,259.2354839418591,106,1.827,0.477,8.7,106,0.0,86,2.966,False,238,0.08275862068965517,0.0
104.15071280624568,729.5254839418591,110,1.871,0.674,9.76,110,0.0,86,2.966,False,239,0.06896551724137931,0.0
422.8307128062457,387.2454839418591,103,1.82,0.478,8.49,103,0.0,86,2.966,False,242,0.08275862068965517,0.0
315.935046139579,120.56915060852579,687,1.884,0.184,44.97,687,0.0,87,3.0,True,1,1.0,1.0
261.875046139579,84.62915060852578,614,1.87,0.169,40.65,614,0.0,87,3.0,False,2,1.0,0.0
345.035046139579,478.13915060852577,649,1.876,0.335,47.57,649,0.0,87,3.0,True,4,1.0,3.0
355.895046139579,473.5691506085258,679,1.851,0.297,49.94,679,0.0,87,3.0,True,5,1.0,3.0
268.835046139579,483.1291506085258,655,1.861,0.309,46.48,655,0.0,87,3.0,True,6,0.993103448275862,3.0
278.71504613957904,140.40915060852578,512,1.852,0.203,35.24,512,0.0,87,3.0,False,9,1.0,0.0
249.945046139579,504.6191506085258,589,1.825,0.268,43.24,589,0.0,87,3.0,True,10,1.0,3.0
253.645046139579,74.22915060852579,637,1.871,0.25,41.94,637,0.0,87,3.0,False,11,1.0,0.0
343.765046139579,61.03915060852577,712,1.908,0.248,44.75,712,0.0,87,3.0,True,16,1.0,1.0
330.205046139579,237.4591506085258,580,1.858,0.095,37.4,580,0.0,87,3.0,False,22,0.9862068965517241,0.0
278.005046139579,324.0691506085258,490,1.831,0.293,38.48,490,0.0,87,3.0,False,28,0.9793103448275862,0.0
367.81504613957895,320.4891506085258,583,1.801,0.209,45.62,583,0.0,87,3.0,True,120,0.9586206896551724,2.0
344.775046139579,422.2991506085258,556,1.865,0.279,38.92,556,0.0,87,3.0,False,141,0.9103448275862069,0.0
267.125046139579,262.4191506085258,500,1.818,0.278,37.84,500,0.0,87,3.0,False,148,0.903448275862069,0.0
335.05504613957896,95.42915060852579,473,1.883,0.207,30.05,473,0.0,87,3.0,False,151,0.8275862068965517,0.0
254.325046139579,314.1691506085258,662,1.742,0.216,54.92,662,0.0,87,3.0,True,152,0.8758620689655172,2.0
254.99504613957902,486.20915060852576,586,1.792,0.337,49.08,586,0.0,87,3.0,True,155,0.8413793103448276,3.0
354.735046139579,272.2891506085258,609,1.841,0.246,39.13,609,0.0,87,3.0,False,159,0.8551724137931035,0.0
318.96504613957904,134.1691506085258,580,1.928,0.245,35.03,580,0.0,87,3.0,False,164,0.8413793103448276,0.0
328.905046139579,437.01915060852576,596,1.871,0.244,41.08,596,0.0,87,3.0,False,173,0.7793103448275862,0.0
385.775046139579,240.22915060852577,205,1.728,0.191,19.03,205,0.0,87,3.0,False,177,0.3931034482758621,0.0
244.655046139579,110.68915060852578,550,1.822,0.169,40.65,550,0.0,87,3.0,False,187,0.696551724137931,0.0
377.795046139579,237.36915060852579,289,1.799,0.257,23.35,289,0.0,87,3.0,False,206,0.6344827586206897,0.0
389.015046139579,105.66915060852578,700,1.929,0.256,43.46,700,0.0,87,3.0,True,225,0.5448275862068965,1.0
344.025046139579,453.3591506085258,653,1.86,0.235,45.4,653,0.0,87,3.0,True,230,0.503448275862069,3.0
408.985046139579,255.22915060852577,644,1.787,0.301,51.02,644,0.0,87,3.0,True,233,0.4482758620689655,2.0
285.05504613957896,281.33915060852576,668,1.866,0.397,47.57,668,0.0,87,3.0,True,235,0.45517241379310347,2.0
103.455046139579,259.0391506085258,106,1.827,0.477,8.65,106,0.0,87,3.0,False,238,0.08275862068965517,0.0
104.775046139579,729.3291506085258,110,1.873,0.672,9.73,110,0.0,87,3.0,False,239,0.06896551724137931,0.0
423.46504613957904,387.0591506085258,103,1.823,0.482,8.43,103,0.0,87,3.0,False,242,0.08275862068965517,0.0
317.47004613957904,120.51448394185911,686,1.884,0.184,45.0,686,0.0,88,3.034,True,1,1.0,1.0
261.440046139579,84.14448394185911,599,1.864,0.161,40.5,599,0.0,88,3.034,False,2,1.0,0.0
346.570046139579,478.0944839418591,649,1.881,0.336,47.25,649,0.0,88,3.034,True,4,1.0,3.0
357.440046139579,473.2744839418591,713,1.85,0.318,52.16,713,0.0,88,3.034,True,5,1.0,3.0
268.370046139579,483.0844839418591,656,1.861,0.309,46.43,656,0.0,88,3.034,True,6,0.993103448275862,3.0
277.410046139579,141.2144839418591,504,1.845,0.274,36.82,504,0.0,88,3.034,False,9,1.0,0.0
251.350046139579,504.5744839418591,571,1.79,0.301,44.18,571,0.0,88,3.034,True,10,1.0,3.0
253.300046139579,75.14448394185911,658,1.806,0.231,47.66,658,0.0,88,3.034,True,11,1.0,1.0
352.450046139579,453.5844839418591,530,1.895,0.203,34.37,530,0.0,88,3.034,False,15,0.6275862068965518,0.0
344.510046139579,61.27448394185911,667,1.878,0.257,41.93,667,0.0,88,3.034,False,16,1.0,0.0
330.010046139579,237.3944839418591,517,1.821,0.095,37.02,517,0.0,88,3.034,False,22,0.9862068965517241,0.0
276.68004613957896,323.4044839418591,431,1.804,0.293,34.98,431,0.0,88,3.034,False,28,0.9793103448275862,0.0
365.650046139579,321.11448394185913,576,1.781,0.217,46.23,576,0.0,88,3.034,True,120,0.9586206896551724,2.0
344.440046139579,422.3344839418591,561,1.871,0.277,38.46,561,0.0,88,3.034,False,141,0.9103448275862069,0.0
265.68004613957896,261.3844839418591,505,1.819,0.28,37.84,505,0.0,88,3.034,False,148,0.903448275862069,0.0
335.60004613957904,95.41448394185912,489,1.777,0.139,37.64,489,0.0,88,3.034,False,151,0.8275862068965517,0.0
255.300046139579,314.0444839418591,637,1.829,0.282,49.5,637,0.0,88,3.034,True,152,0.8758620689655172,2.0
248.640046139579,485.1244839418591,586,1.785,0.308,48.48,586,0.0,88,3.034,True,155,0.8413793103448276,3.0
356.270046139579,272.2144839418591,603,1.862,0.26,37.84,603,0.0,88,3.034,False,159,0.8551724137931035,0.0
319.400046139579,134.2044839418591,571,1.915,0.231,34.98,571,0.0,88,3.034,False,164,0.8413793103448276,0.0
328.43004613957896,436.98448394185914,596,1.874,0.247,40.91,596,0.0,88,3.034,False,173,0.7793103448275862,0.0
387.300046139579,240.1844839418591,206,1.728,0.186,19.23,206,0.0,88,3.034,False,177,0.3931034482758621,0.0
244.31004613957901,111.4744839418591,556,1.81,0.264,43.57,556,0.0,88,3.034,True,187,0.696551724137931,1.0
379.330046139579,237.3244839418591,289,1.798,0.258,23.32,289,0.0,88,3.034,False,206,0.6344827586206897,0.0
387.630046139579,105.18448394185911,632,1.892,0.292,42.14,632,0.0,88,3.034,False,225,0.5448275862068965,0.0
342.620046139579,453.9144839418591,591,1.884,0.214,39.89,591,0.0,88,3.034,False,230,0.503448275862069,0.0
407.710046139579,255.0744839418591,601,1.829,0.29,46.03,601,0.0,88,3.034,True,233,0.4482758620689655,2.0
355.520046139579,52.67448394185911,107,1.551,0.089,12.27,107,0.0,88,3.034,False,234,0.06896551724137931,0.0
286.400046139579,282.2544839418591,612,1.847,0.369,42.34,612,0.0,88,3.034,True,235,0.45517241379310347,2.0
104.990046139579,259.0044839418591,106,1.83,0.48,8.59,106,0.0,88,3.034,False,238,0.08275862068965517,0.0
106.310046139579,729.2944839418591,111,1.874,0.676,9.82,111,0.0,88,3.034,False,239,0.06896551724137931,0.0
424.990046139579,387.0144839418591,103,1.822,0.479,8.59,103,0.0,88,3.034,False,242,0.08275862068965517,0.0
318.254421139579,120.46135894185912,687,1.884,0.184,44.98,687,0.0,89,3.069,True,1,1.0,1.0
260.224421139579,84.08135894185911,600,1.866,0.162,40.6,600,0.0,89,3.069,False,2,1.0,0.0
347.294421139579,478.1413589418591,678,1.879,0.334,49.56,678,0.0,89,3.069,True,4,1.0,3.0
359.21442113957903,473.2013589418591,682,1.847,0.294,50.55,682,0.0,89,3.069,True,5,1.0,3.0
268.064421139579,482.0313589418591,644,1.822,0.285,48.16,644,0.0,89,3.069,True,6,0.993103448275862,3.0
276.284421139579,141.0013589418591,484,1.899,0.26,30.85,484,0.0,89,3.069,False,9,1.0,0.0
252.134421139579,504.5113589418591,571,1.789,0.301,44.18,571,0.0,89,3.069,True,10,1.0,3.0
252.34442113957903,75.45135894185911,590,1.791,0.257,44.98,590,0.0,89,3.069,True,11,1.0,1.0
351.104421139579,453.1513589418591,490,1.868,0.213,33.24,490,0.0,89,3.069,False,15,0.6275862068965518,0.0
345.224421139579,61.14135894185911,700,1.821,0.207,50.35,700,0.0,89,3.069,True,16,1.0,1.0
335.154421139579,236.7813589418591,611,1.918,0.191,39.6,611,0.0,89,3.069,False,22,0.9862068965517241,0.0
275.354421139579,322.9413589418591,490,1.831,0.239,37.22,490,0.0,89,3.069,False,28,0.9793103448275862,0.0
365.734421139579,321.5713589418591,492,1.771,0.13,40.8,492,0.0,89,3.069,False,120,0.9586206896551724,0.0
345.224421139579,422.2713589418591,561,1.872,0.277,38.41,561,0.0,89,3.069,False,141,0.9103448275862069,0.0
264.474421139579,261.3213589418591,505,1.821,0.282,37.81,505,0.0,89,3.069,False,148,0.903448275862069,0.0
340.044421139579,95.11135894185911,525,1.827,0.138,37.02,525,0.0,89,3.069,False,151,0.8275862068965517,0.0
253.134421139579,314.1713589418591,665,1.876,0.338,47.37,665,0.0,89,3.069,True,152,0.8758620689655172,2.0
248.28442113957902,484.5613589418591,572,1.857,0.265,43.19,572,0.0,89,3.069,True,155,0.8413793103448276,3.0
357.054421139579,272.1513589418591,604,1.862,0.261,37.81,604,0.0,89,3.069,False,159,0.8551724137931035,0.0
317.324421139579,133.2613589418591,538,1.935,0.26,32.64,538,0.0,89,3.069,False,164,0.8413793103448276,0.0
327.314421139579,436.9413589418591,591,1.868,0.249,40.8,591,0.0,89,3.069,False,173,0.7793103448275862,0.0
388.08442113957904,240.1313589418591,205,1.728,0.187,19.11,205,0.0,89,3.069,False,177,0.3931034482758621,0.0
241.384421139579,112.39135894185911,607,1.935,0.301,38.21,607,0.0,89,3.069,False,187,0.696551724137931,0.0
380.114421139579,237.2613589418591,289,1.798,0.258,23.29,289,0.0,89,3.069,False,206,0.6344827586206897,0.0
386.384421139579,105.13135894185912,637,1.891,0.291,42.59,637,0.0,89,3.069,True,225,0.5448275862068965,1.0
341.414421139579,453.8413589418591,591,1.884,0.214,39.8,591,0.0,89,3.069,False,230,0.503448275862069,0.0
407.434421139579,255.12135894185909,591,1.803,0.313,47.76,591,0.0,89,3.069,True,233,0.4482758620689655,2.0
356.304421139579,52.61135894185911,108,1.554,0.092,12.34,108,0.0,89,3.069,False,234,0.06896551724137931,0.0
284.614421139579,286.0613589418591,478,1.819,0.417,40.2,478,0.0,89,3.069,False,235,0.45517241379310347,0.0
105.684421139579,258.9413589418591,106,1.829,0.482,8.76,106,0.0,89,3.069,False,238,0.08275862068965517,0.0
107.094421139579,729.2213589418591,111,1.872,0.673,9.75,111,0.0,89,3.069,False,239,0.06896551724137931,0.0
425.764421139579,386.9513589418591,103,1.824,0.478,8.56,103,0.0,89,3.069,False,242,0.08275862068965517,0.0
319.5970017847403,120.45135894185911,686,1.884,0.184,44.9,686,0.0,90,3.103,True,1,1.0,1.0
261.5670017847403,85.08135894185911,600,1.865,0.161,40.69,600,0.0,90,3.103,False,2,1.0,0.0
347.71700178474026,478.0813589418591,692,1.862,0.281,49.54,692,0.0,90,3.103,True,4,1.0,3.0
360.6870017847403,473.1913589418591,674,1.797,0.243,53.76,674,0.0,90,3.103,True,5,1.0,3.0
263.6770017847403,480.0713589418591,706,1.893,0.303,48.28,706,0.0,90,3.103,True,6,0.993103448275862,3.0
273.9970017847403,141.34135894185908,402,1.799,0.208,30.78,402,0.0,90,3.103,False,9,1.0,0.0
253.4770017847403,504.5113589418591,571,1.789,0.301,44.06,571,0.0,90,3.103,True,10,1.0,3.0
252.7470017847403,75.44135894185911,593,1.799,0.248,44.06,593,0.0,90,3.103,True,11,1.0,1.0
348.5070017847403,452.2113589418591,568,1.958,0.138,30.99,568,0.0,90,3.103,False,15,0.6275862068965518,0.0
346.22700178474025,61.32135894185911,578,1.76,0.268,49.33,578,0.0,90,3.103,True,16,1.0,1.0
334.4270017847403,237.0013589418591,658,1.942,0.21,39.84,658,0.0,90,3.103,False,22,0.9862068965517241,0.0
275.4870017847403,322.4713589418591,465,1.842,0.246,34.57,465,0.0,90,3.103,False,28,0.9793103448275862,0.0
369.3770017847403,321.3913589418591,532,1.846,0.222,38.37,532,0.0,90,3.103,False,120,0.9586206896551724,0.0
344.60700178474025,422.9113589418591,516,1.885,0.236,34.57,516,0.0,90,3.103,False,141,0.9103448275862069,0.0
264.0570017847403,261.2713589418591,455,1.775,0.25,37.1,455,0.0,90,3.103,False,148,0.903448275862069,0.0
340.3870017847403,95.65135894185912,530,1.869,0.112,36.68,530,0.0,90,3.103,False,151,0.8275862068965517,0.0
252.5470017847403,315.23135894185907,654,1.862,0.335,47.01,654,0.0,90,3.103,True,152,0.8758620689655172,2.0
245.77700178474026,484.5413589418591,548,1.829,0.253,42.8,548,0.0,90,3.103,True,155,0.8413793103448276,3.0
358.53700178474026,271.5113589418591,566,1.851,0.312,39.0,566,0.0,90,3.103,False,159,0.8551724137931035,0.0
317.5470017847403,133.11135894185912,606,1.904,0.236,39.21,606,0.0,90,3.103,False,164,0.8413793103448276,0.0
326.6170017847403,436.4313589418591,603,1.869,0.242,41.95,603,0.0,90,3.103,False,173,0.7793103448275862,0.0
389.4370017847403,240.1213589418591,206,1.727,0.187,19.18,206,0.0,90,3.103,False,177,0.3931034482758621,0.0
237.7870017847403,113.42135894185911,507,1.836,0.258,37.95,507,0.0,90,3.103,False,187,0.696551724137931,0.0
381.45700178474027,237.2613589418591,289,1.799,0.258,23.4,289,0.0,90,3.103,False,206,0.6344827586206897,0.0
385.8070017847403,105.13135894185912,616,1.883,0.28,41.74,616,0.0,90,3.103,False,225,0.5448275862068965,0.0
339.5170017847403,453.8113589418591,597,1.9,0.207,39.63,597,0.0,90,3.103,False,230,0.503448275862069,0.0
406.7670017847403,255.30135894185912,597,1.765,0.304,52.28,597,0.0,90,3.103,True,233,0.4482758620689655,2.0
357.64700178474027,52.61135894185911,108,1.555,0.091,12.23,108,0.0,90,3.103,False,234,0.06896551724137931,0.0
286.3070017847403,285.9313589418591,585,1.834,0.368,45.96,585,0.0,90,3.103,True,235,0.45517241379310347,2.0
107.01700178474029,258.9413589418591,106,1.823,0.483,8.64,106,0.0,90,3.103,False,238,0.08275862068965517,0.0
427.1170017847403,386.9413589418591,103,1.824,0.479,8.43,103,0.0,90,3.103,False,242,0.08275862068965517,0.0
320.3160340428048,120.46071378056878,687,1.884,0.184,45.04,687,0.0,91,3.138,True,1,1.0,1.0
261.28603404280483,85.09071378056878,600,1.863,0.158,40.72,600,0.0,91,3.138,False,2,1.0,0.0
348.4460340428048,478.10071378056875,694,1.869,0.288,49.57,694,0.0,91,3.138,True,4,1.0,3.0
361.3160340428048,472.78071378056876,614,1.812,0.186,47.6,614,0.0,91,3.138,True,5,1.0,3.0
264.3960340428048,480.0807137805688,707,1.894,0.303,48.39,707,0.0,91,3.138,True,6,0.993103448275862,3.0
277.1760340428048,141.16071378056878,458,1.867,0.263,32.26,458,0.0,91,3.138,False,9,1.0,0.0
254.1960340428048,504.52071378056877,571,1.79,0.301,44.06,571,0.0,91,3.138,True,10,1.0,3.0
252.46603404280478,75.45071378056878,593,1.799,0.248,44.06,593,0.0,91,3.138,True,11,1.0,1.0
346.3060340428048,451.4507137805688,522,1.934,0.175,32.65,522,0.0,91,3.138,False,15,0.6275862068965518,0.0
345.9860340428048,61.940713780568785,503,1.779,0.225,42.49,503,0.0,91,3.138,True,16,1.0,1.0
334.2260340428048,236.85071378056878,618,1.917,0.205,40.13,618,0.0,91,3.138,False,22,0.9862068965517241,0.0
274.2560340428048,322.24071378056874,547,1.821,0.32,43.67,547,0.0,91,3.138,True,28,0.9793103448275862,2.0
369.1860340428048,321.0807137805688,533,1.875,0.261,34.42,533,0.0,91,3.138,False,120,0.9586206896551724,0.0
343.4560340428048,422.98071378056875,502,1.876,0.236,34.03,502,0.0,91,3.138,False,141,0.9103448275862069,0.0
269.8560340428048,262.2607137805688,512,1.866,0.178,33.63,512,0.0,91,3.138,False,148,0.903448275862069,0.0
334.2460340428048,97.11071378056879,599,1.842,0.216,41.9,599,0.0,91,3.138,False,151,0.8275862068965517,0.0
251.73603404280482,315.8707137805688,547,1.799,0.259,44.45,547,0.0,91,3.138,True,152,0.8758620689655172,2.0
244.3660340428048,484.5707137805688,569,1.866,0.273,42.09,569,0.0,91,3.138,False,155,0.8413793103448276,0.0
359.1160340428048,272.1207137805688,554,1.837,0.223,36.98,554,0.0,91,3.138,False,159,0.8551724137931035,0.0
316.2660340428048,132.44071378056879,573,1.907,0.228,36.19,573,0.0,91,3.138,False,164,0.8413793103448276,0.0
324.3760340428048,436.4507137805688,604,1.885,0.253,41.11,604,0.0,91,3.138,False,173,0.7793103448275862,0.0
390.14603404280484,240.13071378056878,205,1.729,0.188,19.08,205,0.0,91,3.138,False,177,0.3931034482758621,0.0
237.42603404280482,115.38071378056878,529,1.872,0.279,37.17,529,0.0,91,3.138,False,187,0.696551724137931,0.0
382.1760340428048,237.2707137805688,289,1.799,0.258,23.41,289,0.0,91,3.138,False,206,0.6344827586206897,0.0
387.26603404280485,105.00071378056879,658,1.917,0.239,40.52,658,0.0,91,3.138,False,225,0.5448275862068965,0.0
338.2360340428048,453.8307137805688,608,1.884,0.191,40.13,608,0.0,91,3.138,False,230,0.503448275862069,0.0
405.3760340428048,255.6707137805688,687,1.869,0.239,49.96,687,0.0,91,3.138,True,233,0.4482758620689655,2.0
361.6860340428048,47.05071378056879,110,1.499,0.114,13.38,110,0.0,91,3.138,False,234,0.06896551724137931,0.0
285.4560340428048,287.4307137805688,697,1.847,0.355,49.96,697,0.0,91,3.138,True,235,0.45517241379310347,2.0
107.8460340428048,258.9507137805688,106,1.825,0.481,8.65,106,0.0,91,3.138,False,238,0.08275862068965517,0.0
109.1560340428048,729.2407137805687,110,1.869,0.673,9.83,110,0.0,91,3.138,False,239,0.06896551724137931,0.0
427.83603404280484,386.97071378056876,103,1.823,0.481,8.46,103,0.0,91,3.138,False,242,0.08275862068965517,0.0
321.25903404280484,120.42704711390212,687,1.884,0.183,45.01,687,0.0,92,3.172,True,1,1.0,1.0
261.0690340428048,85.05704711390212,574,1.845,0.133,40.12,574,0.0,92,3.172,False,2,1.0,0.0
348.3390340428048,478.5470471139021,706,1.87,0.304,53.07,706,0.0,92,3.172,True,4,1.0,3.0
362.2690340428048,472.64704711390215,587,1.848,0.21,43.73,587,0.0,92,3.172,True,5,1.0,3.0
264.2790340428048,480.15704711390214,716,1.905,0.315,47.55,716,0.0,92,3.172,True,6,0.993103448275862,3.0
277.1190340428048,141.19704711390213,462,1.873,0.221,31.21,462,0.0,92,3.172,False,9,1.0,0.0
255.06903404280482,504.1070471139021,569,1.79,0.252,43.31,569,0.0,92,3.172,True,10,1.0,3.0
251.4590340428048,75.38704711390211,568,1.789,0.243,43.31,568,0.0,92,3.172,True,11,1.0,1.0
342.3190340428048,63.25704711390212,680,1.819,0.259,54.14,680,0.0,92,3.172,True,16,1.0,1.0
334.1890340428048,236.40704711390214,584,1.957,0.153,33.76,584,0.0,92,3.172,False,22,0.9862068965517241,0.0
273.2490340428048,322.15704711390214,541,1.839,0.324,42.46,541,0.0,92,3.172,True,28,0.9793103448275862,2.0
370.14903404280483,321.0470471139021,532,1.877,0.272,35.03,532,0.0,92,3.172,False,120,0.9586206896551724,0.0
344.14903404280483,423.82704711390215,511,1.887,0.235,34.39,511,0.0,92,3.172,False,141,0.9103448275862069,0.0
268.9290340428048,261.07704711390215,513,1.864,0.177,33.54,513,0.0,92,3.172,False,148,0.903448275862069,0.0
334.1590340428048,97.21704711390211,708,1.831,0.244,51.59,708,0.0,92,3.172,True,151,0.8275862068965517,1.0
251.4990340428048,315.77704711390214,581,1.833,0.26,44.37,581,0.0,92,3.172,True,152,0.8758620689655172,2.0
243.56903404280482,483.96704711390214,646,1.742,0.198,53.5,646,0.0,92,3.172,True,155,0.8413793103448276,3.0
360.0690340428048,272.09704711390214,562,1.818,0.215,38.64,562,0.0,92,3.172,False,159,0.8551724137931035,0.0
315.2090340428048,132.39704711390212,573,1.906,0.228,36.3,573,0.0,92,3.172,False,164,0.8413793103448276,0.0
324.2890340428048,436.39704711390215,593,1.879,0.252,40.97,593,0.0,92,3.172,False,173,0.7793103448275862,0.0
391.0990340428048,240.08704711390212,206,1.73,0.188,19.11,206,0.0,92,3.172,False,177,0.3931034482758621,0.0
239.03903404280481,115.77704711390211,651,1.862,0.188,44.79,651,0.0,92,3.172,True,187,0.696551724137931,1.0
383.1190340428048,237.22704711390213,289,1.799,0.26,23.35,289,0.0,92,3.172,False,206,0.6344827586206897,0.0
383.4290340428048,105.14704711390212,584,1.886,0.313,40.34,584,0.0,92,3.172,False,225,0.5448275862068965,0.0
339.21903404280476,453.40704711390214,570,1.859,0.313,41.61,570,0.0,92,3.172,False,230,0.503448275862069,0.0
405.14903404280483,255.20704711390212,625,1.81,0.314,49.25,625,0.0,92,3.172,True,233,0.4482758620689655,2.0
286.2290340428048,288.4370471139021,641,1.833,0.368,48.83,641,0.0,92,3.172,True,235,0.45517241379310347,2.0
108.7790340428048,258.89704711390215,106,1.827,0.477,8.7,106,0.0,92,3.172,False,238,0.08275862068965517,0.0
110.0990340428048,729.187047113902,110,1.871,0.674,9.77,110,0.0,92,3.172,False,239,0.06896551724137931,0.0
428.7890340428048,386.91704711390213,103,1.819,0.48,8.49,103,0.0,92,3.172,False,242,0.08275862068965517,0.0
322.5080340428048,120.39004711390213,687,1.884,0.184,44.92,687,0.0,93,3.207,True,1,1.0,1.0
261.28803404280484,85.01004711390212,585,1.851,0.136,40.39,585,0.0,93,3.207,False,2,1.0,0.0
348.5680340428048,478.5900471139021,713,1.887,0.26,51.19,713,0.0,93,3.207,True,4,1.0,3.0
363.40803404280484,472.6900471139021,580,1.858,0.23,41.9,580,0.0,93,3.207,False,5,1.0,0.0
263.5880340428048,480.0100471139021,696,1.896,0.307,47.3,696,0.0,93,3.207,True,6,0.993103448275862,3.0
272.78803404280484,142.34004711390213,425,1.698,0.206,40.39,425,0.0,93,3.207,False,9,1.0,0.0
256.3080340428048,504.0700471139021,568,1.79,0.252,43.19,568,0.0,93,3.207,True,10,1.0,3.0
250.54803404280483,76.03004711390213,578,1.785,0.274,44.27,578,0.0,93,3.207,True,11,1.0,1.0
342.4880340428048,63.28004711390212,703,1.834,0.277,55.07,703,0.0,93,3.207,True,16,1.0,1.0
335.2080340428048,236.68004711390213,542,1.905,0.143,33.91,542,0.0,93,3.207,False,22,0.9862068965517241,0.0
274.4280340428048,321.97004711390207,528,1.866,0.333,39.52,528,0.0,93,3.207,False,28,0.9793103448275862,0.0
371.3880340428048,320.9400471139021,528,1.87,0.248,34.56,528,0.0,93,3.207,False,120,0.9586206896551724,0.0
343.5180340428048,423.8500471139021,505,1.88,0.243,34.34,505,0.0,93,3.207,False,141,0.9103448275862069,0.0
264.6180340428048,259.0100471139021,501,1.903,0.291,32.83,501,0.0,93,3.207,False,148,0.903448275862069,0.0
333.5580340428048,97.77004711390212,644,1.826,0.206,47.08,644,0.0,93,3.207,True,151,0.8275862068965517,1.0
249.5780340428048,315.7700471139021,642,1.828,0.257,49.67,642,0.0,93,3.207,True,152,0.8758620689655172,2.0
239.99803404280482,482.4500471139021,528,1.719,0.125,46.0,528,0.0,93,3.207,True,155,0.8413793103448276,3.0
361.3180340428048,272.0700471139021,563,1.818,0.215,38.66,563,0.0,93,3.207,False,159,0.8551724137931035,0.0
315.4580340428048,132.3600471139021,573,1.907,0.228,36.28,573,0.0,93,3.207,False,164,0.8413793103448276,0.0
324.4480340428048,436.8300471139021,559,1.889,0.244,37.36,559,0.0,93,3.207,False,173,0.7793103448275862,0.0
392.34803404280484,240.0500471139021,205,1.727,0.19,19.22,205,0.0,93,3.207,False,177,0.3931034482758621,0.0
238.43803404280482,115.76004711390212,670,1.878,0.224,44.27,670,0.0,93,3.207,True,187,0.696551724137931,1.0
384.3680340428048,237.19004711390212,288,1.799,0.257,23.33,288,0.0,93,3.207,False,206,0.6344827586206897,0.0
386.41803404280483,104.34004711390212,617,1.926,0.217,37.15,617,0.0,93,3.207,False,225,0.5448275862068965,0.0
339.4380340428048,453.5000471139021,601,1.889,0.271,40.82,601,0.0,93,3.207,False,230,0.503448275862069,0.0
404.4980340428048,255.23004711390212,621,1.82,0.322,48.81,621,0.0,93,3.207,True,233,0.4482758620689655,2.0
285.6580340428048,290.3700471139021,632,1.86,0.334,42.76,632,0.0,93,3.207,True,235,0.45517241379310347,2.0
110.02803404280482,258.8600471139021,106,1.827,0.477,8.64,106,0.0,93,3.207,False,238,0.08275862068965517,0.0
111.34803404280481,729.1500471139021,110,1.873,0.672,9.72,110,0.0,93,3.207,False,239,0.06896551724137931,0.0
430.03803404280484,386.8800471139021,103,1.823,0.482,8.42,103,0.0,93,3.207,False,242,0.08275862068965517,0.0
323.48665473246,120.29556435528144,687,1.884,0.183,45.01,687,0.0,94,3.241,True,1,1.0,1.0
260.47665473245996,84.93556435528144,582,1.856,0.156,39.86,582,0.0,94,3.241,False,2,1.0,0.0
347.54665473245996,478.72556435528145,683,1.881,0.275,48.26,683,0.0,94,3.241,True,4,1.0,3.0
363.40665473245997,471.93556435528143,575,1.874,0.288,40.63,575,0.0,94,3.241,False,5,1.0,0.0
263.52665473246,480.03556435528145,699,1.898,0.312,46.92,699,0.0,94,3.241,True,6,0.993103448275862,3.0
273.69665473246,142.35556435528142,475,1.692,0.161,45.2,475,0.0,94,3.241,True,9,1.0,1.0
257.29665473246,503.97556435528145,568,1.791,0.252,43.3,568,0.0,94,3.241,True,10,1.0,3.0
249.46665473245997,77.88556435528143,584,1.822,0.296,44.25,584,0.0,94,3.241,True,11,1.0,1.0
341.49665473246,63.835564355281434,655,1.837,0.23,47.87,655,0.0,94,3.241,True,16,1.0,1.0
332.42665473246,236.88556435528142,609,1.983,0.257,33.57,609,0.0,94,3.241,False,22,0.9862068965517241,0.0
273.20665473246,320.84556435528145,559,1.777,0.25,47.3,559,0.0,94,3.241,True,28,0.9793103448275862,2.0
372.36665473245995,320.84556435528145,529,1.87,0.248,34.52,529,0.0,94,3.241,False,120,0.9586206896551724,0.0
345.44665473246,423.21556435528146,502,1.843,0.287,37.38,502,0.0,94,3.241,False,141,0.9103448275862069,0.0
267.48665473246,259.64556435528146,537,1.908,0.167,33.95,537,0.0,94,3.241,False,148,0.903448275862069,0.0
333.44665473246,98.08556435528143,633,1.854,0.229,44.25,633,0.0,94,3.241,True,151,0.8275862068965517,1.0
248.72665473245996,316.99556435528143,596,1.826,0.284,45.78,596,0.0,94,3.241,True,152,0.8758620689655172,2.0
238.72665473245996,482.42556435528144,562,1.769,0.156,45.01,562,0.0,94,3.241,True,155,0.8413793103448276,3.0
362.29665473245996,271.97556435528145,563,1.818,0.215,38.72,563,0.0,94,3.241,False,159,0.8551724137931035,0.0
314.43665473246,131.2655643552814,573,1.907,0.228,36.24,573,0.0,94,3.241,False,164,0.8413793103448276,0.0
325.41665473245996,436.72556435528145,551,1.902,0.263,36.05,551,0.0,94,3.241,False,173,0.7793103448275862,0.0
393.32665473246,239.9555643552814,206,1.729,0.188,19.07,206,0.0,94,3.241,False,177,0.3931034482758621,0.0
236.51665473245998,115.69556435528143,670,1.886,0.248,43.87,670,0.0,94,3.241,True,187,0.696551724137931,1.0
385.34665473245997,237.09556435528143,289,1.799,0.258,23.27,289,0.0,94,3.241,False,206,0.6344827586206897,0.0
385.41665473245996,104.16556435528143,699,1.913,0.195,43.11,699,0.0,94,3.241,True,225,0.5448275862068965,1.0
339.59665473245997,453.59556435528145,555,1.829,0.186,40.82,555,0.0,94,3.241,False,230,0.503448275862069,0.0
403.50665473246,255.1755643552814,631,1.839,0.338,48.64,631,0.0,94,3.241,True,233,0.4482758620689655,2.0
286.13665473246,290.14556435528146,586,1.857,0.339,41.58,586,0.0,94,3.241,False,235,0.45517241379310347,0.0
111.00665473245999,258.77556435528146,106,1.831,0.476,8.58,106,0.0,94,3.241,False,238,0.08275862068965517,0.0
431.00665473246,386.79556435528144,103,1.82,0.48,8.58,103,0.0,94,3.241,False,242,0.08275862068965517,0.0
324.3573443876324,120.12728849321248,694,1.887,0.172,44.78,694,0.0,95,3.276,True,1,1.0,1.0
260.2373443876324,85.08728849321247,578,1.869,0.15,38.45,578,0.0,95,3.276,False,2,1.0,0.0
345.4973443876324,478.06728849321246,662,1.843,0.311,49.71,662,0.0,95,3.276,True,4,1.0,3.0
364.3373443876324,471.82728849321245,574,1.874,0.289,40.56,574,0.0,95,3.276,False,5,1.0,0.0
262.4973443876324,479.07728849321245,684,1.861,0.324,50.18,684,0.0,95,3.276,True,6,0.993103448275862,3.0
274.3773443876324,142.17728849321247,621,1.668,0.148,59.79,621,0.0,95,3.276,True,9,1.0,1.0
258.2273443876324,503.86728849321247,568,1.79,0.252,43.38,568,0.0,95,3.276,True,10,1.0,3.0
250.25734438763243,77.83728849321247,582,1.785,0.218,46.19,582,0.0,95,3.276,True,11,1.0,1.0
342.2673443876324,63.65728849321246,667,1.843,0.215,48.07,667,0.0,95,3.276,True,16,1.0,1.0
335.2173443876324,236.16728849321248,564,1.836,0.175,38.92,564,0.0,95,3.276,False,22,0.9862068965517241,0.0
272.2973443876324,320.50728849321246,625,1.833,0.207,46.19,625,0.0,95,3.276,True,28,0.9793103448275862,2.0
373.2973443876324,320.7372884932125,528,1.87,0.248,34.47,528,0.0,95,3.276,False,120,0.9586206896551724,0.0
344.3073443876324,423.68728849321246,488,1.884,0.268,33.3,488,0.0,95,3.276,False,141,0.9103448275862069,0.0
266.1973443876324,259.2772884932125,540,1.911,0.164,33.76,540,0.0,95,3.276,False,148,0.903448275862069,0.0
332.4473443876324,98.70728849321247,630,1.865,0.194,42.67,630,0.0,95,3.276,True,151,0.8275862068965517,1.0
248.45734438763242,317.06728849321246,613,1.824,0.301,47.13,613,0.0,95,3.276,True,152,0.8758620689655172,2.0
237.6773443876324,481.68728849321246,611,1.74,0.177,52.05,611,0.0,95,3.276,True,155,0.8413793103448276,3.0
363.3473443876324,271.2972884932125,552,1.845,0.279,38.92,552,0.0,95,3.276,False,159,0.8551724137931035,0.0
314.3673443876324,131.15728849321246,572,1.907,0.228,36.11,572,0.0,95,3.276,False,164,0.8413793103448276,0.0
324.3573443876324,436.1072884932125,523,1.902,0.242,34.0,523,0.0,95,3.276,False,173,0.7793103448275862,0.0
394.25734438763243,239.84728849321246,206,1.73,0.188,19.23,206,0.0,95,3.276,False,177,0.3931034482758621,0.0
236.32734438763242,116.56728849321247,660,1.879,0.224,43.85,660,0.0,95,3.276,True,187,0.696551724137931,1.0
386.2773443876324,236.98728849321247,289,1.8,0.26,23.45,289,0.0,95,3.276,False,206,0.6344827586206897,0.0
383.43734438763244,104.07728849321248,700,1.923,0.216,42.44,700,0.0,95,3.276,True,225,0.5448275862068965,1.0
340.3873443876324,453.37728849321246,551,1.86,0.21,39.39,551,0.0,95,3.276,False,230,0.503448275862069,0.0
404.3273443876324,255.18728849321246,683,1.87,0.33,49.71,683,0.0,95,3.276,True,233,0.4482758620689655,2.0
283.3273443876324,294.7772884932125,511,1.737,0.303,45.02,511,0.0,95,3.276,True,235,0.45517241379310347,2.0
111.93734438763241,258.6672884932125,106,1.828,0.479,8.68,106,0.0,95,3.276,False,238,0.08275862068965517,0.0
113.2573443876324,728.9472884932125,110,1.871,0.672,9.85,110,0.0,95,3.276,False,239,0.06896551724137931,0.0
431.93734438763244,386.6772884932125,103,1.822,0.484,8.44,103,0.0,95,3.276,False,242,0.08275862068965517,0.0
326.6392674645555,119.60459618552015,651,1.934,0.213,37.95,651,0.0,96,3.31,False,1,1.0,0.0
256.1892674645555,85.55459618552015,586,1.722,0.07,51.06,586,0.0,96,3.31,True,2,1.0,1.0
347.51926746455547,477.60459618552017,618,1.796,0.251,49.48,618,0.0,96,3.31,True,4,1.0,3.0
365.6292674645555,470.68459618552015,679,1.871,0.306,47.44,679,0.0,96,3.31,True,5,1.0,3.0
264.71926746455546,478.51459618552013,726,1.918,0.272,45.18,726,0.0,96,3.31,True,6,0.993103448275862,3.0
272.76926746455547,142.53459618552014,538,1.8,0.219,42.25,538,0.0,96,3.31,True,9,1.0,1.0
258.89926746455546,504.56459618552014,613,1.774,0.274,46.54,613,0.0,96,3.31,True,10,1.0,3.0
245.76926746455547,81.01459618552016,491,1.802,0.138,38.63,491,0.0,96,3.31,False,11,1.0,0.0
342.7892674645555,64.50459618552016,727,1.864,0.251,46.99,727,0.0,96,3.31,True,16,1.0,1.0
333.71926746455546,236.22459618552017,651,1.932,0.222,40.44,651,0.0,96,3.31,False,22,0.9862068965517241,0.0
271.7392674645555,319.68459618552015,637,1.892,0.315,43.83,637,0.0,96,3.31,True,28,0.9793103448275862,2.0
374.5292674645555,320.85459618552017,730,1.87,0.276,50.83,730,0.0,96,3.31,True,120,0.9586206896551724,2.0
341.7492674645555,424.80459618552015,664,1.862,0.286,46.77,664,0.0,96,3.31,True,141,0.9103448275862069,3.0
263.65926746455546,257.3245961855202,645,1.848,0.285,48.35,645,0.0,96,3.31,True,148,0.903448275862069,2.0
334.6292674645555,98.58459618552016,647,1.875,0.238,43.6,647,0.0,96,3.31,True,151,0.8275862068965517,1.0
251.58926746455546,316.76459618552013,543,1.803,0.206,42.7,543,0.0,96,3.31,True,152,0.8758620689655172,2.0
239.50926746455548,480.70459618552013,737,1.829,0.275,57.38,737,0.0,96,3.31,True,155,0.8413793103448276,3.0
365.7292674645555,271.06459618552014,596,1.837,0.291,43.6,596,0.0,96,3.31,True,159,0.8551724137931035,2.0
312.77926746455546,130.55459618552015,590,1.815,0.244,47.67,590,0.0,96,3.31,True,164,0.8413793103448276,1.0
325.6792674645555,435.4645961855202,644,1.853,0.306,46.77,644,0.0,96,3.31,True,173,0.7793103448275862,3.0
232.81926746455548,117.66459618552015,546,1.792,0.233,44.05,546,0.0,96,3.31,True,187,0.696551724137931,1.0
388.70926746455547,237.46459618552015,336,1.885,0.344,20.78,336,0.0,96,3.31,False,206,0.6344827586206897,0.0
380.95926746455547,104.30459618552015,552,1.834,0.228,41.57,552,0.0,96,3.31,False,225,0.5448275862068965,0.0
343.57926746455547,453.13459618552014,608,1.928,0.251,41.34,608,0.0,96,3.31,False,230,0.503448275862069,0.0
400.7892674645555,255.06459618552014,623,1.831,0.189,48.12,623,0.0,96,3.31,True,233,0.4482758620689655,2.0
285.01926746455547,294.85459618552017,678,1.843,0.261,50.83,678,0.0,96,3.31,True,235,0.45517241379310347,2.0
327.7196520799401,119.62651926244324,651,1.934,0.214,38.1,651,0.0,97,3.345,False,1,1.0,0.0
256.0396520799401,85.58651926244325,624,1.762,0.131,49.16,624,0.0,97,3.345,True,2,1.0,1.0
347.5896520799401,477.64651926244323,624,1.795,0.241,49.55,624,0.0,97,3.345,True,4,1.0,3.0
366.7096520799401,470.70651926244324,679,1.871,0.306,47.38,679,0.0,97,3.345,True,5,1.0,3.0
266.6896520799401,478.54651926244327,674,1.891,0.278,44.03,674,0.0,97,3.345,True,6,0.993103448275862,3.0
273.1296520799401,143.04651926244324,466,1.771,0.116,37.71,466,0.0,97,3.345,False,9,1.0,0.0
259.9996520799401,504.5965192624432,626,1.777,0.267,46.39,626,0.0,97,3.345,True,10,1.0,3.0
244.2196520799401,81.47651926244325,459,1.789,0.178,36.13,459,0.0,97,3.345,False,11,1.0,0.0
343.0596520799401,64.57651926244324,685,1.835,0.237,46.79,685,0.0,97,3.345,True,16,1.0,1.0
333.7796520799401,236.23651926244324,652,1.937,0.232,40.08,652,0.0,97,3.345,False,22,0.9862068965517241,0.0
271.8096520799401,319.69651926244325,637,1.892,0.315,43.83,637,0.0,97,3.345,True,28,0.9793103448275862,2.0
374.7796520799401,320.9165192624432,742,1.887,0.275,49.95,742,0.0,97,3.345,True,120,0.9586206896551724,2.0
340.8796520799401,425.42651926244326,610,1.831,0.216,43.83,610,0.0,97,3.345,True,141,0.9103448275862069,3.0
262.7796520799401,255.68651926244326,654,1.841,0.278,48.17,654,0.0,97,3.345,True,148,0.903448275862069,2.0
333.6996520799401,98.60651926244324,647,1.875,0.238,43.63,647,0.0,97,3.345,True,151,0.8275862068965517,1.0
251.2696520799401,316.7265192624432,495,1.739,0.143,42.25,495,0.0,97,3.345,True,152,0.8758620689655172,2.0
236.85965207994008,479.8465192624432,706,1.877,0.337,50.15,706,0.0,97,3.345,True,155,0.8413793103448276,3.0
366.8096520799401,271.0965192624432,597,1.837,0.29,43.63,597,0.0,97,3.345,True,159,0.8551724137931035,2.0
312.1196520799401,130.53651926244325,535,1.74,0.164,46.0,535,0.0,97,3.345,True,164,0.8413793103448276,1.0
324.8196520799401,435.5365192624432,638,1.834,0.297,46.99,638,0.0,97,3.345,True,173,0.7793103448275862,3.0
232.0696520799401,117.40651926244324,484,1.76,0.187,39.68,484,0.0,97,3.345,False,187,0.696551724137931,0.0
390.5596520799401,238.36651926244323,302,1.866,0.271,21.52,302,0.0,97,3.345,False,206,0.6344827586206897,0.0
379.9496520799401,104.30651926244325,579,1.867,0.242,40.87,579,0.0,97,3.345,False,225,0.5448275862068965,0.0
344.6096520799401,453.1565192624432,585,1.915,0.238,40.87,585,0.0,97,3.345,False,230,0.503448275862069,0.0
400.1596520799401,254.76651926244324,524,1.688,0.209,48.17,524,0.0,97,3.345,True,233,0.4482758620689655,2.0
285.9996520799401,294.9765192624432,644,1.855,0.259,46.0,644,0.0,97,3.345,True,235,0.45517241379310347,2.0
328.95580592609394,119.68382695475093,651,1.934,0.213,37.97,651,0.0,98,3.379,False,1,1.0,0.0
256.55580592609397,86.14382695475093,541,1.783,0.123,42.89,541,0.0,98,3.379,True,2,1.0,1.0
342.08580592609394,476.35382695475096,590,1.849,0.317,46.58,590,0.0,98,3.379,True,4,1.0,3.0
367.925805926094,470.5238269547509,626,1.862,0.266,43.3,626,0.0,98,3.379,True,5,1.0,3.0
263.03580592609393,477.6438269547509,750,1.901,0.174,45.97,750,0.0,98,3.379,True,6,0.993103448275862,3.0
273.2258059260939,142.82382695475093,469,1.783,0.281,37.56,469,0.0,98,3.379,False,9,1.0,0.0
261.235805926094,504.6538269547509,626,1.777,0.267,46.38,626,0.0,98,3.379,True,10,1.0,3.0
245.98580592609397,81.51382695475093,552,1.922,0.243,32.42,552,0.0,98,3.379,False,11,1.0,0.0
344.20580592609394,64.86382695475093,682,1.888,0.244,42.69,682,0.0,98,3.379,True,16,1.0,1.0
334.985805926094,235.66382695475093,649,1.926,0.209,39.4,649,0.0,98,3.379,False,22,0.9862068965517241,0.0
271.02580592609394,318.75382695475093,609,1.874,0.326,43.71,609,0.0,98,3.379,True,28,0.9793103448275862,2.0
375.985805926094,320.68382695475094,717,1.861,0.258,49.66,717,0.0,98,3.379,True,120,0.9586206896551724,2.0
340.94580592609395,425.3938269547509,611,1.854,0.232,43.1,611,0.0,98,3.379,True,141,0.9103448275862069,3.0
262.99580592609396,255.06382695475094,659,1.804,0.224,50.48,659,0.0,98,3.379,True,148,0.903448275862069,2.0
333.02580592609394,98.69382695475093,650,1.894,0.266,43.1,650,0.0,98,3.379,True,151,0.8275862068965517,1.0
246.97580592609393,317.9038269547509,527,1.824,0.293,43.1,527,0.0,98,3.379,True,152,0.8758620689655172,2.0
235.31580592609396,479.81382695475094,676,1.809,0.286,52.13,676,0.0,98,3.379,True,155,0.8413793103448276,3.0
368.045805926094,271.1438269547509,596,1.837,0.29,43.51,596,0.0,98,3.379,True,159,0.8551724137931035,2.0
316.84580592609393,131.47382695475093,618,1.818,0.118,44.12,618,0.0,98,3.379,True,164,0.8413793103448276,1.0
324.90580592609393,436.11382695475095,591,1.872,0.21,41.45,591,0.0,98,3.379,False,173,0.7793103448275862,0.0
231.13580592609395,117.41382695475093,521,1.817,0.206,39.4,521,0.0,98,3.379,False,187,0.696551724137931,0.0
391.795805926094,238.43382695475094,302,1.867,0.272,21.55,302,0.0,98,3.379,False,206,0.6344827586206897,0.0
379.44580592609395,104.38382695475093,535,1.776,0.169,42.69,535,0.0,98,3.379,True,225,0.5448275862068965,1.0
344.96580592609394,453.2238269547509,615,1.931,0.237,41.04,615,0.0,98,3.379,False,230,0.503448275862069,0.0
400.19580592609395,254.83382695475092,563,1.772,0.294,46.17,563,0.0,98,3.379,True,233,0.4482758620689655,2.0
286.30580592609397,295.9038269547509,568,1.863,0.27,40.22,568,0.0,98,3.379,False,235,0.45517241379310347,0.0
330.7300366953247,119.9630577239817,559,1.853,0.078,40.46,559,0.0,99,3.414,False,1,1.0,0.0
256.2000366953247,86.9630577239817,582,1.823,0.141,42.56,582,0.0,99,3.414,True,2,1.0,1.0
343.4100366953247,476.5930577239817,556,1.763,0.217,46.75,556,0.0,99,3.414,True,4,1.0,3.0
368.8200366953247,470.3430577239817,626,1.862,0.266,43.18,626,0.0,99,3.414,True,5,1.0,3.0
262.9500366953247,477.8530577239817,728,1.894,0.197,47.38,728,0.0,99,3.414,True,6,0.993103448275862,3.0
273.3500366953247,143.1330577239817,407,1.785,0.184,32.7,407,0.0,99,3.414,False,9,1.0,0.0
262.13003669532475,504.4730577239817,626,1.776,0.266,46.54,626,0.0,99,3.414,True,10,1.0,3.0
248.0300366953247,79.88305772398171,575,1.828,0.115,40.88,575,0.0,99,3.414,False,11,1.0,0.0
343.1900366953247,65.4630577239817,594,1.841,0.214,40.46,594,0.0,99,3.414,False,16,1.0,0.0
334.8300366953247,235.68305772398168,628,1.906,0.205,39.41,628,0.0,99,3.414,False,22,0.9862068965517241,0.0
270.8500366953247,317.98305772398174,559,1.878,0.195,37.52,559,0.0,99,3.414,False,28,0.9793103448275862,0.0
375.00003669532475,320.5030577239817,697,1.868,0.271,48.01,697,0.0,99,3.414,True,120,0.9586206896551724,2.0
340.8100366953247,425.56305772398173,592,1.874,0.281,40.25,592,0.0,99,3.414,False,141,0.9103448275862069,0.0
262.15003669532473,254.83305772398168,627,1.797,0.241,49.05,627,0.0,99,3.414,True,148,0.903448275862069,2.0
328.1900366953247,99.1730577239817,512,1.81,0.24,38.99,512,0.0,99,3.414,False,151,0.8275862068965517,0.0
247.7800366953247,317.74305772398174,528,1.776,0.252,45.91,528,0.0,99,3.414,True,152,0.8758620689655172,2.0
235.07003669532472,478.5030577239817,675,1.804,0.252,53.46,675,0.0,99,3.414,True,155,0.8413793103448276,3.0
368.9300366953247,270.9630577239817,596,1.837,0.291,43.6,596,0.0,99,3.414,True,159,0.8551724137931035,2.0
314.8300366953247,130.65305772398168,641,1.869,0.184,44.02,641,0.0,99,3.414,True,164,0.8413793103448276,1.0
324.8200366953247,435.43305772398173,564,1.848,0.248,40.88,564,0.0,99,3.414,False,173,0.7793103448275862,0.0
230.3300366953247,118.2530577239817,475,1.775,0.2,37.94,475,0.0,99,3.414,False,187,0.696551724137931,0.0
392.6900366953247,238.24305772398168,301,1.867,0.271,21.38,301,0.0,99,3.414,False,206,0.6344827586206897,0.0
384.76003669532474,104.1730577239817,639,1.903,0.221,39.83,639,0.0,99,3.414,False,225,0.5448275862068965,0.0
344.8500366953247,452.9430577239817,616,1.902,0.232,41.3,616,0.0,99,3.414,False,230,0.503448275862069,0.0
399.15003669532473,255.2330577239817,580,1.771,0.25,49.89,580,0.0,99,3.414,True,233,0.4482758620689655,2.0
284.26003669532474,298.55305772398174,570,1.781,0.243,43.39,570,0.0,99,3.414,True,235,0.45517241379310347,2.0
329.7546520799401,118.82113464705863,540,1.875,0.281,38.53,540,0.0,100,3.448,False,1,1.0,0.0
256.0746520799401,87.56113464705862,591,1.855,0.201,40.66,591,0.0,100,3.448,False,2,1.0,0.0
343.4046520799401,476.35113464705864,484,1.793,0.297,39.59,484,0.0,100,3.448,False,4,1.0,0.0
368.8346520799401,469.6311346470586,613,1.882,0.283,41.51,613,0.0,100,3.448,False,5,1.0,0.0
262.7546520799401,478.34113464705865,688,1.882,0.278,47.47,688,0.0,100,3.448,True,6,0.993103448275862,3.0
271.3446520799401,142.78113464705862,382,1.765,0.225,32.78,382,0.0,100,3.448,False,9,1.0,0.0
263.1546520799401,504.5011346470586,626,1.777,0.267,46.4,626,0.0,100,3.448,True,10,1.0,3.0
247.7846520799401,80.84113464705862,555,1.816,0.099,39.8,555,0.0,100,3.448,False,11,1.0,0.0
343.9746520799401,65.34113464705862,616,1.856,0.243,40.66,616,0.0,100,3.448,False,16,1.0,0.0
334.8946520799401,235.7411346470586,615,1.897,0.182,38.53,615,0.0,100,3.448,False,22,0.9862068965517241,0.0
270.9846520799401,317.79113464705864,561,1.805,0.266,44.06,561,0.0,100,3.448,True,28,0.9793103448275862,2.0
376.7946520799401,320.53113464705865,704,1.859,0.261,49.17,704,0.0,100,3.448,True,120,0.9586206896551724,2.0
340.8346520799401,425.59113464705865,591,1.872,0.281,40.23,591,0.0,100,3.448,False,141,0.9103448275862069,0.0
262.1946520799401,254.85113464705861,634,1.819,0.256,48.32,634,0.0,100,3.448,True,148,0.903448275862069,2.0
332.9046520799401,98.98113464705862,580,1.89,0.181,37.68,580,0.0,100,3.448,False,151,0.8275862068965517,0.0
245.8346520799401,318.1311346470586,603,1.795,0.237,49.17,603,0.0,100,3.448,True,152,0.8758620689655172,2.0
232.7646520799401,476.7511346470586,641,1.758,0.185,54.07,641,0.0,100,3.448,True,155,0.8413793103448276,3.0
369.9646520799401,270.99113464705863,596,1.837,0.29,43.64,596,0.0,100,3.448,True,159,0.8551724137931035,2.0
314.7146520799401,130.7311346470586,647,1.886,0.185,42.57,647,0.0,100,3.448,True,164,0.8413793103448276,1.0
323.9446520799401,435.45113464705867,564,1.857,0.262,40.23,564,0.0,100,3.448,False,173,0.7793103448275862,0.0
230.1446520799401,119.22113464705863,505,1.845,0.226,35.97,505,0.0,100,3.448,False,187,0.696551724137931,0.0
393.7146520799401,238.2711346470586,302,1.866,0.273,21.5,302,0.0,100,3.448,False,206,0.6344827586206897,0.0
383.8546520799401,104.17113464705862,652,1.925,0.227,39.38,652,0.0,100,3.448,False,225,0.5448275862068965,0.0
345.8346520799401,452.92113464705864,617,1.914,0.268,40.87,617,0.0,100,3.448,False,230,0.503448275862069,0.0
397.2946520799401,255.22113464705862,576,1.721,0.202,51.72,576,0.0,100,3.448,True,233,0.4482758620689655,2.0
284.3546520799401,299.58113464705866,526,1.732,0.217,45.98,526,0.0,100,3.448,True,235,0.45517241379310347,2.0
329.6523443876324,117.87228849321247,524,1.817,0.239,41.99,524,0.0,101,3.483,False,1,1.0,0.0
259.9723443876324,86.90228849321247,574,1.92,0.236,36.35,574,0.0,101,3.483,False,2,1.0,0.0
340.75234438763243,475.59228849321244,537,1.822,0.344,42.4,537,0.0,101,3.483,True,4,1.0,3.0
369.9523443876324,469.72228849321243,613,1.882,0.283,41.57,613,0.0,101,3.483,False,5,1.0,0.0
262.0523443876324,477.57228849321245,737,1.916,0.24,44.49,737,0.0,101,3.483,True,6,0.993103448275862,3.0
273.13234438763243,142.86228849321245,496,1.853,0.299,36.14,496,0.0,101,3.483,False,9,1.0,0.0
264.2723443876324,504.59228849321244,625,1.776,0.267,46.37,625,0.0,101,3.483,True,10,1.0,3.0
247.02234438763242,81.67228849321248,561,1.855,0.172,35.51,561,0.0,101,3.483,False,11,1.0,0.0
344.1623443876324,66.43228849321247,621,1.847,0.184,40.73,621,0.0,101,3.483,False,16,1.0,0.0
335.0123443876324,235.84228849321246,613,1.904,0.168,38.02,613,0.0,101,3.483,False,22,0.9862068965517241,0.0
271.0423443876324,317.89228849321245,556,1.813,0.21,41.78,556,0.0,101,3.483,False,28,0.9793103448275862,0.0
376.00234438763243,320.06228849321246,660,1.893,0.211,43.87,660,0.0,101,3.483,True,120,0.9586206896551724,2.0
340.00234438763243,426.33228849321245,561,1.859,0.219,39.48,561,0.0,101,3.483,False,141,0.9103448275862069,0.0
262.2723443876324,253.74228849321247,596,1.877,0.234,38.64,596,0.0,101,3.483,False,148,0.903448275862069,0.0
332.0523443876324,99.10228849321247,576,1.895,0.177,37.39,576,0.0,101,3.483,False,151,0.8275862068965517,0.0
243.9523443876324,317.9822884932125,616,1.818,0.289,50.76,616,0.0,101,3.483,True,152,0.8758620689655172,2.0
231.1323443876324,476.84228849321244,666,1.819,0.28,53.26,666,0.0,101,3.483,True,155,0.8413793103448276,3.0
371.0723443876324,271.08228849321245,596,1.837,0.29,43.66,596,0.0,101,3.483,True,159,0.8551724137931035,2.0
313.87234438763244,130.74228849321247,652,1.867,0.193,44.07,652,0.0,101,3.483,True,164,0.8413793103448276,1.0
324.95234438763237,435.0422884932125,524,1.884,0.201,35.3,524,0.0,101,3.483,False,173,0.7793103448275862,0.0
229.2523443876324,119.31228849321248,500,1.838,0.223,35.93,500,0.0,101,3.483,False,187,0.696551724137931,0.0
394.8323443876324,238.36228849321245,302,1.866,0.271,21.51,302,0.0,101,3.483,False,206,0.6344827586206897,0.0
383.9923443876324,105.25228849321248,640,1.918,0.228,39.27,640,0.0,101,3.483,False,225,0.5448275862068965,0.0
345.9823443876324,453.26228849321245,606,1.881,0.176,40.31,606,0.0,101,3.483,False,230,0.503448275862069,0.0
396.2323443876324,255.36228849321245,605,1.813,0.293,47.21,605,0.0,101,3.483,True,233,0.4482758620689655,2.0
285.4823443876324,299.66228849321243,506,1.76,0.246,43.66,506,0.0,101,3.483,True,235,0.45517241379310347,2.0
353.2223443876324,448.0422884932125,507,1.829,0.259,39.9,507,0.0,101,3.483,False,247,0.30344827586206896,0.0
329.2534554987435,116.44117738210136,541,1.868,0.257,37.24,541,0.0,102,3.517,False,1,1.0,0.0
255.5734554987435,86.73117738210135,514,1.839,0.172,35.7,514,0.0,102,3.517,False,2,1.0,0.0
339.2034554987435,474.8911773821014,684,1.814,0.297,55.86,684,0.0,102,3.517,True,4,1.0,3.0
371.20345549874355,469.74117738210134,613,1.881,0.282,41.62,613,0.0,102,3.517,False,5,1.0,0.0
263.2534554987435,477.46117738210137,732,1.891,0.261,47.31,732,0.0,102,3.517,True,6,0.993103448275862,3.0
271.8234554987435,143.54117738210135,440,1.82,0.149,32.64,440,0.0,102,3.517,False,9,1.0,0.0
265.52345549874354,504.62117738210134,625,1.777,0.267,46.44,625,0.0,102,3.517,True,10,1.0,3.0
247.05345549874352,82.59117738210136,522,1.846,0.125,33.73,522,0.0,102,3.517,False,11,1.0,0.0
345.4534554987435,66.45117738210136,635,1.858,0.192,40.74,635,0.0,102,3.517,False,16,1.0,0.0
336.28345549874354,235.87117738210137,599,1.902,0.169,38.11,599,0.0,102,3.517,False,22,0.9862068965517241,0.0
271.97345549874353,317.7011773821014,460,1.716,0.216,40.52,460,0.0,102,3.517,False,28,0.9793103448275862,0.0
377.3034554987435,320.10117738210135,680,1.899,0.216,44.03,680,0.0,102,3.517,True,120,0.9586206896551724,2.0
337.40345549874354,427.3911773821014,537,1.833,0.205,38.99,537,0.0,102,3.517,False,141,0.9103448275862069,0.0
261.3734554987435,251.77117738210137,605,1.871,0.265,40.96,605,0.0,102,3.517,False,148,0.903448275862069,0.0
332.2534554987435,99.47117738210136,561,1.903,0.265,35.7,561,0.0,102,3.517,False,151,0.8275862068965517,0.0
244.04345549874353,318.41117738210136,577,1.75,0.303,51.91,577,0.0,102,3.517,True,152,0.8758620689655172,2.0
232.02345549874354,476.59117738210136,601,1.798,0.288,47.53,601,0.0,102,3.517,True,155,0.8413793103448276,3.0
372.33345549874355,271.11117738210135,596,1.837,0.291,43.59,596,0.0,102,3.517,True,159,0.8551724137931035,2.0
314.1234554987435,130.77117738210137,651,1.867,0.194,44.03,651,0.0,102,3.517,True,164,0.8413793103448276,1.0
324.21345549874354,435.5711773821014,507,1.875,0.226,34.39,507,0.0,102,3.517,False,173,0.7793103448275862,0.0
228.74345549874351,119.37117738210135,454,1.792,0.209,35.7,454,0.0,102,3.517,False,187,0.696551724137931,0.0
396.08345549874355,238.40117738210137,302,1.866,0.271,21.47,302,0.0,102,3.517,False,206,0.6344827586206897,0.0
383.2434554987435,105.28117738210136,643,1.915,0.226,39.65,643,0.0,102,3.517,False,225,0.5448275862068965,0.0
346.3134554987435,453.17117738210135,610,1.882,0.156,41.62,610,0.0,102,3.517,False,230,0.503448275862069,0.0
395.4834554987435,255.39117738210135,605,1.813,0.293,47.31,605,0.0,102,3.517,True,233,0.4482758620689655,2.0
285.3834554987435,300.35117738210135,458,1.817,0.268,37.02,458,0.0,102,3.517,False,235,0.45517241379310347,0.0
354.41345549874353,447.94117738210133,572,1.815,0.265,44.9,572,0.0,102,3.517,True,247,0.30344827586206896,3.0
350.02345549874354,423.5811773821014,126,1.259,0.213,19.93,126,0.0,102,3.517,False,248,0.041379310344827586,0.0
329.4023840701721,115.61082023924422,542,1.869,0.259,37.24,542,0.0,103,3.552,False,1,1.0,0.0
260.38238407017207,86.67082023924422,555,1.926,0.234,34.43,555,0.0,103,3.552,False,2,1.0,0.0
338.5223840701721,474.9908202392442,682,1.81,0.311,55.22,682,0.0,103,3.552,True,4,1.0,3.0
372.3523840701721,469.92082023924416,613,1.881,0.282,41.57,613,0.0,103,3.552,False,5,1.0,0.0
261.5823840701721,476.98082023924417,658,1.893,0.294,44.39,658,0.0,103,3.552,True,6,0.993103448275862,3.0
273.4723840701721,144.0908202392442,446,1.889,0.252,30.75,446,0.0,103,3.552,False,9,1.0,0.0
266.6723840701721,504.79082023924417,625,1.777,0.267,46.34,625,0.0,103,3.552,True,10,1.0,3.0
247.55238407017208,83.23082023924422,485,1.851,0.112,32.7,485,0.0,103,3.552,False,11,1.0,0.0
346.3323840701721,66.68082023924421,718,1.881,0.176,44.39,718,0.0,103,3.552,True,16,1.0,1.0
336.4023840701721,235.9008202392442,606,1.891,0.252,40.06,606,0.0,103,3.552,False,22,0.9862068965517241,0.0
268.2923840701721,315.9708202392442,478,1.731,0.22,41.79,478,0.0,103,3.552,False,28,0.9793103448275862,0.0
378.3123840701721,320.2708202392442,658,1.892,0.21,43.74,658,0.0,103,3.552,True,120,0.9586206896551724,2.0
336.82238407017206,427.6308202392442,507,1.769,0.162,39.63,507,0.0,103,3.552,False,141,0.9103448275862069,0.0
258.5123840701721,250.0908202392442,482,1.715,0.198,40.92,482,0.0,103,3.552,False,148,0.903448275862069,0.0
331.4023840701721,99.64082023924422,562,1.903,0.265,35.73,562,0.0,103,3.552,False,151,0.8275862068965517,0.0
244.31238407017207,319.0108202392442,597,1.757,0.279,53.27,597,0.0,103,3.552,True,152,0.8758620689655172,2.0
230.2223840701721,475.04082023924417,588,1.809,0.254,45.91,588,0.0,103,3.552,True,155,0.8413793103448276,3.0
373.4823840701721,271.2808202392442,597,1.837,0.291,43.52,597,0.0,103,3.552,True,159,0.8551724137931035,2.0
314.1723840701721,130.57082023924423,590,1.86,0.148,39.19,590,0.0,103,3.552,False,164,0.8413793103448276,0.0
322.3623840701721,436.0008202392442,672,1.877,0.34,47.64,672,0.0,103,3.552,True,173,0.7793103448275862,3.0
228.56238407017207,119.92082023924422,498,1.876,0.267,33.35,498,0.0,103,3.552,False,187,0.696551724137931,0.0
397.2323840701721,238.5608202392442,301,1.868,0.273,21.44,301,0.0,103,3.552,False,206,0.6344827586206897,0.0
382.4223840701721,105.06082023924422,637,1.922,0.234,39.41,637,0.0,103,3.552,False,225,0.5448275862068965,0.0
347.4623840701721,453.3408202392442,610,1.882,0.156,41.57,610,0.0,103,3.552,False,230,0.503448275862069,0.0
394.63238407017207,255.5608202392442,607,1.818,0.294,47.2,607,0.0,103,3.552,True,233,0.4482758620689655,2.0
284.4823840701721,301.8508202392442,519,1.809,0.394,42.44,519,0.0,103,3.552,True,235,0.45517241379310347,2.0
355.5623840701721,448.1208202392442,573,1.815,0.265,44.82,573,0.0,103,3.552,True,247,0.30344827586206896,3.0
350.4323840701721,423.9308202392442,191,1.379,0.023,24.68,191,0.0,103,3.552,False,248,0.041379310344827586,0.0
329.24381264160064,114.84724881067278,462,1.861,0.229,33.36,462,0.0,104,3.586,False,1,1.0,0.0
255.84381264160066,87.36724881067279,492,1.875,0.231,32.06,492,0.0,104,3.586,False,2,1.0,0.0
338.7038126416007,474.7672488106728,684,1.81,0.312,55.25,684,0.0,104,3.586,True,4,1.0,3.0
373.53381264160066,469.69724881067276,612,1.882,0.283,41.6,612,0.0,104,3.586,False,5,1.0,0.0
259.78381264160066,476.7372488106728,639,1.888,0.302,44.2,639,0.0,104,3.586,True,6,0.993103448275862,3.0
273.54381264160065,143.8572488106728,438,1.874,0.253,30.33,438,0.0,104,3.586,False,9,1.0,0.0
267.85381264160065,504.56724881067277,625,1.776,0.266,46.36,625,0.0,104,3.586,True,10,1.0,3.0
243.60381264160065,86.41724881067279,469,1.879,0.256,31.2,469,0.0,104,3.586,False,11,1.0,0.0
347.47381264160066,66.67724881067278,681,1.885,0.209,40.51,681,0.0,104,3.586,False,16,1.0,0.0
338.42381264160065,235.6272488106728,557,1.847,0.189,39.65,557,0.0,104,3.586,False,22,0.9862068965517241,0.0
269.46381264160067,315.6472488106728,538,1.667,0.218,50.48,538,0.0,104,3.586,True,28,0.9793103448275862,2.0
377.60381264160065,319.62724881067277,656,1.869,0.243,45.06,656,0.0,104,3.586,True,120,0.9586206896551724,2.0
337.9438126416007,427.63724881067276,498,1.753,0.191,40.51,498,0.0,104,3.586,False,141,0.9103448275862069,0.0
262.68381264160064,251.7172488106728,570,1.842,0.289,42.25,570,0.0,104,3.586,True,148,0.903448275862069,2.0
331.55381264160064,99.74724881067279,530,1.885,0.223,33.8,530,0.0,104,3.586,False,151,0.8275862068965517,0.0
243.25381264160063,318.7772488106728,594,1.808,0.32,51.13,594,0.0,104,3.586,True,152,0.8758620689655172,2.0
225.92381264160065,473.3372488106728,611,1.762,0.261,52.21,611,0.0,104,3.586,True,155,0.8413793103448276,3.0
374.65381264160067,271.0572488106728,597,1.837,0.291,43.55,597,0.0,104,3.586,True,159,0.8551724137931035,2.0
313.4538126416007,129.74724881067277,591,1.887,0.184,38.35,591,0.0,104,3.586,False,164,0.8413793103448276,0.0
322.55381264160064,435.7672488106728,628,1.842,0.321,47.45,628,0.0,104,3.586,True,173,0.7793103448275862,3.0
227.86381264160065,120.26724881067278,438,1.855,0.214,30.55,438,0.0,104,3.586,False,187,0.696551724137931,0.0
398.41381264160066,238.33724881067278,301,1.868,0.274,21.45,301,0.0,104,3.586,False,206,0.6344827586206897,0.0
382.52381264160067,104.82724881067278,622,1.905,0.22,39.21,622,0.0,104,3.586,False,225,0.5448275862068965,0.0
348.53381264160066,453.6572488106728,612,1.865,0.202,41.81,612,0.0,104,3.586,False,230,0.503448275862069,0.0
394.04381264160065,255.3472488106728,555,1.777,0.261,47.01,555,0.0,104,3.586,True,233,0.4482758620689655,2.0
284.71381264160067,302.81724881067277,540,1.849,0.322,39.21,540,0.0,104,3.586,False,235,0.45517241379310347,0.0
356.75381264160063,447.9172488106728,526,1.815,0.274,42.03,526,0.0,104,3.586,False,247,0.30344827586206896,0.0
351.41381264160066,423.9272488106728,204,1.519,0.113,22.53,204,0.0,104,3.586,False,248,0.041379310344827586,0.0
271.3338126416007,87.25724881067279,103,1.67,0.153,10.4,103,0.0,104,3.586,False,250,0.027586206896551724,0.0
326.1265712622903,112.04862812101761,505,1.925,0.232,30.12,505,0.0,105,3.621,False,1,1.0,0.0
255.25657126229032,87.66862812101762,478,1.849,0.186,32.24,478,0.0,105,3.621,False,2,1.0,0.0
338.10657126229034,474.5986281210176,653,1.842,0.287,48.99,653,0.0,105,3.621,True,4,1.0,3.0
375.8465712622903,469.82862812101763,559,1.863,0.246,38.18,559,0.0,105,3.621,False,5,1.0,0.0
259.4765712622903,476.9186281210176,606,1.773,0.18,47.93,606,0.0,105,3.621,True,6,0.993103448275862,3.0
273.8865712622903,143.6286281210176,425,1.869,0.214,29.48,425,0.0,105,3.621,False,9,1.0,0.0
269.3265712622903,504.7986281210176,626,1.776,0.266,46.45,626,0.0,105,3.621,True,10,1.0,3.0
243.0965712622903,86.65862812101761,475,1.86,0.247,31.81,475,0.0,105,3.621,False,11,1.0,0.0
347.0265712622903,67.67862812101762,648,1.884,0.172,39.24,648,0.0,105,3.621,False,16,1.0,0.0
337.04657126229034,236.33862812101762,580,1.946,0.164,35.21,580,0.0,105,3.621,False,22,0.9862068965517241,0.0
269.1465712622903,315.2986281210176,503,1.788,0.198,40.93,503,0.0,105,3.621,False,28,0.9793103448275862,0.0
378.0765712622903,319.43862812101764,629,1.88,0.232,42.42,629,0.0,105,3.621,True,120,0.9586206896551724,2.0
340.2565712622903,427.9186281210176,472,1.835,0.307,36.9,472,0.0,105,3.621,False,141,0.9103448275862069,0.0
259.17657126229034,250.79862812101763,607,1.878,0.328,44.75,607,0.0,105,3.621,True,148,0.903448275862069,2.0
330.99657126229033,100.69862812101762,527,1.924,0.253,31.81,527,0.0,105,3.621,False,151,0.8275862068965517,0.0
243.9765712622903,318.7786281210176,517,1.746,0.328,48.36,517,0.0,105,3.621,True,152,0.8758620689655172,2.0
222.6465712622903,473.0286281210176,510,1.685,0.239,49.84,510,0.0,105,3.621,True,155,0.8413793103448276,3.0
376.1365712622903,271.2886281210176,596,1.837,0.29,43.48,596,0.0,105,3.621,True,159,0.8551724137931035,2.0
311.2065712622903,128.73862812101763,556,1.901,0.337,39.02,556,0.0,105,3.621,False,164,0.8413793103448276,0.0
323.0365712622903,435.5286281210176,603,1.888,0.281,41.78,603,0.0,105,3.621,False,173,0.7793103448275862,0.0
227.42657126229034,120.48862812101763,441,1.798,0.153,33.3,441,0.0,105,3.621,False,187,0.696551724137931,0.0
399.8865712622903,238.5686281210176,301,1.866,0.271,21.42,301,0.0,105,3.621,False,206,0.6344827586206897,0.0
382.0665712622903,105.07862812101762,628,1.919,0.235,39.02,628,0.0,105,3.621,False,225,0.5448275862068965,0.0
349.0265712622903,453.8586281210176,615,1.871,0.211,41.78,615,0.0,105,3.621,False,230,0.503448275862069,0.0
394.3365712622903,255.57862812101763,593,1.821,0.295,46.66,593,0.0,105,3.621,True,233,0.4482758620689655,2.0
285.91657126229035,303.2286281210176,565,1.746,0.287,47.51,565,0.0,105,3.621,True,235,0.45517241379310347,2.0
358.1365712622903,447.7286281210176,658,1.793,0.331,54.08,658,0.0,105,3.621,True,247,0.30344827586206896,3.0
353.2165712622903,424.30862812101765,193,1.538,0.213,22.06,193,0.0,105,3.621,False,248,0.041379310344827586,0.0
272.8265712622903,87.45862812101763,108,1.64,0.109,11.45,108,0.0,105,3.621,False,250,0.027586206896551724,0.0
327.7855367795317,112.41897294860382,539,1.867,0.209,36.54,539,0.0,106,3.655,False,1,1.0,0.0
259.9055367795317,87.96897294860382,480,1.935,0.206,28.72,480,0.0,106,3.655,False,2,1.0,0.0
337.7955367795317,474.4189729486038,667,1.859,0.311,48.85,667,0.0,106,3.655,True,4,1.0,3.0
376.63553677953166,469.6189729486038,559,1.863,0.244,38.3,559,0.0,106,3.655,False,5,1.0,0.0
260.0455367795317,476.7389729486038,634,1.878,0.278,43.77,634,0.0,106,3.655,True,6,0.993103448275862,3.0
271.7755367795317,144.30897294860384,492,1.896,0.225,32.24,492,0.0,106,3.655,False,9,1.0,0.0
270.1155367795317,504.5889729486038,626,1.777,0.267,46.5,626,0.0,106,3.655,True,10,1.0,3.0
240.2355367795317,88.47897294860381,500,1.659,0.187,45.33,500,0.0,106,3.655,True,11,1.0,1.0
347.8155367795317,67.46897294860382,650,1.886,0.173,39.27,650,0.0,106,3.655,False,16,1.0,0.0
335.9055367795317,236.15897294860383,705,1.898,0.177,45.92,705,0.0,106,3.655,True,22,0.9862068965517241,2.0
268.38553677953166,314.7989729486038,546,1.695,0.131,49.82,546,0.0,106,3.655,True,28,0.9793103448275862,2.0
376.9455367795317,318.9689729486038,630,1.866,0.28,45.92,630,0.0,106,3.655,True,120,0.9586206896551724,2.0
340.87553677953167,427.7489729486038,437,1.826,0.285,33.61,437,0.0,106,3.655,False,141,0.9103448275862069,0.0
261.9555367795317,250.76897294860382,617,1.849,0.252,43.96,617,0.0,106,3.655,True,148,0.903448275862069,2.0
327.87553677953167,99.91897294860382,582,1.931,0.24,35.56,582,0.0,106,3.655,False,151,0.8275862068965517,0.0
238.2255367795317,318.6289729486038,486,1.698,0.288,45.72,486,0.0,106,3.655,True,152,0.8758620689655172,2.0
226.7055367795317,472.8789729486038,596,1.837,0.258,43.96,596,0.0,106,3.655,True,155,0.8413793103448276,3.0
376.91553677953175,271.0789729486038,596,1.837,0.29,43.57,596,0.0,106,3.655,True,159,0.8551724137931035,2.0
310.9155367795317,128.75897294860383,669,1.876,0.342,48.46,669,0.0,106,3.655,True,164,0.8413793103448276,1.0
323.7755367795317,434.8189729486038,545,1.875,0.294,38.3,545,0.0,106,3.655,False,173,0.7793103448275862,0.0
225.4055367795317,120.39897294860381,374,1.742,0.121,31.85,374,0.0,106,3.655,False,187,0.696551724137931,0.0
400.67553677953174,238.35897294860382,302,1.867,0.272,21.49,302,0.0,106,3.655,False,206,0.6344827586206897,0.0
380.7455367795317,104.85897294860382,606,1.896,0.219,38.88,606,0.0,106,3.655,False,225,0.5448275862068965,0.0
348.9755367795317,453.6889729486038,618,1.883,0.205,40.64,618,0.0,106,3.655,False,230,0.503448275862069,0.0
394.91553677953175,255.71897294860383,638,1.851,0.348,47.28,638,0.0,106,3.655,True,233,0.4482758620689655,2.0
283.9055367795317,304.7989729486038,552,1.743,0.236,44.16,552,0.0,106,3.655,True,235,0.45517241379310347,2.0
361.8155367795317,447.7089729486038,609,1.883,0.355,43.96,609,0.0,106,3.655,True,247,0.30344827586206896,3.0
352.0855367795317,424.6289729486038,142,1.351,0.162,18.95,142,0.0,106,3.655,False,248,0.041379310344827586,0.0
273.5755367795317,87.27897294860382,114,1.646,0.152,11.72,114,0.0,106,3.655,False,250,0.027586206896551724,0.0
328.0013988484972,111.48966260377622,551,1.851,0.221,37.57,551,0.0,107,3.69,False,1,1.0,0.0
261.1813988484972,88.01966260377623,466,1.928,0.201,27.91,466,0.0,107,3.69,False,2,1.0,0.0
336.9613988484972,474.50966260377623,664,1.834,0.29,50.37,664,0.0,107,3.69,True,4,1.0,3.0
377.8613988484972,469.67966260377625,558,1.863,0.245,38.2,558,0.0,107,3.69,False,5,1.0,0.0
262.1913988484972,476.60966260377626,690,1.908,0.341,46.8,690,0.0,107,3.69,True,6,0.993103448275862,3.0
271.9813988484972,144.35966260377623,477,1.912,0.251,30.85,477,0.0,107,3.69,False,9,1.0,0.0
271.3413988484972,504.6496626037762,626,1.776,0.266,46.38,626,0.0,107,3.69,True,10,1.0,3.0
241.93139884849722,88.58966260377623,547,1.766,0.25,43.66,547,0.0,107,3.69,True,11,1.0,1.0
348.17139884849723,67.87966260377623,634,1.907,0.174,37.36,634,0.0,107,3.69,False,16,1.0,0.0
336.9413988484972,236.40966260377624,677,1.899,0.177,43.24,677,0.0,107,3.69,True,22,0.9862068965517241,2.0
268.9413988484972,314.28966260377626,524,1.708,0.149,45.97,524,0.0,107,3.69,True,28,0.9793103448275862,2.0
377.0713988484972,318.99966260377624,708,1.849,0.27,53.52,708,0.0,107,3.69,True,120,0.9586206896551724,2.0
337.0713988484972,428.85966260377626,460,1.86,0.269,32.32,460,0.0,107,3.69,False,141,0.9103448275862069,0.0
262.0613988484972,249.93966260377624,620,1.848,0.232,43.03,620,0.0,107,3.69,True,148,0.903448275862069,2.0
327.0613988484972,99.85966260377623,596,1.9,0.285,39.46,596,0.0,107,3.69,False,151,0.8275862068965517,0.0
238.2313988484972,318.92966260377625,572,1.793,0.287,46.8,572,0.0,107,3.69,True,152,0.8758620689655172,2.0
224.86139884849723,471.75966260377623,697,1.82,0.211,51.21,697,0.0,107,3.69,True,155,0.8413793103448276,3.0
378.15139884849725,271.13966260377623,596,1.837,0.291,43.66,596,0.0,107,3.69,True,159,0.8551724137931035,2.0
310.2513988484972,128.76966260377623,639,1.868,0.348,48.27,639,0.0,107,3.69,True,164,0.8413793103448276,1.0
321.0813988484972,434.92966260377625,558,1.903,0.313,38.2,558,0.0,107,3.69,False,173,0.7793103448275862,0.0
224.4213988484972,120.42966260377622,407,1.796,0.174,30.64,407,0.0,107,3.69,False,187,0.696551724137931,0.0
401.91139884849724,238.42966260377625,301,1.866,0.271,21.41,301,0.0,107,3.69,False,206,0.6344827586206897,0.0
379.9713988484972,104.91966260377623,606,1.896,0.22,38.83,606,0.0,107,3.69,False,225,0.5448275862068965,0.0
349.0813988484972,453.7096626037762,616,1.884,0.22,40.3,616,0.0,107,3.69,False,230,0.503448275862069,0.0
395.1013988484972,255.75966260377623,639,1.862,0.36,46.8,639,0.0,107,3.69,True,233,0.4482758620689655,2.0
284.1313988484972,304.8396626037762,559,1.75,0.241,44.08,559,0.0,107,3.69,True,235,0.45517241379310347,2.0
362.0813988484972,447.68966260377624,612,1.894,0.373,43.45,612,0.0,107,3.69,True,247,0.30344827586206896,3.0
349.8313988484972,425.17966260377625,128,1.482,0.169,15.74,128,0.0,107,3.69,False,248,0.041379310344827586,0.0
274.8113988484972,87.34966260377622,113,1.644,0.155,11.75,113,0.0,107,3.69,False,250,0.027586206896551724,0.0
328.7847321818306,112.32262556673919,585,1.863,0.218,37.4,585,0.0,108,3.724,False,1,1.0,0.0
259.1047321818305,88.85262556673919,679,1.887,0.225,44.23,679,0.0,108,3.724,True,2,1.0,1.0
337.8447321818305,474.3026255667392,625,1.815,0.188,49.51,625,0.0,108,3.724,True,4,1.0,3.0
375.39473218183053,466.96262556673923,568,1.763,0.287,46.21,568,0.0,108,3.724,True,5,1.0,3.0
261.06473218183055,475.83262556673924,731,1.885,0.31,49.73,731,0.0,108,3.724,True,6,0.993103448275862,3.0
270.33473218183053,144.5626255667392,434,1.76,0.219,36.96,434,0.0,108,3.724,False,9,1.0,0.0
273.1547321818306,504.6826255667392,613,1.773,0.274,46.65,613,0.0,108,3.724,True,10,1.0,3.0
243.19473218183055,88.86262556673918,593,1.836,0.26,41.8,593,0.0,108,3.724,False,11,1.0,0.0
349.81473218183055,67.73262556673919,630,1.817,0.255,47.31,630,0.0,108,3.724,True,16,1.0,1.0
333.4147321818306,235.68262556673918,556,1.822,0.112,39.82,556,0.0,108,3.724,False,22,0.9862068965517241,0.0
267.06473218183055,312.6726255667392,717,1.834,0.245,52.59,717,0.0,108,3.724,True,28,0.9793103448275862,2.0
375.14473218183053,318.83262556673924,518,1.797,0.268,42.46,518,0.0,108,3.724,True,120,0.9586206896551724,2.0
338.62473218183055,429.0626255667392,531,1.768,0.176,44.23,531,0.0,108,3.724,True,141,0.9103448275862069,3.0
260.93473218183055,248.5026255667392,702,1.876,0.225,47.31,702,0.0,108,3.724,True,148,0.903448275862069,2.0
330.5347321818306,99.89262556673918,505,1.754,0.098,41.58,505,0.0,108,3.724,False,151,0.8275862068965517,0.0
242.49473218183056,318.96262556673923,540,1.739,0.215,47.97,540,0.0,108,3.724,True,152,0.8758620689655172,2.0
223.86473218183056,472.3526255667392,739,1.828,0.244,56.11,739,0.0,108,3.724,True,155,0.8413793103448276,3.0
379.93473218183055,271.2526255667392,576,1.821,0.276,43.57,576,0.0,108,3.724,True,159,0.8551724137931035,2.0
312.06473218183055,128.55262556673918,715,1.874,0.243,50.39,715,0.0,108,3.724,True,164,0.8413793103448276,1.0
318.3447321818305,435.39262556673924,583,1.759,0.191,50.17,583,0.0,108,3.724,True,173,0.7793103448275862,3.0
228.06473218183055,120.83262556673918,588,1.878,0.274,39.82,588,0.0,108,3.724,False,187,0.696551724137931,0.0
403.7247321818305,238.37262556673917,299,1.861,0.266,22.22,299,0.0,108,3.724,False,206,0.6344827586206897,0.0
375.13473218183054,105.2726255667392,593,1.848,0.185,43.79,593,0.0,108,3.724,True,225,0.5448275862068965,1.0
348.95473218183054,454.6826255667392,696,1.876,0.297,47.75,696,0.0,108,3.724,True,230,0.503448275862069,3.0
394.98473218183057,256.4026255667392,667,1.875,0.238,45.33,667,0.0,108,3.724,True,233,0.4482758620689655,2.0
283.04473218183057,306.89262556673924,663,1.859,0.309,45.77,663,0.0,108,3.724,True,235,0.45517241379310347,2.0
363.0247321818306,447.7226255667392,716,1.862,0.345,54.35,716,0.0,108,3.724,True,247,0.30344827586206896,3.0
329.0939914410898,111.60558852970217,665,1.9,0.221,41.08,665,0.0,109,3.759,False,1,1.0,0.0
258.96399144108983,88.77558852970216,693,1.896,0.218,43.81,693,0.0,109,3.759,True,2,1.0,1.0
331.0339914410898,474.7955885297021,555,1.788,0.306,45.08,555,0.0,109,3.759,True,4,1.0,3.0
377.1839914410898,467.64558852970214,578,1.81,0.275,42.97,578,0.0,109,3.759,True,5,1.0,3.0
262.0039914410898,475.46558852970213,702,1.879,0.256,49.29,702,0.0,109,3.759,True,6,0.993103448275862,3.0
273.5239914410898,144.45558852970217,438,1.765,0.205,36.23,438,0.0,109,3.759,False,9,1.0,0.0
274.1139914410898,504.65558852970213,619,1.775,0.27,46.55,619,0.0,109,3.759,True,10,1.0,3.0
242.72399144108982,89.41558852970216,578,1.866,0.242,40.02,578,0.0,109,3.759,False,11,1.0,0.0
348.7739914410898,68.55558852970216,626,1.886,0.288,41.92,626,0.0,109,3.759,False,16,1.0,0.0
334.1639914410898,235.62558852970216,586,1.845,0.151,40.65,586,0.0,109,3.759,False,22,0.9862068965517241,0.0
266.9239914410898,312.3555885297021,666,1.855,0.215,46.55,666,0.0,109,3.759,True,28,0.9793103448275862,2.0
378.66399144108976,318.5355885297021,562,1.782,0.151,45.29,562,0.0,109,3.759,True,120,0.9586206896551724,2.0
338.7439914410898,428.93558852970216,525,1.821,0.306,40.87,525,0.0,109,3.759,False,141,0.9103448275862069,0.0
260.6939914410898,248.67558852970217,668,1.866,0.254,46.34,668,0.0,109,3.759,True,148,0.903448275862069,2.0
329.6339914410898,99.84558852970217,548,1.83,0.18,39.81,548,0.0,109,3.759,False,151,0.8275862068965517,0.0
241.6839914410898,318.46558852970213,549,1.804,0.264,43.39,549,0.0,109,3.759,True,152,0.8758620689655172,2.0
221.85399144108982,471.70558852970214,720,1.842,0.29,53.71,720,0.0,109,3.759,True,155,0.8413793103448276,3.0
380.91399144108976,271.13558852970215,587,1.838,0.3,42.34,587,0.0,109,3.759,True,159,0.8551724137931035,2.0
310.9839914410898,127.83558852970216,684,1.879,0.299,48.45,684,0.0,109,3.759,True,164,0.8413793103448276,1.0
318.0939914410898,435.82558852970215,574,1.782,0.268,47.18,574,0.0,109,3.759,True,173,0.7793103448275862,3.0
228.79399144108982,121.39558852970217,553,1.897,0.229,35.81,553,0.0,109,3.759,False,187,0.696551724137931,0.0
404.66399144108976,238.49558852970216,309,1.805,0.247,24.43,309,0.0,109,3.759,False,206,0.6344827586206897,0.0
373.2539914410898,104.70558852970217,497,1.706,0.151,43.6,497,0.0,109,3.759,True,225,0.5448275862068965,1.0
348.8839914410898,454.9855885297021,644,1.871,0.236,45.08,644,0.0,109,3.759,True,230,0.503448275862069,3.0
394.8239914410898,256.33558852970214,668,1.891,0.228,44.02,668,0.0,109,3.759,True,233,0.4482758620689655,2.0
283.0039914410898,307.71558852970213,628,1.868,0.315,41.71,628,0.0,109,3.759,False,235,0.45517241379310347,0.0
364.8539914410898,447.50558852970215,695,1.852,0.314,52.66,695,0.0,109,3.759,True,247,0.30344827586206896,3.0
330.0451025522009,111.1763292704429,638,1.917,0.213,41.76,638,0.0,110,3.793,False,1,1.0,0.0
258.22510255220095,89.3763292704429,606,1.884,0.228,41.76,606,0.0,110,3.793,False,2,1.0,0.0
334.9551025522009,475.0663292704429,561,1.804,0.243,42.38,561,0.0,110,3.793,True,4,1.0,3.0
378.43510255220093,467.6863292704429,578,1.81,0.276,43.0,578,0.0,110,3.793,True,5,1.0,3.0
260.2951025522009,474.7563292704429,675,1.875,0.307,46.93,675,0.0,110,3.793,True,6,0.993103448275862,3.0
271.36510255220094,144.56632927044288,457,1.802,0.264,36.18,457,0.0,110,3.793,False,9,1.0,0.0
275.36510255220094,504.6963292704429,620,1.775,0.27,46.72,620,0.0,110,3.793,True,10,1.0,3.0
243.90510255220093,89.6063292704429,587,1.868,0.246,37.63,587,0.0,110,3.793,False,11,1.0,0.0
349.98510255220094,68.7863292704429,575,1.845,0.241,40.11,575,0.0,110,3.793,False,16,1.0,0.0
335.3951025522009,236.31632927044288,551,1.879,0.079,36.18,551,0.0,110,3.793,False,22,0.9862068965517241,0.0
266.0651025522009,311.9363292704429,755,1.912,0.297,49.0,755,0.0,110,3.793,True,28,0.9793103448275862,2.0
378.9051025522009,318.5563292704429,567,1.8,0.152,44.66,567,0.0,110,3.793,True,120,0.9586206896551724,2.0
339.0051025522009,429.6863292704429,507,1.84,0.273,36.59,507,0.0,110,3.793,False,141,0.9103448275862069,0.0
260.9551025522009,248.5863292704429,670,1.837,0.198,47.76,670,0.0,110,3.793,True,148,0.903448275862069,2.0
326.22510255220095,99.3863292704429,528,1.883,0.213,36.18,528,0.0,110,3.793,False,151,0.8275862068965517,0.0
240.00510255220092,318.5463292704429,562,1.824,0.306,43.0,562,0.0,110,3.793,True,152,0.8758620689655172,2.0
222.03510255220093,470.3563292704429,649,1.845,0.225,46.93,649,0.0,110,3.793,True,155,0.8413793103448276,3.0
382.1651025522009,271.1763292704429,587,1.839,0.3,42.38,587,0.0,110,3.793,True,159,0.8551724137931035,2.0
309.3051025522009,126.81632927044289,631,1.849,0.344,49.0,631,0.0,110,3.793,True,164,0.8413793103448276,1.0
318.5351025522009,435.3763292704429,510,1.804,0.191,40.32,510,0.0,110,3.793,False,173,0.7793103448275862,0.0
228.11510255220094,120.8863292704429,552,1.891,0.2,35.15,552,0.0,110,3.793,False,187,0.696551724137931,0.0
405.9151025522009,238.53632927044288,308,1.805,0.246,24.4,308,0.0,110,3.793,False,206,0.6344827586206897,0.0
373.29510255220094,104.81632927044289,523,1.8,0.227,40.52,523,0.0,110,3.793,False,225,0.5448275862068965,0.0
347.1451025522009,456.0263292704429,641,1.867,0.234,45.07,641,0.0,110,3.793,True,230,0.503448275862069,3.0
393.2751025522009,256.4563292704429,661,1.856,0.25,45.07,661,0.0,110,3.793,True,233,0.4482758620689655,2.0
283.0251025522009,308.72632927044293,609,1.872,0.278,40.73,609,0.0,110,3.793,False,235,0.45517241379310347,0.0
366.10510255220095,447.5463292704429,696,1.853,0.314,52.51,696,0.0,110,3.793,True,247,0.30344827586206896,3.0
329.6569544040528,110.12669964081327,624,1.898,0.277,40.11,624,0.0,111,3.828,False,1,1.0,0.0
258.67695440405276,89.82669964081327,597,1.895,0.217,38.87,597,0.0,111,3.828,False,2,1.0,0.0
335.1569544040528,475.5566996408133,495,1.759,0.239,43.0,495,0.0,111,3.828,True,4,1.0,3.0
379.92695440405276,467.7666996408133,578,1.81,0.276,43.0,578,0.0,111,3.828,True,5,1.0,3.0
262.48695440405277,475.71669964081326,733,1.878,0.276,51.07,733,0.0,111,3.828,True,6,0.993103448275862,3.0
269.8569544040528,144.66669964081328,451,1.798,0.273,36.18,451,0.0,111,3.828,False,9,1.0,0.0
276.8569544040528,504.77669964081326,620,1.775,0.27,46.72,620,0.0,111,3.828,True,10,1.0,3.0
244.53695440405278,90.73669964081327,664,1.896,0.203,39.69,664,0.0,111,3.828,False,11,1.0,0.0
350.4769544040528,68.86669964081328,574,1.844,0.24,40.11,574,0.0,111,3.828,False,16,1.0,0.0
336.75695440405275,235.77669964081326,563,1.881,0.144,35.97,563,0.0,111,3.828,False,22,0.9862068965517241,0.0
265.7869544040528,310.85669964081325,714,1.887,0.327,48.79,714,0.0,111,3.828,True,28,0.9793103448275862,2.0
378.45695440405274,318.6366996408133,536,1.794,0.144,42.8,536,0.0,111,3.828,True,120,0.9586206896551724,2.0
335.0969544040528,430.7666996408133,388,1.766,0.334,34.94,388,0.0,111,3.828,False,141,0.9103448275862069,0.0
261.49695440405276,247.00669964081328,664,1.837,0.17,45.9,664,0.0,111,3.828,True,148,0.903448275862069,2.0
326.7169544040528,98.12669964081327,621,1.848,0.189,46.1,621,0.0,111,3.828,True,151,0.8275862068965517,1.0
236.80695440405276,318.78669964081325,523,1.816,0.378,43.0,523,0.0,111,3.828,True,152,0.8758620689655172,2.0
218.73695440405277,470.0466996408133,665,1.888,0.307,45.48,665,0.0,111,3.828,True,155,0.8413793103448276,3.0
383.6569544040527,271.2566996408133,587,1.839,0.3,42.38,587,0.0,111,3.828,True,159,0.8551724137931035,2.0
310.63695440405274,127.06669964081327,667,1.86,0.31,49.41,667,0.0,111,3.828,True,164,0.8413793103448276,1.0
318.8369544040528,434.9366996408133,502,1.812,0.248,38.66,502,0.0,111,3.828,False,173,0.7793103448275862,0.0
227.60695440405277,120.96669964081327,552,1.891,0.199,35.15,552,0.0,111,3.828,False,187,0.696551724137931,0.0
407.4069544040527,238.61669964081327,308,1.805,0.246,24.4,308,0.0,111,3.828,False,206,0.6344827586206897,0.0
372.7869544040528,104.90669964081327,524,1.798,0.226,40.52,524,0.0,111,3.828,False,225,0.5448275862068965,0.0
345.63695440405274,456.10669964081325,641,1.867,0.234,45.07,641,0.0,111,3.828,True,230,0.503448275862069,3.0
393.71695440405273,256.96669964081326,644,1.874,0.232,43.21,644,0.0,111,3.828,True,233,0.4482758620689655,2.0
282.67695440405276,308.95669964081327,593,1.912,0.286,37.21,593,0.0,111,3.828,False,235,0.45517241379310347,0.0
367.5969544040528,447.6266996408133,696,1.853,0.314,52.72,696,0.0,111,3.828,True,247,0.30344827586206896,3.0
329.99695440405276,109.77299593710956,551,1.903,0.367,37.75,551,0.0,112,3.862,False,1,1.0,0.0
258.6569544040528,89.78299593710956,597,1.894,0.216,38.91,597,0.0,112,3.862,False,2,1.0,0.0
334.3269544040528,475.86299593710953,482,1.77,0.304,39.49,482,0.0,112,3.862,False,4,1.0,0.0
380.9069544040528,467.72299593710954,578,1.809,0.276,42.96,578,0.0,112,3.862,True,5,1.0,3.0
261.64695440405274,475.55299593710953,749,1.92,0.278,47.58,749,0.0,112,3.862,True,6,0.993103448275862,3.0
273.24695440405276,144.55299593710959,433,1.76,0.213,36.21,433,0.0,112,3.862,False,9,1.0,0.0
277.8369544040528,504.73299593710954,619,1.775,0.271,46.62,619,0.0,112,3.862,True,10,1.0,3.0
244.57695440405277,91.07299593710957,568,1.822,0.214,38.33,568,0.0,112,3.862,False,11,1.0,0.0
350.4769544040528,69.65299593710957,571,1.906,0.259,36.02,571,0.0,112,3.862,False,16,1.0,0.0
336.75695440405275,235.65299593710958,558,1.881,0.2,37.18,558,0.0,112,3.862,False,22,0.9862068965517241,0.0
266.62695440405275,310.80299593710953,706,1.869,0.273,47.77,706,0.0,112,3.862,True,28,0.9793103448275862,2.0
375.7269544040528,317.70299593710956,548,1.834,0.177,38.14,548,0.0,112,3.862,False,120,0.9586206896551724,0.0
340.1869544040528,429.70299593710956,399,1.775,0.276,33.71,399,0.0,112,3.862,False,141,0.9103448275862069,0.0
260.4669544040528,245.96299593710958,662,1.834,0.167,46.04,662,0.0,112,3.862,True,148,0.903448275862069,2.0
327.64695440405274,98.03299593710956,644,1.799,0.127,49.12,644,0.0,112,3.862,True,151,0.8275862068965517,1.0
236.78695440405278,318.76299593710957,534,1.798,0.375,43.34,534,0.0,112,3.862,True,152,0.8758620689655172,2.0
216.66695440405277,469.72299593710954,683,1.908,0.339,44.69,683,0.0,112,3.862,True,155,0.8413793103448276,3.0
384.63695440405274,271.21299593710955,587,1.839,0.3,42.38,587,0.0,112,3.862,True,159,0.8551724137931035,2.0
309.7269544040528,126.97299593710956,637,1.85,0.321,48.93,637,0.0,112,3.862,True,164,0.8413793103448276,1.0
318.6669544040528,434.78299593710955,587,1.798,0.37,48.35,587,0.0,112,3.862,True,173,0.7793103448275862,3.0
227.32695440405277,121.55299593710956,492,1.868,0.154,32.75,492,0.0,112,3.862,False,187,0.696551724137931,0.0
408.38695440405274,238.57299593710957,309,1.805,0.246,24.46,309,0.0,112,3.862,False,206,0.6344827586206897,0.0
371.0269544040528,104.83299593710956,475,1.729,0.173,40.64,475,0.0,112,3.862,False,225,0.5448275862068965,0.0
344.5669544040528,456.9929959371095,635,1.874,0.24,43.34,635,0.0,112,3.862,True,230,0.503448275862069,3.0
392.81695440405275,257.0529959371096,643,1.855,0.216,47.39,643,0.0,112,3.862,True,233,0.4482758620689655,2.0
280.7169544040528,310.48299593710954,599,1.885,0.155,38.14,599,0.0,112,3.862,False,235,0.45517241379310347,0.0
367.63695440405274,447.9429959371096,650,1.851,0.314,48.93,650,0.0,112,3.862,True,247,0.30344827586206896,3.0
329.17102847812686,108.88336630747993,520,1.8,0.383,42.17,520,0.0,113,3.897,True,1,1.0,1.0
258.1510284781269,89.82336630747993,596,1.894,0.218,38.93,596,0.0,113,3.897,False,2,1.0,0.0
333.99102847812685,475.87336630747996,487,1.804,0.329,38.71,487,0.0,113,3.897,False,4,1.0,0.0
382.4010284781269,467.76336630747994,578,1.81,0.276,42.82,578,0.0,113,3.897,True,5,1.0,3.0
261.10102847812686,473.82336630747994,716,1.905,0.259,44.55,716,0.0,113,3.897,True,6,0.993103448275862,3.0
269.5210284781268,144.69336630747995,432,1.728,0.194,37.41,432,0.0,113,3.897,False,9,1.0,0.0
279.3310284781268,504.77336630747993,619,1.776,0.271,46.71,619,0.0,113,3.897,True,10,1.0,3.0
242.16102847812687,93.42336630747992,530,1.895,0.265,35.03,530,0.0,113,3.897,False,11,1.0,0.0
351.92102847812686,69.88336630747993,520,1.874,0.223,34.17,520,0.0,113,3.897,False,16,1.0,0.0
337.23102847812686,235.60336630747994,554,1.875,0.236,38.49,554,0.0,113,3.897,False,22,0.9862068965517241,0.0
267.1510284781269,310.81336630747995,655,1.876,0.297,44.98,655,0.0,113,3.897,True,28,0.9793103448275862,2.0
377.30102847812685,317.77336630747993,567,1.856,0.203,37.2,567,0.0,113,3.897,False,120,0.9586206896551724,0.0
336.0210284781268,431.67336630747997,452,1.883,0.286,30.71,452,0.0,113,3.897,False,141,0.9103448275862069,0.0
259.9610284781269,245.00336630747995,662,1.833,0.167,46.06,662,0.0,113,3.897,True,148,0.903448275862069,2.0
327.87102847812685,98.05336630747993,605,1.798,0.144,46.71,605,0.0,113,3.897,True,151,0.8275862068965517,1.0
237.28102847812687,318.75336630747995,551,1.803,0.34,44.12,551,0.0,113,3.897,True,152,0.8758620689655172,2.0
216.05102847812685,468.01336630747994,623,1.894,0.319,42.17,623,0.0,113,3.897,True,155,0.8413793103448276,3.0
386.13102847812684,271.25336630747995,587,1.838,0.3,42.39,587,0.0,113,3.897,True,159,0.8551724137931035,2.0
309.23102847812686,125.69336630747993,631,1.894,0.29,43.03,631,0.0,113,3.897,True,164,0.8413793103448276,1.0
318.26102847812683,434.95336630747994,673,1.807,0.316,52.77,673,0.0,113,3.897,True,173,0.7793103448275862,3.0
225.20102847812683,121.73336630747993,567,1.886,0.266,38.49,567,0.0,113,3.897,False,187,0.696551724137931,0.0
409.87102847812685,238.61336630747994,308,1.806,0.246,24.44,308,0.0,113,3.897,False,206,0.6344827586206897,0.0
375.1510284781269,104.79336630747993,576,1.913,0.214,36.11,576,0.0,113,3.897,False,225,0.5448275862068965,0.0
342.22102847812687,457.81336630747995,640,1.924,0.289,40.01,640,0.0,113,3.897,False,230,0.503448275862069,0.0
394.04102847812686,257.08336630747993,706,1.827,0.225,55.14,706,0.0,113,3.897,True,233,0.4482758620689655,2.0
282.07102847812683,310.98336630747997,593,1.899,0.188,36.76,593,0.0,113,3.897,False,235,0.45517241379310347,0.0
369.25102847812684,447.9033663074799,632,1.844,0.326,48.44,632,0.0,113,3.897,True,247,0.30344827586206896,3.0
333.8213988484972,110.88521815933179,586,1.835,0.199,42.07,586,0.0,114,3.931,False,1,1.0,0.0
257.1913988484972,89.75521815933179,598,1.897,0.219,38.96,598,0.0,114,3.931,False,2,1.0,0.0
329.98139884849724,477.51521815933177,557,1.808,0.195,41.4,557,0.0,114,3.931,False,4,1.0,0.0
383.4513988484972,467.6952181593318,578,1.81,0.276,42.96,578,0.0,114,3.931,True,5,1.0,3.0
262.16139884849724,473.4952181593318,669,1.924,0.247,41.4,669,0.0,114,3.931,False,6,0.993103448275862,0.0
268.3713988484972,144.61521815933182,447,1.797,0.272,34.5,447,0.0,114,3.931,False,9,1.0,0.0
280.3813988484972,504.70521815933176,619,1.775,0.271,46.75,619,0.0,114,3.931,True,10,1.0,3.0
243.22139884849722,92.85521815933178,575,1.92,0.249,32.72,575,0.0,114,3.931,False,11,1.0,0.0
350.2513988484972,71.49521815933178,541,1.857,0.238,35.17,541,0.0,114,3.931,False,16,1.0,0.0
338.27139884849726,235.4952181593318,565,1.863,0.252,40.29,565,0.0,114,3.931,False,22,0.9862068965517241,0.0
265.11139884849723,309.63521815933177,707,1.856,0.302,48.53,707,0.0,114,3.931,True,28,0.9793103448275862,2.0
378.0713988484972,317.59521815933175,696,1.889,0.157,43.85,696,0.0,114,3.931,True,120,0.9586206896551724,2.0
336.1013988484972,431.46521815933176,531,1.91,0.255,33.39,531,0.0,114,3.931,False,141,0.9103448275862069,0.0
259.01139884849727,244.9352181593318,662,1.834,0.166,46.08,662,0.0,114,3.931,True,148,0.903448275862069,2.0
327.14139884849726,97.55521815933179,598,1.82,0.132,43.19,598,0.0,114,3.931,True,151,0.8275862068965517,1.0
239.93139884849722,318.08521815933176,502,1.853,0.271,36.51,502,0.0,114,3.931,False,152,0.8758620689655172,0.0
216.87139884849722,467.57521815933177,534,1.819,0.293,39.4,534,0.0,114,3.931,False,155,0.8413793103448276,0.0
387.2013988484972,271.09521815933175,599,1.859,0.318,41.18,599,0.0,114,3.931,False,159,0.8551724137931035,0.0
309.2513988484972,125.6552181593318,625,1.903,0.317,42.3,625,0.0,114,3.931,True,164,0.8413793103448276,1.0
319.1813988484972,435.4352181593318,696,1.905,0.31,47.19,696,0.0,114,3.931,True,173,0.7793103448275862,3.0
222.60139884849724,121.53521815933179,503,1.795,0.211,38.51,503,0.0,114,3.931,False,187,0.696551724137931,0.0
410.3213988484972,238.2052181593318,301,1.73,0.1,26.27,301,0.0,114,3.931,False,206,0.6344827586206897,0.0
370.6213988484972,103.81521815933179,420,1.773,0.168,33.39,420,0.0,114,3.931,False,225,0.5448275862068965,0.0
343.04139884849724,457.90521815933175,600,1.882,0.185,38.51,600,0.0,114,3.931,False,230,0.503448275862069,0.0
394.0813988484972,256.9452181593318,664,1.749,0.194,56.76,664,0.0,114,3.931,True,233,0.4482758620689655,2.0
282.11139884849723,311.6652181593318,590,1.893,0.189,37.18,590,0.0,114,3.931,False,235,0.45517241379310347,0.0
370.29139884849724,447.83521815933176,632,1.844,0.326,48.53,632,0.0,114,3.931,True,247,0.30344827586206896,3.0
420.6813988484972,240.30521815933182,103,1.66,0.348,11.58,103,0.0,114,3.931,False,258,0.1793103448275862,0.0
334.97732477442315,110.82744038155401,582,1.827,0.219,42.88,582,0.0,115,3.966,True,1,1.0,1.0
256.35732477442315,90.367440381554,562,1.914,0.227,36.19,562,0.0,115,3.966,False,2,1.0,0.0
332.1973247744231,476.88744038155403,523,1.847,0.25,38.28,523,0.0,115,3.966,False,4,1.0,0.0
384.59732477442316,467.707440381554,578,1.809,0.276,42.88,578,0.0,115,3.966,True,5,1.0,3.0
262.1973247744231,473.05744038155404,711,1.893,0.232,47.07,711,0.0,115,3.966,True,6,0.993103448275862,3.0
267.5173247744232,144.62744038155404,447,1.795,0.271,34.52,447,0.0,115,3.966,False,9,1.0,0.0
281.52732477442316,504.717440381554,619,1.775,0.27,46.65,619,0.0,115,3.966,True,10,1.0,3.0
243.37732477442313,93.84744038155401,609,1.858,0.235,40.37,609,0.0,115,3.966,False,11,1.0,0.0
349.41732477442315,72.49744038155401,447,1.844,0.291,32.01,447,0.0,115,3.966,False,16,1.0,0.0
338.54732477442315,235.467440381554,536,1.832,0.235,40.37,536,0.0,115,3.966,False,22,0.9862068965517241,0.0
264.2573247744232,308.837440381554,679,1.877,0.307,45.4,679,0.0,115,3.966,True,28,0.9793103448275862,2.0
375.49732477442313,316.597440381554,561,1.81,0.215,43.09,561,0.0,115,3.966,True,120,0.9586206896551724,2.0
337.30732477442314,431.777440381554,536,1.9,0.27,34.31,536,0.0,115,3.966,False,141,0.9103448275862069,0.0
259.0073247744232,244.64744038155402,572,1.843,0.208,40.58,572,0.0,115,3.966,False,148,0.903448275862069,0.0
326.0073247744232,96.98744038155401,573,1.869,0.137,38.91,573,0.0,115,3.966,False,151,0.8275862068965517,0.0
240.28732477442315,317.837440381554,427,1.807,0.356,35.98,427,0.0,115,3.966,False,152,0.8758620689655172,0.0
216.03732477442315,467.597440381554,538,1.827,0.294,39.33,538,0.0,115,3.966,False,155,0.8413793103448276,0.0
388.34732477442316,271.107440381554,599,1.859,0.318,41.21,599,0.0,115,3.966,False,159,0.8551724137931035,0.0
310.42732477442314,125.757440381554,667,1.868,0.279,47.49,667,0.0,115,3.966,True,164,0.8413793103448276,1.0
318.3773247744232,434.917440381554,624,1.876,0.339,44.98,624,0.0,115,3.966,True,173,0.7793103448275862,3.0
220.44732477442315,121.49744038155401,453,1.755,0.186,38.28,453,0.0,115,3.966,False,187,0.696551724137931,0.0
411.48732477442314,238.24744038155401,313,1.724,0.091,27.4,313,0.0,115,3.966,False,206,0.6344827586206897,0.0
369.5073247744232,104.68744038155401,535,1.836,0.283,39.33,535,0.0,115,3.966,False,225,0.5448275862068965,0.0
341.16732477442315,458.907440381554,640,1.87,0.209,42.47,640,0.0,115,3.966,True,230,0.503448275862069,3.0
394.80732477442314,256.897440381554,554,1.668,0.126,53.14,554,0.0,115,3.966,True,233,0.4482758620689655,2.0
282.0773247744231,311.55744038155404,584,1.895,0.153,36.61,584,0.0,115,3.966,False,235,0.45517241379310347,0.0
372.28732477442315,447.587440381554,630,1.856,0.29,46.02,630,0.0,115,3.966,True,247,0.30344827586206896,3.0
333.4380655151639,110.00484778896141,709,1.894,0.227,45.33,709,0.0,116,4.0,True,1,1.0,1.0
257.6180655151639,90.8248477889614,648,1.923,0.226,40.48,648,0.0,116,4.0,False,2,1.0,0.0
333.21806551516386,477.2448477889614,488,1.775,0.161,39.43,488,0.0,116,4.0,False,4,1.0,0.0
385.8980655151639,467.8848477889614,578,1.81,0.276,42.8,578,0.0,116,4.0,True,5,1.0,3.0
261.6180655151639,473.1448477889614,708,1.895,0.256,46.38,708,0.0,116,4.0,True,6,0.993103448275862,3.0
271.4380655151639,144.65484778896143,430,1.802,0.242,34.37,430,0.0,116,4.0,False,9,1.0,0.0
282.82806551516387,504.8948477889614,618,1.775,0.27,46.6,618,0.0,116,4.0,True,10,1.0,3.0
243.6780655151639,95.02484778896141,611,1.862,0.235,40.48,611,0.0,116,4.0,False,11,1.0,0.0
353.4080655151639,71.02484778896141,475,1.886,0.203,29.73,475,0.0,116,4.0,False,16,1.0,0.0
339.85806551516384,235.6448477889614,536,1.831,0.235,40.48,536,0.0,116,4.0,False,22,0.9862068965517241,0.0
263.73806551516384,307.8748477889614,660,1.877,0.312,44.07,660,0.0,116,4.0,True,28,0.9793103448275862,2.0
376.73806551516384,317.0448477889614,617,1.832,0.143,42.38,617,0.0,116,4.0,True,120,0.9586206896551724,2.0
334.8980655151639,432.6348477889614,493,1.855,0.263,35.84,493,0.0,116,4.0,False,141,0.9103448275862069,0.0
259.34806551516385,243.12484778896143,573,1.878,0.202,37.95,573,0.0,116,4.0,False,148,0.903448275862069,0.0
324.6180655151639,96.08484778896141,603,1.893,0.248,39.43,603,0.0,116,4.0,False,151,0.8275862068965517,0.0
236.50806551516388,317.6948477889614,516,1.85,0.234,37.11,516,0.0,116,4.0,False,152,0.8758620689655172,0.0
212.51806551516387,466.2548477889614,708,1.844,0.278,53.55,708,0.0,116,4.0,True,155,0.8413793103448276,3.0
389.6780655151639,271.1848477889614,617,1.889,0.338,40.06,617,0.0,116,4.0,False,159,0.8551724137931035,0.0
310.6280655151639,125.7948477889614,651,1.914,0.286,41.75,651,0.0,116,4.0,False,164,0.8413793103448276,0.0
319.6180655151639,434.6148477889614,613,1.915,0.292,39.64,613,0.0,116,4.0,False,173,0.7793103448275862,0.0
219.03806551516388,121.66484778896141,410,1.699,0.13,37.74,410,0.0,116,4.0,False,187,0.696551724137931,0.0
412.59806551516385,237.79484778896142,374,1.765,0.295,28.46,374,0.0,116,4.0,False,206,0.6344827586206897,0.0
369.8080655151639,104.85484778896141,543,1.827,0.271,39.43,543,0.0,116,4.0,False,225,0.5448275862068965,0.0
339.6180655151639,459.7548477889614,613,1.893,0.278,40.48,613,0.0,116,4.0,False,230,0.503448275862069,0.0
390.73806551516384,258.2148477889614,638,1.827,0.254,48.91,638,0.0,116,4.0,True,233,0.4482758620689655,2.0
281.3680655151639,312.7348477889614,581,1.889,0.15,36.69,581,0.0,116,4.0,False,235,0.45517241379310347,0.0
373.58806551516386,447.7748477889614,630,1.856,0.29,45.96,630,0.0,116,4.0,True,247,0.30344827586206896,3.0
420.71806551516386,239.20484778896142,152,1.829,0.299,12.65,152,0.0,116,4.0,False,258,0.1793103448275862,0.0
335.57806551516387,96.59484778896142,120,1.603,0.512,13.49,120,0.0,116,4.0,False,259,0.027586206896551724,0.0
332.09220344619837,109.02346847861659,648,1.876,0.254,43.33,648,0.0,117,4.034,True,1,1.0,1.0
258.00220344619834,90.8134684786166,646,1.924,0.231,40.44,646,0.0,117,4.034,False,2,1.0,0.0
329.22220344619836,478.7934684786166,493,1.694,0.276,46.42,493,0.0,117,4.034,True,4,1.0,3.0
387.2622034461984,467.8534684786166,578,1.809,0.275,42.92,578,0.0,117,4.034,True,5,1.0,3.0
261.87220344619834,473.2234684786166,700,1.905,0.237,45.19,700,0.0,117,4.034,True,6,0.993103448275862,3.0
271.63220344619833,144.61346847861657,401,1.786,0.22,33.01,401,0.0,117,4.034,False,9,1.0,0.0
284.1922034461984,504.8634684786166,619,1.775,0.27,46.63,619,0.0,117,4.034,True,10,1.0,3.0
244.0722034461984,95.0534684786166,600,1.819,0.217,42.5,600,0.0,117,4.034,True,11,1.0,1.0
351.00220344619834,73.37346847861659,385,1.815,0.213,30.12,385,0.0,117,4.034,False,16,1.0,0.0
341.1422034461984,235.81346847861658,620,1.854,0.188,43.12,620,0.0,117,4.034,True,22,0.9862068965517241,2.0
264.9422034461984,307.9034684786166,662,1.865,0.305,46.01,662,0.0,117,4.034,True,28,0.9793103448275862,2.0
376.2722034461984,317.0434684786166,607,1.856,0.114,40.03,607,0.0,117,4.034,False,120,0.9586206896551724,0.0
334.34220344619837,433.7434684786166,389,1.76,0.262,34.87,389,0.0,117,4.034,False,141,0.9103448275862069,0.0
255.44220344619836,239.85346847861658,479,1.803,0.27,37.76,479,0.0,117,4.034,False,148,0.903448275862069,0.0
324.9322034461984,95.7834684786166,614,1.91,0.224,39.41,614,0.0,117,4.034,False,151,0.8275862068965517,0.0
234.90220344619837,317.6534684786166,484,1.853,0.281,36.11,484,0.0,117,4.034,False,152,0.8758620689655172,0.0
211.97220344619836,465.1134684786166,703,1.874,0.338,52.61,703,0.0,117,4.034,True,155,0.8413793103448276,3.0
390.98220344619835,271.01346847861663,640,1.911,0.321,38.79,640,0.0,117,4.034,False,159,0.8551724137931035,0.0
310.91220344619836,125.87346847861659,619,1.911,0.282,38.79,619,0.0,117,4.034,False,164,0.8413793103448276,0.0
317.97220344619836,434.5634684786166,602,1.892,0.263,41.27,602,0.0,117,4.034,False,173,0.7793103448275862,0.0
224.03220344619837,122.0934684786166,530,1.881,0.202,35.49,530,0.0,117,4.034,False,187,0.696551724137931,0.0
413.9622034461984,237.76346847861657,374,1.767,0.294,28.27,374,0.0,117,4.034,False,206,0.6344827586206897,0.0
369.0622034461984,104.85346847861659,564,1.866,0.297,39.0,564,0.0,117,4.034,False,225,0.5448275862068965,0.0
339.0222034461984,459.7234684786166,603,1.885,0.264,40.44,603,0.0,117,4.034,False,230,0.503448275862069,0.0
390.9322034461984,257.6834684786166,623,1.873,0.248,42.92,623,0.0,117,4.034,True,233,0.4482758620689655,2.0
280.9322034461984,313.8434684786166,590,1.898,0.19,36.31,590,0.0,117,4.034,False,235,0.45517241379310347,0.0
374.9522034461984,447.7334684786166,631,1.856,0.289,46.01,631,0.0,117,4.034,True,247,0.30344827586206896,3.0
422.0822034461984,239.17346847861657,152,1.83,0.299,12.59,152,0.0,117,4.034,False,258,0.1793103448275862,0.0
336.2022034461984,96.4134684786166,144,1.639,0.338,14.44,144,0.0,117,4.034,False,259,0.027586206896551724,0.0
132.77220344619838,442.6534684786166,108,1.759,0.554,9.49,108,0.0,117,4.034,False,260,0.19310344827586207,0.0
132.86220344619838,433.88346847861663,128,1.871,0.616,10.32,128,0.0,117,4.034,False,261,0.020689655172413793,0.0
333.1586550591016,109.15314589797143,642,1.886,0.287,43.83,642,0.0,118,4.069,True,1,1.0,1.0
256.2386550591016,90.78314589797142,631,1.918,0.233,39.93,631,0.0,118,4.069,False,2,1.0,0.0
329.3486550591016,478.5931458979714,578,1.835,0.25,43.83,578,0.0,118,4.069,True,4,1.0,3.0
388.4486550591016,467.8931458979714,578,1.81,0.276,42.86,578,0.0,118,4.069,True,5,1.0,3.0
261.1986550591016,473.17314589797144,685,1.891,0.254,44.8,685,0.0,118,4.069,True,6,0.993103448275862,3.0
270.8586550591016,144.61314589797144,407,1.796,0.215,33.12,407,0.0,118,4.069,False,9,1.0,0.0
285.37865505910156,504.9031458979714,619,1.775,0.271,46.75,619,0.0,118,4.069,True,10,1.0,3.0
243.31865505910162,95.07314589797143,594,1.791,0.206,44.02,594,0.0,118,4.069,True,11,1.0,1.0
352.2786550591016,73.45314589797142,397,1.824,0.198,30.58,397,0.0,118,4.069,False,16,1.0,0.0
341.1986550591016,236.15314589797143,611,1.871,0.225,41.88,611,0.0,118,4.069,False,22,0.9862068965517241,0.0
265.11865505910157,307.7231458979714,598,1.85,0.26,41.88,598,0.0,118,4.069,False,28,0.9793103448275862,0.0
376.3586550591016,316.99314589797143,617,1.841,0.138,42.08,617,0.0,118,4.069,False,120,0.9586206896551724,0.0
334.5886550591016,434.18314589797143,385,1.823,0.186,30.58,385,0.0,118,4.069,False,141,0.9103448275862069,0.0
255.6486550591016,239.45314589797144,423,1.739,0.288,38.77,423,0.0,118,4.069,False,148,0.903448275862069,0.0
325.16865505910164,95.83314589797142,601,1.89,0.21,39.54,601,0.0,118,4.069,False,151,0.8275862068965517,0.0
235.12865505910162,317.0131458979714,511,1.811,0.245,40.52,511,0.0,118,4.069,False,152,0.8758620689655172,0.0
210.1586550591016,464.8731458979714,654,1.852,0.311,49.67,654,0.0,118,4.069,True,155,0.8413793103448276,3.0
392.1586550591016,271.1631458979714,604,1.897,0.303,37.99,604,0.0,118,4.069,False,159,0.8551724137931035,0.0
307.2886550591016,123.89314589797142,586,1.884,0.284,39.15,586,0.0,118,4.069,False,164,0.8413793103448276,0.0
317.1986550591016,434.5831458979714,596,1.889,0.254,40.91,596,0.0,118,4.069,False,173,0.7793103448275862,0.0
225.1586550591016,122.79314589797143,520,1.869,0.243,36.23,520,0.0,118,4.069,False,187,0.696551724137931,0.0
414.2186550591016,237.91314589797145,409,1.902,0.065,24.93,409,0.0,118,4.069,False,206,0.6344827586206897,0.0
370.1886550591016,104.70314589797142,603,1.93,0.268,37.99,603,0.0,118,4.069,False,225,0.5448275862068965,0.0
335.3186550591016,461.0431458979714,630,1.822,0.168,46.56,630,0.0,118,4.069,True,230,0.503448275862069,3.0
390.2486550591016,257.7531458979714,602,1.868,0.265,42.47,602,0.0,118,4.069,True,233,0.4482758620689655,2.0
280.2886550591016,314.0031458979714,643,1.881,0.208,42.47,643,0.0,118,4.069,True,235,0.45517241379310347,2.0
376.1486550591016,447.7731458979714,631,1.857,0.29,45.97,631,0.0,118,4.069,True,247,0.30344827586206896,3.0
423.2686550591016,239.21314589797143,152,1.829,0.3,12.66,152,0.0,118,4.069,False,258,0.1793103448275862,0.0
336.8986550591016,96.47314589797142,163,1.718,0.14,13.44,163,0.0,118,4.069,False,259,0.027586206896551724,0.0
133.9586550591016,442.6931458979714,108,1.757,0.551,9.55,108,0.0,118,4.069,False,260,0.19310344827586207,0.0
134.0386550591016,433.92314589797144,128,1.871,0.614,10.32,128,0.0,118,4.069,False,261,0.020689655172413793,0.0
332.11897763974673,108.94153299474563,633,1.904,0.247,39.18,633,0.0,119,4.103,False,1,1.0,0.0
257.1789776397468,90.16153299474563,556,1.897,0.219,37.19,556,0.0,119,4.103,False,2,1.0,0.0
329.51897763974677,479.0615329947456,492,1.799,0.231,39.58,492,0.0,119,4.103,False,4,1.0,0.0
389.3789776397468,467.8815329947456,578,1.809,0.276,42.96,578,0.0,119,4.103,True,5,1.0,3.0
262.8789776397468,472.7715329947456,663,1.873,0.267,44.55,663,0.0,119,4.103,True,6,0.993103448275862,3.0
269.9489776397468,145.05153299474563,400,1.83,0.3,30.03,400,0.0,119,4.103,False,9,1.0,0.0
286.3089776397468,504.8915329947456,619,1.775,0.271,46.74,619,0.0,119,4.103,True,10,1.0,3.0
243.09897763974675,96.04153299474562,596,1.872,0.251,39.18,596,0.0,119,4.103,False,11,1.0,0.0
352.96897763974675,74.39153299474563,377,1.811,0.233,30.03,377,0.0,119,4.103,False,16,1.0,0.0
342.1289776397468,236.0715329947456,664,1.889,0.252,44.35,664,0.0,119,4.103,True,22,0.9862068965517241,2.0
263.0689776397468,306.98153299474563,579,1.873,0.276,39.18,579,0.0,119,4.103,False,28,0.9793103448275862,0.0
376.07897763974677,316.8715329947456,640,1.828,0.221,45.54,640,0.0,119,4.103,True,120,0.9586206896551724,2.0
334.9989776397467,434.5115329947456,367,1.795,0.219,29.83,367,0.0,119,4.103,False,141,0.9103448275862069,0.0
256.9489776397468,239.99153299474563,569,1.891,0.339,36.79,569,0.0,119,4.103,False,148,0.903448275862069,0.0
324.11897763974673,95.38153299474563,548,1.908,0.234,37.59,548,0.0,119,4.103,False,151,0.8275862068965517,0.0
232.16897763974677,316.0315329947456,501,1.71,0.278,47.73,501,0.0,119,4.103,True,152,0.8758620689655172,2.0
208.0589776397468,464.9415329947456,647,1.874,0.328,46.94,647,0.0,119,4.103,True,155,0.8413793103448276,3.0
393.1189776397468,271.3115329947456,595,1.844,0.291,41.17,595,0.0,119,4.103,False,159,0.8551724137931035,0.0
310.96897763974675,124.88153299474563,604,1.903,0.243,37.59,604,0.0,119,4.103,False,164,0.8413793103448276,0.0
318.14897763974676,434.5615329947456,603,1.894,0.255,40.97,603,0.0,119,4.103,False,173,0.7793103448275862,0.0
223.01897763974677,122.20153299474563,483,1.862,0.222,32.22,483,0.0,119,4.103,False,187,0.696551724137931,0.0
411.5689776397468,238.1415329947456,288,1.783,0.16,24.06,288,0.0,119,4.103,False,206,0.6344827586206897,0.0
370.14897763974676,104.11153299474563,580,1.938,0.26,35.2,580,0.0,119,4.103,False,225,0.5448275862068965,0.0
336.23897763974674,461.1815329947456,680,1.837,0.141,47.93,680,0.0,119,4.103,True,230,0.503448275862069,3.0
389.10897763974674,258.1415329947456,548,1.844,0.264,40.77,548,0.0,119,4.103,False,233,0.4482758620689655,0.0
279.98897763974674,313.7715329947456,718,1.839,0.194,50.71,718,0.0,119,4.103,True,235,0.45517241379310347,2.0
377.0689776397468,447.7615329947456,631,1.857,0.29,45.94,631,0.0,119,4.103,True,247,0.30344827586206896,3.0
424.1989776397468,239.2015329947456,152,1.829,0.298,12.73,152,0.0,119,4.103,False,258,0.1793103448275862,0.0
335.5689776397468,95.94153299474563,145,1.655,0.12,13.52,145,0.0,119,4.103,False,259,0.027586206896551724,0.0
134.88897763974677,442.6915329947456,108,1.757,0.551,9.55,108,0.0,119,4.103,False,260,0.19310344827586207,0.0
134.96897763974675,433.91153299474564,128,1.872,0.618,10.34,128,0.0,119,4.103,False,261,0.020689655172413793,0.0
332.48415005353985,108.74739506371114,605,1.85,0.172,43.84,605,0.0,120,4.138,True,1,1.0,1.0
257.59415005353986,90.19739506371114,676,1.861,0.223,46.7,676,0.0,120,4.138,True,2,1.0,1.0
331.4341500535399,479.09739506371113,702,1.877,0.302,47.81,702,0.0,120,4.138,True,4,1.0,3.0
393.29415005353985,469.82739506371115,587,1.838,0.339,44.72,587,0.0,120,4.138,True,5,1.0,3.0
260.4341500535399,471.32739506371115,687,1.914,0.313,45.6,687,0.0,120,4.138,True,6,0.993103448275862,3.0
267.3241500535399,144.86739506371114,546,1.858,0.316,39.88,546,0.0,120,4.138,False,9,1.0,0.0
287.6941500535399,505.08739506371114,565,1.817,0.281,40.1,565,0.0,120,4.138,False,10,1.0,0.0
242.21415005353987,98.22739506371114,591,1.821,0.246,41.42,591,0.0,120,4.138,False,11,1.0,0.0
356.34415005353986,73.23739506371113,620,1.835,0.209,43.18,620,0.0,120,4.138,True,16,1.0,1.0
345.4941500535399,236.02739506371114,689,1.891,0.192,44.5,689,0.0,120,4.138,True,22,0.9862068965517241,2.0
264.2441500535399,306.08739506371114,621,1.794,0.31,49.79,621,0.0,120,4.138,True,28,0.9793103448275862,2.0
373.5141500535399,315.82739506371115,521,1.812,0.246,41.64,521,0.0,120,4.138,False,120,0.9586206896551724,0.0
337.47415005353986,434.2273950637111,617,1.853,0.27,44.28,617,0.0,120,4.138,True,141,0.9103448275862069,3.0
257.30415005353984,239.30739506371114,726,1.943,0.254,41.86,726,0.0,120,4.138,False,148,0.903448275862069,0.0
324.21415005353987,95.15739506371114,595,1.818,0.212,45.38,595,0.0,120,4.138,True,151,0.8275862068965517,1.0
229.53415005353986,316.4273950637112,615,1.802,0.23,50.67,615,0.0,120,4.138,True,152,0.8758620689655172,2.0
205.59415005353986,462.6073950637111,633,1.797,0.232,50.67,633,0.0,120,4.138,True,155,0.8413793103448276,3.0
394.43415005353984,271.5473950637112,584,1.839,0.292,42.96,584,0.0,120,4.138,True,159,0.8551724137931035,2.0
307.61415005353984,123.35739506371114,660,1.834,0.219,50.23,660,0.0,120,4.138,True,164,0.8413793103448276,1.0
314.7441500535399,434.21739506371114,575,1.793,0.304,48.03,575,0.0,120,4.138,True,173,0.7793103448275862,3.0
219.48415005353985,121.77739506371114,571,1.871,0.246,39.66,571,0.0,120,4.138,False,187,0.696551724137931,0.0
412.69415005353983,237.85739506371115,525,1.634,0.196,50.01,525,0.0,120,4.138,True,206,0.6344827586206897,2.0
371.3941500535399,104.85739506371114,654,1.915,0.204,38.77,654,0.0,120,4.138,False,225,0.5448275862068965,0.0
332.53415005353986,462.2373950637112,614,1.824,0.168,46.7,614,0.0,120,4.138,True,230,0.503448275862069,3.0
386.52415005353987,259.01739506371115,726,1.873,0.287,50.89,726,0.0,120,4.138,True,233,0.4482758620689655,2.0
280.4541500535399,314.27739506371114,763,1.849,0.288,55.96,763,0.0,120,4.138,True,235,0.45517241379310347,2.0
378.42415005353985,448.15739506371114,762,1.887,0.334,53.53,762,0.0,120,4.138,True,247,0.30344827586206896,3.0
428.10415005353985,240.63739506371115,120,1.68,0.339,12.78,120,0.0,120,4.138,False,258,0.1793103448275862,0.0
136.84415005353986,443.70739506371115,293,1.625,0.213,29.08,293,0.0,120,4.138,False,260,0.19310344827586207,0.0
142.95415005353988,256.31739506371116,105,1.82,0.476,8.59,105,0.0,120,4.138,False,263,0.08275862068965517,0.0
142.98415005353988,738.8073950637112,101,1.817,0.488,8.37,101,0.1,120,4.138,False,264,0.08275862068965517,0.0
331.60640811805604,108.12771764435631,574,1.862,0.279,42.85,574,0.0,121,4.172,True,1,1.0,1.0
258.636408118056,90.3177176443563,676,1.861,0.223,46.83,676,0.0,121,4.172,True,2,1.0,1.0
332.35640811805604,479.1277176443563,686,1.866,0.279,47.27,686,0.0,121,4.172,True,4,1.0,3.0
394.336408118056,469.9577176443563,587,1.837,0.338,44.62,587,0.0,121,4.172,True,5,1.0,3.0
261.526408118056,471.2077176443563,656,1.896,0.284,43.74,656,0.0,121,4.172,True,6,0.993103448275862,3.0
265.446408118056,144.95771764435628,548,1.867,0.306,39.1,548,0.0,121,4.172,False,9,1.0,0.0
288.746408118056,505.2077176443563,571,1.819,0.277,40.2,571,0.0,121,4.172,False,10,1.0,0.0
241.366408118056,99.2177176443563,597,1.866,0.295,39.1,597,0.0,121,4.172,False,11,1.0,0.0
357.386408118056,73.3577176443563,620,1.836,0.21,43.07,620,0.0,121,4.172,True,16,1.0,1.0
346.536408118056,236.14771764435628,690,1.891,0.191,44.62,690,0.0,121,4.172,True,22,0.9862068965517241,2.0
265.05640811805597,306.29771764435634,562,1.738,0.253,49.26,562,0.0,121,4.172,True,28,0.9793103448275862,2.0
372.756408118056,315.54771764435634,457,1.749,0.098,38.43,457,0.0,121,4.172,False,120,0.9586206896551724,0.0
337.336408118056,434.23771764435634,595,1.832,0.276,43.96,595,0.0,121,4.172,True,141,0.9103448275862069,3.0
258.456408118056,239.20771764435628,693,1.875,0.25,44.18,693,0.0,121,4.172,True,148,0.903448275862069,2.0
323.216408118056,95.0177176443563,619,1.845,0.211,44.62,619,0.0,121,4.172,True,151,0.8275862068965517,1.0
227.93640811805602,316.3777176443563,535,1.711,0.268,51.25,535,0.0,121,4.172,True,152,0.8758620689655172,2.0
203.026408118056,461.17771764435633,551,1.751,0.244,47.93,551,0.0,121,4.172,True,155,0.8413793103448276,3.0
395.536408118056,271.4477176443563,620,1.888,0.343,40.86,620,0.0,121,4.172,False,159,0.8551724137931035,0.0
309.35640811805604,124.09771764435631,661,1.846,0.198,45.94,661,0.0,121,4.172,True,164,0.8413793103448276,1.0
314.636408118056,434.3977176443563,600,1.831,0.327,47.05,600,0.0,121,4.172,True,173,0.7793103448275862,3.0
218.43640811805602,121.9277176443563,569,1.87,0.247,39.32,569,0.0,121,4.172,False,187,0.696551724137931,0.0
412.736408118056,237.9477176443563,601,1.679,0.109,53.9,601,0.0,121,4.172,True,206,0.6344827586206897,2.0
370.446408118056,104.5877176443563,644,1.918,0.193,39.76,644,0.0,121,4.172,False,225,0.5448275862068965,0.0
333.426408118056,462.2877176443563,621,1.853,0.188,43.96,621,0.0,121,4.172,True,230,0.503448275862069,3.0
384.61640811805603,259.2177176443563,673,1.844,0.266,50.36,673,0.0,121,4.172,True,233,0.4482758620689655,2.0
278.61640811805603,314.4477176443563,763,1.822,0.262,56.33,763,0.0,121,4.172,True,235,0.45517241379310347,2.0
379.466408118056,448.2777176443563,762,1.887,0.335,53.68,762,0.0,121,4.172,True,247,0.30344827586206896,3.0
426.456408118056,239.4677176443563,166,1.85,0.36,14.14,166,0.0,121,4.172,False,258,0.1793103448275862,0.0
137.896408118056,444.0977176443563,319,1.697,0.268,28.27,319,0.0,121,4.172,False,260,0.19310344827586207,0.0
143.996408118056,256.4377176443563,105,1.82,0.476,8.61,105,0.0,121,4.172,False,263,0.08275862068965517,0.0
144.026408118056,738.9277176443563,102,1.817,0.488,8.39,102,0.0,121,4.172,False,264,0.08275862068965517,0.0
486.666408118056,465.2477176443563,100,1.837,0.689,9.72,100,0.1,121,4.172,False,265,0.08275862068965517,0.0
332.05390811805603,108.12459264435631,575,1.862,0.279,42.97,575,0.0,122,4.207,True,1,1.0,1.0
257.993908118056,90.28459264435631,700,1.872,0.214,46.76,700,0.0,122,4.207,True,2,1.0,1.0
331.893908118056,479.2445926443563,698,1.864,0.283,48.02,698,0.0,122,4.207,True,4,1.0,3.0
394.783908118056,469.9545926443563,587,1.838,0.338,44.65,587,0.0,122,4.207,True,5,1.0,3.0
260.883908118056,471.3145926443563,652,1.891,0.266,43.39,652,0.0,122,4.207,True,6,0.993103448275862,3.0
264.833908118056,144.9845926443563,536,1.858,0.314,39.18,536,0.0,122,4.207,False,9,1.0,0.0
289.193908118056,505.2045926443563,572,1.819,0.277,40.23,572,0.0,122,4.207,False,10,1.0,0.0
240.703908118056,99.3545926443563,542,1.845,0.249,36.23,542,0.0,122,4.207,False,11,1.0,0.0
357.833908118056,73.3545926443563,620,1.835,0.209,43.18,620,0.0,122,4.207,True,16,1.0,1.0
346.883908118056,236.1645926443563,688,1.895,0.189,44.02,688,0.0,122,4.207,True,22,0.9862068965517241,2.0
264.843908118056,305.7345926443563,535,1.789,0.244,42.76,535,0.0,122,4.207,True,28,0.9793103448275862,2.0
374.833908118056,316.4045926443563,581,1.915,0.218,37.28,581,0.0,122,4.207,False,120,0.9586206896551724,0.0
337.653908118056,434.1145926443563,580,1.842,0.274,42.34,580,0.0,122,4.207,True,141,0.9103448275862069,3.0
257.873908118056,238.3145926443563,667,1.87,0.284,44.02,667,0.0,122,4.207,True,148,0.903448275862069,2.0
320.963908118056,94.1945926443563,635,1.884,0.242,41.7,635,0.0,122,4.207,False,151,0.8275862068965517,0.0
228.203908118056,316.0945926443563,551,1.791,0.344,46.13,551,0.0,122,4.207,True,152,0.8758620689655172,2.0
202.043908118056,461.2645926443563,620,1.826,0.329,47.6,620,0.0,122,4.207,True,155,0.8413793103448276,3.0
395.983908118056,271.4445926443563,620,1.888,0.343,40.86,620,0.0,122,4.207,False,159,0.8551724137931035,0.0
309.813908118056,124.0545926443563,703,1.83,0.19,49.71,703,0.0,122,4.207,True,164,0.8413793103448276,1.0
318.763908118056,434.2445926443563,568,1.769,0.293,46.76,568,0.0,122,4.207,True,173,0.7793103448275862,3.0
216.923908118056,122.39459264435631,544,1.877,0.282,37.91,544,0.0,122,4.207,False,187,0.696551724137931,0.0
412.373908118056,238.1945926443563,621,1.716,0.113,53.08,621,0.0,122,4.207,True,206,0.6344827586206897,2.0
368.843908118056,104.2245926443563,616,1.898,0.196,38.54,616,0.0,122,4.207,False,225,0.5448275862068965,0.0
331.913908118056,463.1745926443563,617,1.855,0.261,44.44,617,0.0,122,4.207,True,230,0.503448275862069,3.0
383.99390811805597,259.1345926443563,701,1.881,0.292,49.08,701,0.0,122,4.207,True,233,0.4482758620689655,2.0
278.763908118056,314.8645926443563,724,1.871,0.242,50.34,724,0.0,122,4.207,True,235,0.45517241379310347,2.0
379.913908118056,448.2845926443563,762,1.887,0.334,53.71,762,0.0,122,4.207,True,247,0.30344827586206896,3.0
426.903908118056,239.46459264435632,166,1.853,0.361,14.11,166,0.0,122,4.207,False,258,0.1793103448275862,0.0
138.34390811805602,444.0945926443563,320,1.697,0.267,28.22,320,0.0,122,4.207,False,260,0.19310344827586207,0.0
144.44390811805602,256.4445926443563,105,1.817,0.474,8.64,105,0.0,122,4.207,False,263,0.08275862068965517,0.0
144.47390811805602,738.9245926443563,101,1.82,0.486,8.42,101,0.0,122,4.207,False,264,0.08275862068965517,0.0
487.113908118056,465.2545926443563,100,1.835,0.685,9.69,100,0.1,122,4.207,False,265,0.08275862068965517,0.0
144.463908118056,578.1145926443562,108,1.855,0.504,8.42,108,0.0,122,4.207,False,266,0.06896551724137931,0.0
333.01234561805603,108.1645926443563,586,1.847,0.262,44.05,586,0.0,123,4.241,True,1,1.0,1.0
257.962345618056,90.3245926443563,709,1.876,0.214,46.69,709,0.0,123,4.241,True,2,1.0,1.0
332.82234561805603,479.6345926443563,634,1.88,0.229,43.17,634,0.0,123,4.241,True,4,1.0,3.0
395.742345618056,469.9845926443563,586,1.838,0.339,44.71,586,0.0,123,4.241,True,5,1.0,3.0
260.852345618056,471.3645926443563,652,1.888,0.266,43.39,652,0.0,123,4.241,True,6,0.993103448275862,3.0
264.82234561805603,145.0245926443563,527,1.855,0.313,39.21,527,0.0,123,4.241,False,9,1.0,0.0
290.152345618056,505.2445926443563,571,1.82,0.278,40.09,571,0.0,123,4.241,False,10,1.0,0.0
240.77234561805602,100.6445926443563,520,1.803,0.242,38.54,520,0.0,123,4.241,False,11,1.0,0.0
358.792345618056,73.3945926443563,620,1.835,0.209,43.17,620,0.0,123,4.241,True,16,1.0,1.0
346.932345618056,236.1945926443563,685,1.908,0.2,42.95,685,0.0,123,4.241,True,22,0.9862068965517241,2.0
259.402345618056,303.7645926443563,424,1.674,0.252,42.95,424,0.0,123,4.241,True,28,0.9793103448275862,2.0
375.772345618056,316.3845926443563,591,1.872,0.214,39.87,591,0.0,123,4.241,False,120,0.9586206896551724,0.0
335.912345618056,435.10459264435633,568,1.884,0.285,37.88,568,0.0,123,4.241,False,141,0.9103448275862069,0.0
257.922345618056,238.1645926443563,629,1.851,0.314,44.05,629,0.0,123,4.241,True,148,0.903448275862069,2.0
319.772345618056,94.19459264435629,609,1.902,0.252,39.43,609,0.0,123,4.241,False,151,0.8275862068965517,0.0
229.782345618056,315.9445926443563,555,1.859,0.344,44.05,555,0.0,123,4.241,True,152,0.8758620689655172,2.0
201.192345618056,461.1945926443563,579,1.794,0.302,46.91,579,0.0,123,4.241,True,155,0.8413793103448276,3.0
396.942345618056,271.4845926443563,619,1.888,0.342,40.75,619,0.0,123,4.241,False,159,0.8551724137931035,0.0
308.82234561805603,123.11459264435629,684,1.871,0.272,47.35,684,0.0,123,4.241,True,164,0.8413793103448276,1.0
319.502345618056,434.2945926443563,526,1.727,0.25,46.69,526,0.0,123,4.241,True,173,0.7793103448275862,3.0
215.862345618056,122.4545926443563,528,1.874,0.273,36.78,528,0.0,123,4.241,False,187,0.696551724137931,0.0
413.792345618056,238.2945926443563,737,1.809,0.117,53.3,737,0.0,123,4.241,True,206,0.6344827586206897,2.0
367.832345618056,103.6045926443563,571,1.916,0.184,35.02,571,0.0,123,4.241,False,225,0.5448275862068965,0.0
331.742345618056,463.5045926443563,690,1.847,0.22,49.78,690,0.0,123,4.241,True,230,0.503448275862069,3.0
383.072345618056,259.2345926443563,670,1.861,0.28,48.46,670,0.0,123,4.241,True,233,0.4482758620689655,2.0
276.962345618056,315.02459264435635,753,1.835,0.286,55.94,753,0.0,123,4.241,True,235,0.45517241379310347,2.0
379.95234561805603,448.20459264435635,751,1.889,0.346,53.3,751,0.0,123,4.241,True,247,0.30344827586206896,3.0
139.30234561805602,444.1345926443563,320,1.696,0.267,28.41,320,0.0,123,4.241,False,260,0.19310344827586207,0.0
145.40234561805602,256.47459264435633,105,1.82,0.476,8.59,105,0.0,123,4.241,False,263,0.08275862068965517,0.0
145.43234561805602,738.9645926443563,101,1.817,0.488,8.37,101,0.0,123,4.241,False,264,0.08275862068965517,0.0
488.062345618056,465.28459264435634,100,1.836,0.688,9.69,100,0.1,123,4.241,False,265,0.08275862068965517,0.0
145.30234561805602,578.1545926443563,107,1.852,0.507,8.59,107,0.0,123,4.241,False,266,0.06896551724137931,0.0
332.995470618056,108.25990514435631,585,1.851,0.293,44.99,585,0.0,124,4.276,True,1,1.0,1.0
257.075470618056,90.03990514435631,643,1.892,0.194,41.86,643,0.0,124,4.276,False,2,1.0,0.0
332.835470618056,479.7899051443563,632,1.882,0.227,42.75,632,0.0,124,4.276,True,4,1.0,3.0
396.745470618056,470.1499051443563,587,1.838,0.339,44.54,587,0.0,124,4.276,True,5,1.0,3.0
259.935470618056,471.4099051443563,656,1.892,0.281,43.87,656,0.0,124,4.276,True,6,0.993103448275862,3.0
263.825470618056,145.49990514435632,503,1.906,0.341,33.8,503,0.0,124,4.276,False,9,1.0,0.0
291.64547061805604,505.1599051443563,581,1.829,0.25,40.07,581,0.0,124,4.276,False,10,1.0,0.0
240.91547061805602,101.5799051443563,517,1.86,0.246,34.47,517,0.0,124,4.276,False,11,1.0,0.0
359.795470618056,73.5499051443563,620,1.835,0.209,43.2,620,0.0,124,4.276,True,16,1.0,1.0
347.835470618056,236.5999051443563,650,1.886,0.229,43.2,650,0.0,124,4.276,True,22,0.9862068965517241,2.0
259.195470618056,303.6299051443563,553,1.742,0.272,49.02,553,0.0,124,4.276,True,28,0.9793103448275862,2.0
375.735470618056,316.5599051443563,568,1.864,0.247,39.84,568,0.0,124,4.276,False,120,0.9586206896551724,0.0
335.795470618056,435.1399051443563,556,1.874,0.263,37.83,556,0.0,124,4.276,False,141,0.9103448275862069,0.0
256.89547061805604,237.2099051443563,656,1.892,0.319,43.65,656,0.0,124,4.276,True,148,0.903448275862069,2.0
317.045470618056,93.4399051443563,521,1.874,0.291,36.04,521,0.0,124,4.276,False,151,0.8275862068965517,0.0
229.78547061805602,316.1799051443563,537,1.862,0.384,41.86,537,0.0,124,4.276,False,152,0.8758620689655172,0.0
201.335470618056,460.2499051443563,673,1.759,0.242,57.08,673,0.0,124,4.276,True,155,0.8413793103448276,3.0
397.935470618056,271.6499051443563,605,1.878,0.348,40.07,605,0.0,124,4.276,False,159,0.8551724137931035,0.0
308.925470618056,123.17990514435631,682,1.855,0.245,48.12,682,0.0,124,4.276,True,164,0.8413793103448276,1.0
318.695470618056,434.9799051443563,534,1.844,0.219,38.95,534,0.0,124,4.276,False,173,0.7793103448275862,0.0
215.85547061805602,122.33990514435631,504,1.88,0.308,35.81,504,0.0,124,4.276,False,187,0.696551724137931,0.0
413.815470618056,238.3999051443563,786,1.866,0.175,52.15,786,0.0,124,4.276,True,206,0.6344827586206897,2.0
366.915470618056,103.69990514435631,569,1.926,0.212,34.25,569,0.0,124,4.276,False,225,0.5448275862068965,0.0
330.755470618056,463.7399051443563,704,1.818,0.219,53.72,704,0.0,124,4.276,True,230,0.503448275862069,3.0
382.90547061805603,259.6399051443563,685,1.928,0.273,42.08,685,0.0,124,4.276,False,233,0.4482758620689655,0.0
275.065470618056,315.2099051443563,710,1.827,0.295,55.29,710,0.0,124,4.276,True,235,0.45517241379310347,2.0
380.955470618056,448.35990514435633,751,1.889,0.346,53.27,751,0.0,124,4.276,True,247,0.30344827586206896,3.0
428.885470618056,239.5999051443563,238,1.683,0.233,23.95,238,0.0,124,4.276,False,258,0.1793103448275862,0.0
140.305470618056,444.2799051443563,320,1.696,0.266,28.2,320,0.0,124,4.276,False,260,0.19310344827586207,0.0
146.305470618056,256.6399051443563,105,1.815,0.484,8.73,105,0.0,124,4.276,False,263,0.08275862068965517,0.0
146.28547061805602,736.6299051443563,100,1.828,0.498,8.28,100,0.0,124,4.276,False,264,0.08275862068965517,0.0
489.075470618056,465.4499051443563,100,1.836,0.692,9.85,100,0.1,124,4.276,False,265,0.08275862068965517,0.0
146.41547061805602,578.3099051443562,108,1.855,0.504,8.51,108,0.0,124,4.276,False,266,0.06896551724137931,0.0
219.575470618056,35.2399051443563,100,1.77,0.415,9.85,100,0.0,124,4.276,False,267,0.034482758620689655,0.0
333.8133494059348,107.76778393223508,535,1.868,0.266,38.41,535,0.0,125,4.31,False,1,1.0,0.0
256.9433494059348,89.53778393223509,638,1.89,0.193,41.08,638,0.0,125,4.31,False,2,1.0,0.0
333.8033494059348,479.8777839322351,645,1.873,0.23,45.52,645,0.0,125,4.31,True,4,1.0,3.0
397.71334940593476,470.2077839322351,586,1.838,0.338,44.63,586,0.0,125,4.31,True,5,1.0,3.0
259.8033494059348,470.5877839322351,647,1.882,0.265,43.52,647,0.0,125,4.31,True,6,0.993103448275862,3.0
262.84334940593476,145.4077839322351,515,1.908,0.341,34.64,515,0.0,125,4.31,False,9,1.0,0.0
292.6533494059348,505.1977839322351,597,1.838,0.25,40.41,597,0.0,125,4.31,False,10,1.0,0.0
239.8533494059348,102.64778393223509,523,1.865,0.254,34.64,523,0.0,125,4.31,False,11,1.0,0.0
359.9033494059348,74.50778393223509,600,1.88,0.269,38.86,600,0.0,125,4.31,False,16,1.0,0.0
348.8133494059348,236.6577839322351,649,1.886,0.23,43.08,649,0.0,125,4.31,True,22,0.9862068965517241,2.0
257.96334940593476,301.6977839322351,555,1.758,0.293,48.41,555,0.0,125,4.31,True,28,0.9793103448275862,2.0
375.8633494059348,316.5277839322351,575,1.888,0.277,38.64,575,0.0,125,4.31,False,120,0.9586206896551724,0.0
334.8633494059348,436.3177839322351,552,1.889,0.287,36.42,552,0.0,125,4.31,False,141,0.9103448275862069,0.0
256.8133494059348,236.08778393223508,640,1.86,0.318,47.3,640,0.0,125,4.31,True,148,0.903448275862069,2.0
319.6533494059348,93.49778393223508,510,1.896,0.253,33.53,510,0.0,125,4.31,False,151,0.8275862068965517,0.0
228.7633494059348,316.3077839322351,525,1.856,0.368,39.75,525,0.0,125,4.31,False,152,0.8758620689655172,0.0
199.2833494059348,459.2477839322351,662,1.751,0.229,56.4,662,0.0,125,4.31,True,155,0.8413793103448276,3.0
398.9033494059348,271.7077839322351,605,1.877,0.347,39.97,605,0.0,125,4.31,False,159,0.8551724137931035,0.0
309.6833494059348,123.32778393223508,676,1.838,0.255,49.29,676,0.0,125,4.31,True,164,0.8413793103448276,1.0
317.7733494059348,434.3677839322351,614,1.848,0.351,45.96,614,0.0,125,4.31,True,173,0.7793103448275862,3.0
214.88334940593478,121.77778393223508,467,1.891,0.254,31.09,467,0.0,125,4.31,False,187,0.696551724137931,0.0
413.0433494059348,238.2277839322351,704,1.846,0.223,49.29,704,0.0,125,4.31,True,206,0.6344827586206897,2.0
365.7733494059348,103.41778393223508,632,1.887,0.192,41.08,632,0.0,125,4.31,False,225,0.5448275862068965,0.0
329.8233494059348,464.4277839322351,675,1.819,0.238,51.07,675,0.0,125,4.31,True,230,0.503448275862069,3.0
381.0733494059348,259.4477839322351,593,1.874,0.259,40.63,593,0.0,125,4.31,False,233,0.4482758620689655,0.0
273.9233494059348,315.2377839322351,723,1.833,0.292,54.62,723,0.0,125,4.31,True,235,0.45517241379310347,2.0
380.9433494059348,448.72778393223507,679,1.886,0.328,47.74,679,0.0,125,4.31,True,247,0.30344827586206896,3.0
429.83334940593477,239.7077839322351,295,1.601,0.133,31.31,295,0.0,125,4.31,False,258,0.1793103448275862,0.0
141.2733494059348,444.3377839322351,320,1.695,0.265,28.2,320,0.0,125,4.31,False,260,0.19310344827586207,0.0
147.3733494059348,256.6977839322351,105,1.816,0.481,8.66,105,0.0,125,4.31,False,263,0.08275862068965517,0.0
147.4133494059348,739.1777839322351,101,1.815,0.491,8.44,101,0.0,125,4.31,False,264,0.08275862068965517,0.0
490.0433494059348,465.5077839322351,100,1.833,0.689,9.77,100,0.1,125,4.31,False,265,0.08275862068965517,0.0
147.3833494059348,578.377783932235,107,1.859,0.505,8.44,107,0.0,125,4.31,False,266,0.06896551724137931,0.0
334.8672887998742,107.86869302314419,565,1.869,0.263,40.25,565,0.0,126,4.345,False,1,1.0,0.0
256.9372887998742,89.15869302314418,579,1.922,0.195,34.81,579,0.0,126,4.345,False,2,1.0,0.0
334.8072887998742,479.98869302314415,650,1.875,0.237,46.56,650,0.0,126,4.345,True,4,1.0,3.0
398.72728879987415,470.27869302314417,587,1.838,0.338,44.6,587,0.0,126,4.345,True,5,1.0,3.0
260.83728879987416,470.66869302314416,642,1.877,0.261,43.51,642,0.0,126,4.345,True,6,0.993103448275862,3.0
263.6772887998742,145.36869302314417,469,1.867,0.304,33.72,469,0.0,126,4.345,False,9,1.0,0.0
292.48728879987414,505.71869302314417,633,1.806,0.241,47.43,633,0.0,126,4.345,True,10,1.0,3.0
239.7372887998742,102.96869302314418,460,1.834,0.227,32.64,460,0.0,126,4.345,False,11,1.0,0.0
360.9272887998742,74.58869302314419,601,1.881,0.269,38.95,601,0.0,126,4.345,False,16,1.0,0.0
348.8172887998742,236.72869302314416,656,1.9,0.251,42.86,656,0.0,126,4.345,True,22,0.9862068965517241,2.0
258.9372887998742,301.5786930231442,555,1.817,0.303,42.64,555,0.0,126,4.345,True,28,0.9793103448275862,2.0
374.8172887998742,316.40869302314417,570,1.882,0.278,39.82,570,0.0,126,4.345,False,120,0.9586206896551724,0.0
334.8772887998742,436.3986930231442,551,1.889,0.288,36.55,551,0.0,126,4.345,False,141,0.9103448275862069,0.0
256.8072887998742,235.40869302314417,625,1.874,0.31,43.3,625,0.0,126,4.345,True,148,0.903448275862069,2.0
315.1972887998742,92.90869302314418,474,1.794,0.169,36.55,474,0.0,126,4.345,False,151,0.8275862068965517,0.0
224.87728879987418,316.42869302314415,511,1.851,0.39,40.25,511,0.0,126,4.345,False,152,0.8758620689655172,0.0
201.7972887998742,460.6986930231442,749,1.874,0.357,55.26,749,0.0,126,4.345,True,155,0.8413793103448276,3.0
399.9172887998742,271.78869302314416,606,1.878,0.347,40.03,606,0.0,126,4.345,False,159,0.8551724137931035,0.0
308.7472887998742,121.74869302314418,670,1.856,0.261,46.34,670,0.0,126,4.345,True,164,0.8413793103448276,1.0
317.7872887998742,434.4486930231442,613,1.845,0.349,45.91,613,0.0,126,4.345,True,173,0.7793103448275862,3.0
212.90728879987418,121.90869302314418,601,1.879,0.277,41.12,601,0.0,126,4.345,False,187,0.696551724137931,0.0
412.1672887998742,238.24869302314417,625,1.834,0.177,44.17,625,0.0,126,4.345,True,206,0.6344827586206897,2.0
365.73728879987414,103.91869302314419,588,1.898,0.16,37.64,588,0.0,126,4.345,False,225,0.5448275862068965,0.0
327.8672887998742,465.36869302314415,671,1.875,0.302,47.43,671,0.0,126,4.345,True,230,0.503448275862069,3.0
379.2972887998742,259.5786930231442,565,1.799,0.174,42.86,565,0.0,126,4.345,True,233,0.4482758620689655,2.0
273.83728879987416,315.7586930231442,708,1.851,0.287,52.22,708,0.0,126,4.345,True,235,0.45517241379310347,2.0
381.95728879987416,448.80869302314414,679,1.886,0.328,47.87,679,0.0,126,4.345,True,247,0.30344827586206896,3.0
430.84728879987415,239.78869302314416,296,1.602,0.132,31.33,296,0.0,126,4.345,False,258,0.1793103448275862,0.0
142.28728879987418,444.42869302314415,320,1.696,0.267,28.28,320,0.0,126,4.345,False,260,0.19310344827586207,0.0
148.28728879987418,256.78869302314416,105,1.814,0.482,8.7,105,0.0,126,4.345,False,263,0.08275862068965517,0.0
148.26728879987417,736.7786930231442,101,1.824,0.485,8.27,101,0.0,126,4.345,False,264,0.08275862068965517,0.0
148.3972887998742,578.4486930231442,108,1.855,0.502,8.49,108,0.0,126,4.345,False,266,0.06896551724137931,0.0
221.56728879987418,35.388693023144185,100,1.769,0.413,9.79,100,0.0,126,4.345,False,267,0.034482758620689655,0.0
393.71728879987415,260.23869302314415,129,1.491,0.06,14.58,129,0.0,126,4.345,False,268,0.041379310344827586,0.0
422.7672887998742,244.52869302314417,189,1.609,0.226,20.89,189,0.0,126,4.345,False,269,0.020689655172413793,0.0
334.5705240939918,107.64486949373241,564,1.865,0.262,40.23,564,0.0,127,4.379,False,1,1.0,0.0
255.63052409399182,88.64486949373241,612,1.904,0.182,38.56,612,0.0,127,4.379,False,2,1.0,0.0
335.5105240939919,479.77486949373247,649,1.876,0.24,46.65,649,0.0,127,4.379,True,4,1.0,3.0
399.43052409399183,470.06486949373243,587,1.838,0.338,44.51,587,0.0,127,4.379,True,5,1.0,3.0
262.15052409399186,470.31486949373243,585,1.824,0.16,40.7,585,0.0,127,4.379,False,6,0.993103448275862,0.0
262.4405240939918,145.16486949373243,474,1.88,0.312,33.32,474,0.0,127,4.379,False,9,1.0,0.0
290.80052409399184,506.27486949373247,614,1.801,0.236,45.94,614,0.0,127,4.379,True,10,1.0,3.0
234.88052409399182,106.11486949373241,527,1.823,0.263,38.32,527,0.0,127,4.379,False,11,1.0,0.0
361.62052409399183,74.3748694937324,600,1.88,0.268,39.04,600,0.0,127,4.379,False,16,1.0,0.0
348.5905240939918,236.01486949373242,614,1.905,0.262,40.47,614,0.0,127,4.379,False,22,0.9862068965517241,0.0
263.05052409399184,303.30486949373244,438,1.685,0.304,42.37,438,0.0,127,4.379,True,28,0.9793103448275862,2.0
374.43052409399183,316.17486949373244,555,1.863,0.296,40.47,555,0.0,127,4.379,False,120,0.9586206896551724,0.0
334.4505240939918,437.06486949373243,543,1.884,0.264,36.18,543,0.0,127,4.379,False,141,0.9103448275862069,0.0
257.40052409399186,235.0348694937324,567,1.858,0.311,41.66,567,0.0,127,4.379,False,148,0.903448275862069,0.0
312.0805240939918,92.34486949373242,390,1.686,0.246,39.04,390,0.0,127,4.379,False,151,0.8275862068965517,0.0
224.55052409399184,316.23486949373245,517,1.864,0.411,40.47,517,0.0,127,4.379,False,152,0.8758620689655172,0.0
199.53052409399186,459.22486949373246,772,1.784,0.241,60.7,772,0.0,127,4.379,True,155,0.8413793103448276,3.0
400.62052409399183,271.56486949373243,605,1.878,0.348,39.99,605,0.0,127,4.379,False,159,0.8551724137931035,0.0
307.60052409399185,121.4048694937324,672,1.876,0.28,45.23,672,0.0,127,4.379,True,164,0.8413793103448276,1.0
317.37052409399183,433.7048694937324,557,1.866,0.242,40.47,557,0.0,127,4.379,False,173,0.7793103448275862,0.0
213.45052409399185,122.32486949373241,552,1.86,0.32,40.94,552,0.0,127,4.379,False,187,0.696551724137931,0.0
414.46052409399186,238.39486949373241,705,1.872,0.33,50.22,705,0.0,127,4.379,True,206,0.6344827586206897,2.0
363.61052409399184,103.22486949373241,581,1.908,0.188,35.94,581,0.0,127,4.379,False,225,0.5448275862068965,0.0
328.30052409399184,465.46486949373246,619,1.851,0.253,44.75,619,0.0,127,4.379,True,230,0.503448275862069,3.0
382.40052409399186,259.40486949373246,596,1.875,0.204,38.8,596,0.0,127,4.379,False,233,0.4482758620689655,0.0
272.65052409399186,316.00486949373243,676,1.842,0.29,51.18,676,0.0,127,4.379,True,235,0.45517241379310347,2.0
382.66052409399185,448.5748694937324,678,1.885,0.328,47.84,678,0.0,127,4.379,True,247,0.30344827586206896,3.0
431.56052409399183,239.5648694937324,295,1.6,0.133,31.42,295,0.0,127,4.379,False,258,0.1793103448275862,0.0
143.06052409399183,444.16486949373245,319,1.741,0.21,27.14,319,0.0,127,4.379,False,260,0.19310344827586207,0.0
149.08052409399184,256.5348694937324,104,1.818,0.476,8.57,104,0.0,127,4.379,False,263,0.08275862068965517,0.0
149.12052409399183,739.0548694937324,101,1.819,0.488,8.33,101,0.0,127,4.379,False,264,0.08275862068965517,0.0
148.99052409399184,578.2148694937324,107,1.85,0.507,8.57,107,0.0,127,4.379,False,266,0.06896551724137931,0.0
394.40052409399186,260.05486949373244,150,1.486,0.146,16.66,150,0.0,127,4.379,False,268,0.041379310344827586,0.0
335.37140644693307,107.73369302314418,565,1.865,0.262,40.19,565,0.0,128,4.414,False,1,1.0,0.0
255.33140644693304,88.74369302314417,621,1.925,0.196,37.92,621,0.0,128,4.414,False,2,1.0,0.0
336.321406446933,479.8736930231442,646,1.876,0.24,46.37,646,0.0,128,4.414,True,4,1.0,3.0
400.231406446933,470.1436930231442,587,1.838,0.339,44.72,587,0.0,128,4.414,True,5,1.0,3.0
255.47140644693303,468.53369302314417,585,1.802,0.245,46.17,585,0.0,128,4.414,True,6,0.993103448275862,3.0
261.321406446933,145.4736930231442,465,1.908,0.313,30.91,465,0.0,128,4.414,False,9,1.0,0.0
290.38140644693306,507.29369302314416,623,1.806,0.23,46.17,623,0.0,128,4.414,True,10,1.0,3.0
235.54140644693302,107.10369302314417,543,1.844,0.269,38.54,543,0.0,128,4.414,False,11,1.0,0.0
362.421406446933,74.45369302314418,601,1.881,0.269,38.95,601,0.0,128,4.414,False,16,1.0,0.0
349.39140644693305,236.1036930231442,614,1.906,0.262,40.39,614,0.0,128,4.414,False,22,0.9862068965517241,0.0
262.12140644693307,303.2136930231442,468,1.766,0.383,38.95,468,0.0,128,4.414,False,28,0.9793103448275862,0.0
374.28140644693303,316.4336930231442,558,1.898,0.235,36.48,558,0.0,128,4.414,False,120,0.9586206896551724,0.0
333.34140644693304,437.2736930231442,549,1.893,0.283,35.86,549,0.0,128,4.414,False,141,0.9103448275862069,0.0
256.21140644693304,234.1336930231442,570,1.857,0.317,42.25,570,0.0,128,4.414,True,148,0.903448275862069,2.0
318.241406446933,93.39369302314418,522,1.906,0.25,33.18,522,0.0,128,4.414,False,151,0.8275862068965517,0.0
223.561406446933,315.6136930231442,548,1.757,0.289,48.02,548,0.0,128,4.414,True,152,0.8758620689655172,2.0
198.40140644693304,457.67369302314415,717,1.82,0.227,52.55,717,0.0,128,4.414,True,155,0.8413793103448276,3.0
401.421406446933,271.65369302314417,606,1.878,0.346,39.98,606,0.0,128,4.414,False,159,0.8551724137931035,0.0
307.41140644693303,121.49369302314417,674,1.876,0.28,45.34,674,0.0,128,4.414,True,164,0.8413793103448276,1.0
316.25140644693306,433.78369302314417,575,1.889,0.274,40.19,575,0.0,128,4.414,False,173,0.7793103448275862,0.0
214.33140644693304,122.44369302314418,577,1.878,0.329,40.81,577,0.0,128,4.414,False,187,0.696551724137931,0.0
415.231406446933,237.9736930231442,657,1.908,0.251,42.87,657,0.0,128,4.414,True,206,0.6344827586206897,2.0
364.26140644693305,102.77369302314418,523,1.915,0.157,32.15,523,0.0,128,4.414,False,225,0.5448275862068965,0.0
326.191406446933,466.2736930231442,625,1.859,0.225,43.07,625,0.0,128,4.414,True,230,0.503448275862069,3.0
381.331406446933,259.54369302314416,603,1.89,0.22,37.92,603,0.0,128,4.414,False,233,0.4482758620689655,0.0
272.361406446933,315.48369302314416,626,1.831,0.313,47.61,626,0.0,128,4.414,True,235,0.45517241379310347,2.0
382.561406446933,448.5836930231442,648,1.866,0.338,48.02,648,0.0,128,4.414,True,247,0.30344827586206896,3.0
432.351406446933,239.65369302314417,296,1.601,0.133,31.33,296,0.0,128,4.414,False,258,0.1793103448275862,0.0
143.91140644693303,444.2736930231442,298,1.778,0.144,24.94,298,0.0,128,4.414,False,260,0.19310344827586207,0.0
149.88140644693303,256.6336930231442,106,1.821,0.477,8.66,106,0.0,128,4.414,False,263,0.08275862068965517,0.0
149.92140644693302,739.1336930231442,101,1.821,0.487,8.45,101,0.0,128,4.414,False,264,0.08275862068965517,0.0
149.91140644693303,578.3036930231442,107,1.855,0.505,8.45,107,0.0,128,4.414,False,266,0.06896551724137931,0.0
223.07140644693303,35.24369302314418,100,1.77,0.416,9.89,100,0.0,128,4.414,False,267,0.034482758620689655,0.0
394.381406446933,260.1436930231442,186,1.574,0.035,18.55,186,0.0,128,4.414,False,268,0.041379310344827586,0.0
337.45569216121874,108.22140730885846,674,1.846,0.231,50.34,674,0.0,129,4.448,True,1,1.0,1.0
254.65569216121872,88.96140730885847,611,1.915,0.189,37.96,611,0.0,129,4.448,False,2,1.0,0.0
337.6056921612187,480.00140730885846,624,1.874,0.224,43.15,624,0.0,129,4.448,True,4,1.0,3.0
401.5256921612187,470.3514073088585,588,1.838,0.338,44.55,588,0.0,129,4.448,True,5,1.0,3.0
255.56569216121875,468.74140730885847,657,1.866,0.296,47.35,657,0.0,129,4.448,True,6,0.993103448275862,3.0
260.6556921612187,145.57140730885845,461,1.908,0.31,30.37,461,0.0,129,4.448,False,9,1.0,0.0
290.9056921612187,507.5714073088585,595,1.805,0.242,44.95,595,0.0,129,4.448,True,10,1.0,3.0
235.8556921612187,107.88140730885847,557,1.884,0.243,37.56,557,0.0,129,4.448,False,11,1.0,0.0
363.7156921612187,74.65140730885847,601,1.881,0.268,38.96,601,0.0,129,4.448,False,16,1.0,0.0
349.67569216121876,236.29140730885845,616,1.896,0.255,41.55,616,0.0,129,4.448,False,22,0.9862068965517241,0.0
257.7256921612187,299.6914073088585,519,1.861,0.391,39.36,519,0.0,129,4.448,False,28,0.9793103448275862,0.0
371.1056921612187,315.63140730885846,431,1.8,0.135,31.96,431,0.0,129,4.448,False,120,0.9586206896551724,0.0
333.54569216121877,437.3614073088585,528,1.891,0.272,34.76,528,0.0,129,4.448,False,141,0.9103448275862069,0.0
254.04569216121874,233.25140730885846,610,1.856,0.158,42.35,610,0.0,129,4.448,True,148,0.903448275862069,2.0
317.54569216121877,93.44140730885846,527,1.84,0.208,37.36,527,0.0,129,4.448,False,151,0.8275862068965517,0.0
222.65569216121872,315.88140730885846,578,1.776,0.279,47.55,578,0.0,129,4.448,True,152,0.8758620689655172,2.0
197.67569216121873,458.0714073088585,681,1.82,0.177,50.74,681,0.0,129,4.448,True,155,0.8413793103448276,3.0
402.7156921612187,271.8514073088585,606,1.878,0.347,39.96,606,0.0,129,4.448,False,159,0.8551724137931035,0.0
306.6556921612187,120.61140730885846,662,1.901,0.275,42.75,662,0.0,129,4.448,True,164,0.8413793103448276,1.0
315.5956921612187,433.9714073088585,585,1.909,0.297,39.76,585,0.0,129,4.448,False,173,0.7793103448275862,0.0
213.62569216121875,121.64140730885846,582,1.879,0.326,40.96,582,0.0,129,4.448,False,187,0.696551724137931,0.0
414.49569216121876,237.96140730885847,612,1.875,0.264,42.75,612,0.0,129,4.448,True,206,0.6344827586206897,2.0
363.57569216121874,102.99140730885847,523,1.917,0.153,32.16,523,0.0,129,4.448,False,225,0.5448275862068965,0.0
325.4156921612188,466.7214073088585,572,1.868,0.227,38.36,572,0.0,129,4.448,False,230,0.503448275862069,0.0
381.4756921612187,259.6914073088585,580,1.872,0.209,37.96,580,0.0,129,4.448,False,233,0.4482758620689655,0.0
270.7456921612187,315.7214073088585,620,1.827,0.311,47.35,620,0.0,129,4.448,True,235,0.45517241379310347,2.0
383.75569216121875,448.8614073088585,668,1.884,0.323,47.15,668,0.0,129,4.448,True,247,0.30344827586206896,3.0
433.64569216121873,239.85140730885846,296,1.6,0.131,31.37,296,0.0,129,4.448,False,258,0.1793103448275862,0.0
145.20569216121874,444.4714073088585,298,1.778,0.143,24.97,298,0.0,129,4.448,False,260,0.19310344827586207,0.0
151.17569216121873,256.8314073088585,105,1.82,0.48,8.59,105,0.0,129,4.448,False,263,0.08275862068965517,0.0
151.21569216121873,739.3214073088585,100,1.817,0.488,8.39,100,0.0,129,4.448,False,264,0.08275862068965517,0.0
151.08569216121873,578.5014073088585,108,1.853,0.502,8.59,108,0.0,129,4.448,False,266,0.06896551724137931,0.0
224.3556921612187,35.441407308858466,100,1.768,0.414,9.99,100,0.0,129,4.448,False,267,0.034482758620689655,0.0
394.7756921612187,260.37140730885847,206,1.738,0.213,16.58,206,0.0,129,4.448,False,268,0.041379310344827586,0.0
338.6051039259246,108.30405436768199,674,1.845,0.232,50.29,674,0.0,130,4.483,True,1,1.0,1.0
254.75510392592463,88.014054367682,634,1.92,0.187,38.94,634,0.0,130,4.483,False,2,1.0,0.0
338.75510392592463,480.08405436768203,624,1.874,0.223,43.17,624,0.0,130,4.483,True,4,1.0,3.0
402.67510392592465,470.434054367682,587,1.837,0.338,44.73,587,0.0,130,4.483,True,5,1.0,3.0
254.82510392592462,468.764054367682,643,1.852,0.301,46.29,643,0.0,130,4.483,True,6,0.993103448275862,3.0
260.74510392592464,145.744054367682,455,1.903,0.311,30.26,455,0.0,130,4.483,False,9,1.0,0.0
290.8951039259246,508.39405436768203,593,1.778,0.251,48.07,593,0.0,130,4.483,True,10,1.0,3.0
236.94510392592463,107.74405436768198,582,1.893,0.275,38.5,582,0.0,130,4.483,False,11,1.0,0.0
364.8651039259246,74.73405436768199,601,1.88,0.268,38.94,601,0.0,130,4.483,False,16,1.0,0.0
350.7251039259246,236.354054367682,605,1.888,0.257,41.84,605,0.0,130,4.483,False,22,0.9862068965517241,0.0
261.7651039259246,301.274054367682,506,1.803,0.254,37.16,506,0.0,130,4.483,False,28,0.9793103448275862,0.0
371.0851039259246,315.744054367682,483,1.84,0.215,34.27,483,0.0,130,4.483,False,120,0.9586206896551724,0.0
331.9951039259246,438.534054367682,490,1.843,0.257,35.6,490,0.0,130,4.483,False,141,0.9103448275862069,0.0
255.76510392592462,233.584054367682,648,1.894,0.26,40.28,648,0.0,130,4.483,False,148,0.903448275862069,0.0
312.0251039259246,92.97405436768199,489,1.817,0.253,36.94,489,0.0,130,4.483,False,151,0.8275862068965517,0.0
221.05510392592464,315.764054367682,536,1.785,0.349,43.62,536,0.0,130,4.483,True,152,0.8758620689655172,2.0
195.85510392592462,457.914054367682,768,1.843,0.261,56.75,768,0.0,130,4.483,True,155,0.8413793103448276,3.0
403.8651039259246,271.934054367682,605,1.878,0.347,40.06,605,0.0,130,4.483,False,159,0.8551724137931035,0.0
305.90510392592466,119.59405436768199,644,1.893,0.252,42.06,644,0.0,130,4.483,False,164,0.8413793103448276,0.0
316.75510392592463,434.044054367682,579,1.907,0.299,39.61,579,0.0,130,4.483,False,173,0.7793103448275862,0.0
211.05510392592464,120.74405436768198,560,1.785,0.173,43.39,560,0.0,130,4.483,True,187,0.696551724137931,1.0
410.88510392592457,239.074054367682,614,1.838,0.182,46.06,614,0.0,130,4.483,True,206,0.6344827586206897,2.0
362.7651039259246,102.67405436768199,528,1.924,0.171,31.82,528,0.0,130,4.483,False,225,0.5448275862068965,0.0
322.79510392592465,468.414054367682,661,1.844,0.192,47.4,661,0.0,130,4.483,True,230,0.503448275862069,3.0
380.6951039259246,259.824054367682,575,1.851,0.197,39.17,575,0.0,130,4.483,False,233,0.4482758620689655,0.0
270.7751039259246,315.754054367682,618,1.853,0.33,45.62,618,0.0,130,4.483,True,235,0.45517241379310347,2.0
384.8951039259246,448.654054367682,672,1.885,0.312,46.73,672,0.0,130,4.483,True,247,0.30344827586206896,3.0
435.5751039259246,238.53405436768202,241,1.567,0.033,24.7,241,0.0,130,4.483,False,258,0.1793103448275862,0.0
146.34510392592463,444.294054367682,287,1.8,0.177,23.37,287,0.0,130,4.483,False,260,0.19310344827586207,0.0
152.3351039259246,256.924054367682,105,1.816,0.481,8.68,105,0.0,130,4.483,False,263,0.08275862068965517,0.0
152.22510392592463,736.914054367682,100,1.826,0.495,8.23,100,0.0,130,4.483,False,264,0.08275862068965517,0.0
152.34510392592463,578.6040543676819,108,1.859,0.505,8.46,108,0.0,130,4.483,False,266,0.06896551724137931,0.0
393.3651039259246,260.524054367682,166,1.69,0.189,16.02,166,0.0,130,4.483,False,268,0.041379310344827586,0.0
425.4851039259246,242.884054367682,174,1.683,0.205,17.8,174,0.3,130,4.483,False,269,0.020689655172413793,0.0
339.33796106878174,108.48062579625342,673,1.845,0.231,50.24,673,0.0,131,4.517,True,1,1.0,1.0
252.59796106878176,87.16062579625343,626,1.912,0.19,38.79,626,0.0,131,4.517,False,2,1.0,0.0
339.4879610687818,480.26062579625346,625,1.874,0.224,43.24,625,0.0,131,4.517,True,4,1.0,3.0
403.4079610687818,470.61062579625343,587,1.837,0.338,44.73,587,0.0,131,4.517,True,5,1.0,3.0
254.48796106878177,467.9406257962534,634,1.875,0.309,44.94,634,0.0,131,4.517,True,6,0.993103448275862,3.0
257.57796106878175,145.1006257962534,432,1.909,0.279,28.19,432,0.0,131,4.517,False,9,1.0,0.0
290.62796106878176,508.5606257962534,592,1.777,0.25,48.12,592,0.0,131,4.517,True,10,1.0,3.0
236.46796106878176,108.53062579625343,584,1.903,0.212,37.31,584,0.0,131,4.517,False,11,1.0,0.0
365.59796106878173,74.91062579625343,601,1.881,0.269,39.0,601,0.0,131,4.517,False,16,1.0,0.0
351.45796106878174,236.53062579625342,605,1.887,0.256,41.76,605,0.0,131,4.517,False,22,0.9862068965517241,0.0
258.5379610687818,298.90062579625345,488,1.886,0.371,35.4,488,0.0,131,4.517,False,28,0.9793103448275862,0.0
373.44796106878175,315.77062579625346,499,1.907,0.256,32.22,499,0.0,131,4.517,False,120,0.9586206896551724,0.0
331.55796106878176,439.78062579625345,587,1.783,0.197,46.21,587,0.0,131,4.517,True,141,0.9103448275862069,3.0
256.4879610687818,233.4806257962534,586,1.911,0.253,38.15,586,0.0,131,4.517,False,148,0.903448275862069,0.0
315.33796106878174,93.79062579625342,539,1.867,0.185,36.03,539,0.0,131,4.517,False,151,0.8275862068965517,0.0
220.54796106878177,316.09062579625345,553,1.798,0.315,44.94,553,0.0,131,4.517,True,152,0.8758620689655172,2.0
195.50796106878175,457.6906257962534,726,1.827,0.231,54.05,726,0.0,131,4.517,True,155,0.8413793103448276,3.0
404.55796106878176,272.26062579625346,595,1.837,0.3,43.03,595,0.0,131,4.517,True,159,0.8551724137931035,2.0
305.4779610687817,118.88062579625343,671,1.927,0.277,41.33,671,0.0,131,4.517,False,164,0.8413793103448276,0.0
315.4179610687818,433.92062579625343,526,1.871,0.336,39.21,526,0.0,131,4.517,False,173,0.7793103448275862,0.0
210.61796106878177,121.51062579625342,542,1.847,0.199,37.94,542,0.0,131,4.517,False,187,0.696551724137931,0.0
411.33796106878174,239.6706257962534,668,1.811,0.162,50.24,668,0.0,131,4.517,True,206,0.6344827586206897,2.0
362.3979610687818,103.25062579625343,487,1.922,0.114,29.46,487,0.0,131,4.517,False,225,0.5448275862068965,0.0
322.4779610687817,468.92062579625343,672,1.89,0.208,43.03,672,0.0,131,4.517,True,230,0.503448275862069,3.0
379.42796106878177,260.5006257962534,554,1.854,0.254,40.7,554,0.0,131,4.517,False,233,0.4482758620689655,0.0
270.50796106878175,316.36062579625343,602,1.915,0.257,41.33,602,0.0,131,4.517,False,235,0.45517241379310347,0.0
383.86796106878177,447.9906257962534,644,1.747,0.226,53.42,644,0.0,131,4.517,True,247,0.30344827586206896,3.0
436.4979610687818,237.68062579625342,308,1.676,0.284,31.16,308,0.0,131,4.517,False,258,0.1793103448275862,0.0
147.02796106878176,443.07062579625347,299,1.881,0.276,22.04,299,0.0,131,4.517,False,260,0.19310344827586207,0.0
152.96796106878176,257.10062579625344,105,1.813,0.479,8.69,105,0.0,131,4.517,False,263,0.08275862068965517,0.0
152.94796106878175,737.0906257962534,101,1.825,0.489,8.27,101,0.0,131,4.517,False,264,0.08275862068965517,0.0
153.08796106878177,578.7706257962534,108,1.855,0.504,8.48,108,0.0,131,4.517,False,266,0.06896551724137931,0.0
226.24796106878176,35.700625796253426,100,1.769,0.412,9.96,100,0.0,131,4.517,False,267,0.034482758620689655,0.0
393.0279610687818,260.1806257962534,156,1.693,0.108,14.63,156,0.0,131,4.517,False,268,0.041379310344827586,0.0
426.55796106878176,242.8206257962534,191,1.699,0.268,18.02,191,0.1,131,4.517,False,269,0.020689655172413793,0.0
336.60262773544844,108.1072924629201,597,1.768,0.153,48.68,597,0.0,132,4.552,True,1,1.0,1.0
256.10262773544844,87.11729246292009,695,1.864,0.201,47.6,695,0.0,132,4.552,True,2,1.0,1.0
341.33262773544845,480.14729246292006,645,1.806,0.291,51.66,645,0.0,132,4.552,True,4,1.0,3.0
404.1126277354484,470.08729246292006,671,1.841,0.328,48.41,671,0.0,132,4.552,True,5,1.0,3.0
258.2426277354484,468.1972924629201,767,1.893,0.21,49.76,767,0.0,132,4.552,True,6,0.993103448275862,3.0
257.40262773544845,145.7572924629201,488,1.779,0.249,40.3,488,0.0,132,4.552,False,9,1.0,0.0
290.3826277354484,509.57729246292007,571,1.885,0.272,38.95,571,0.0,132,4.552,False,10,1.0,0.0
237.17262773544843,109.58729246292009,554,1.784,0.125,43.81,554,0.0,132,4.552,True,11,1.0,1.0
367.32262773544846,75.0472924629201,701,1.87,0.304,46.79,701,0.0,132,4.552,True,16,1.0,1.0
352.16262773544844,236.7272924629201,687,1.845,0.252,50.58,687,0.0,132,4.552,True,22,0.9862068965517241,2.0
258.22262773544844,298.0672924629201,685,1.871,0.383,46.52,685,0.0,132,4.552,True,28,0.9793103448275862,2.0
372.3026277354485,315.15729246292005,611,1.888,0.248,37.86,611,0.0,132,4.552,False,120,0.9586206896551724,0.0
330.33262773544845,440.60729246292004,662,1.846,0.249,46.79,662,0.0,132,4.552,True,141,0.9103448275862069,3.0
256.52262773544845,232.9472924629201,721,1.806,0.17,55.17,721,0.0,132,4.552,True,148,0.903448275862069,2.0
316.69262773544847,93.75729246292009,492,1.706,0.066,44.63,492,0.0,132,4.552,True,151,0.8275862068965517,1.0
221.34262773544845,315.8172924629201,650,1.81,0.309,53.28,650,0.0,132,4.552,True,152,0.8758620689655172,2.0
192.31262773544844,456.0672924629201,806,1.782,0.331,68.97,806,0.0,132,4.552,True,155,0.8413793103448276,3.0
406.33262773544845,272.40729246292005,592,1.838,0.291,43.0,592,0.0,132,4.552,True,159,0.8551724137931035,2.0
305.54262773544843,118.8772924629201,609,1.854,0.256,41.92,609,0.0,132,4.552,False,164,0.8413793103448276,0.0
311.48262773544843,433.54729246292004,635,1.858,0.252,47.06,635,0.0,132,4.552,True,173,0.7793103448275862,3.0
208.85262773544844,121.3272924629201,532,1.644,0.145,55.98,532,0.0,132,4.552,True,187,0.696551724137931,1.0
408.6226277354484,239.5672924629201,610,1.789,0.084,46.52,610,0.0,132,4.552,True,206,0.6344827586206897,2.0
357.53262773544844,103.0672924629201,641,1.824,0.227,48.14,641,0.0,132,4.552,True,225,0.5448275862068965,1.0
321.3126277354485,469.83729246292006,655,1.875,0.259,44.63,655,0.0,132,4.552,True,230,0.503448275862069,3.0
376.77262773544845,261.65729246292005,510,1.652,0.135,53.01,510,0.0,132,4.552,True,233,0.4482758620689655,2.0
270.33262773544845,316.7572924629201,735,1.85,0.31,54.9,735,0.0,132,4.552,True,235,0.45517241379310347,2.0
385.48262773544843,447.8172924629201,683,1.827,0.222,48.14,683,0.0,132,4.552,True,247,0.30344827586206896,3.0
439.40262773544845,237.3372924629201,369,1.734,0.259,34.08,369,0.0,132,4.552,False,258,0.1793103448275862,0.0
150.11262773544846,442.52729246292006,663,1.775,0.088,50.3,663,0.0,132,4.552,True,260,0.19310344827586207,3.0
472.3626277354484,410.85729246292004,103,1.807,0.555,8.93,103,0.0,132,4.552,False,272,0.08275862068965517,0.0
337.34196106878176,108.14862579625343,597,1.768,0.153,48.88,597,0.0,133,4.586,True,1,1.0,1.0
254.86196106878177,87.12862579625342,700,1.86,0.191,48.34,700,0.0,133,4.586,True,2,1.0,1.0
341.9419610687818,480.1486257962534,642,1.811,0.31,51.57,642,0.0,133,4.586,True,4,1.0,3.0
404.85196106878175,470.1286257962534,670,1.841,0.328,48.34,670,0.0,133,4.586,True,5,1.0,3.0
258.10196106878175,468.1286257962534,755,1.896,0.243,48.34,755,0.0,133,4.586,True,6,0.993103448275862,3.0
256.4319610687818,145.66862579625342,438,1.75,0.168,37.33,438,0.0,133,4.586,False,9,1.0,0.0
290.3819610687818,510.09862579625343,495,1.766,0.205,39.75,495,0.0,133,4.586,False,10,1.0,0.0
237.76196106878177,109.80862579625342,508,1.789,0.117,40.02,508,0.0,133,4.586,False,11,1.0,0.0
368.0619610687818,75.08862579625342,701,1.871,0.305,46.73,701,0.0,133,4.586,True,16,1.0,1.0
352.89196106878177,236.76862579625345,698,1.844,0.253,51.57,698,0.0,133,4.586,True,22,0.9862068965517241,2.0
258.02196106878176,297.9886257962534,650,1.88,0.372,43.51,650,0.0,133,4.586,True,28,0.9793103448275862,2.0
370.5119610687818,314.8786257962534,540,1.821,0.202,39.21,540,0.0,133,4.586,False,120,0.9586206896551724,0.0
330.0019610687817,440.9186257962534,649,1.862,0.261,44.31,649,0.0,133,4.586,True,141,0.9103448275862069,3.0
255.43196106878176,232.72862579625343,655,1.814,0.125,49.69,655,0.0,133,4.586,True,148,0.903448275862069,2.0
315.72196106878175,93.32862579625342,519,1.84,0.077,37.87,519,0.0,133,4.586,False,151,0.8275862068965517,0.0
221.24196106878176,315.2686257962534,584,1.793,0.289,47.54,584,0.0,133,4.586,True,152,0.8758620689655172,2.0
190.21196106878176,456.0786257962534,779,1.765,0.329,68.49,779,0.0,133,4.586,True,155,0.8413793103448276,3.0
407.0719610687818,272.4486257962534,592,1.837,0.291,43.24,592,0.0,133,4.586,True,159,0.8551724137931035,2.0
306.20196106878177,118.85862579625342,660,1.89,0.225,42.17,660,0.0,133,4.586,True,164,0.8413793103448276,1.0
315.8119610687818,433.6886257962534,624,1.817,0.241,48.07,624,0.0,133,4.586,True,173,0.7793103448275862,3.0
209.14196106878177,121.02862579625342,597,1.817,0.283,47.0,597,0.0,133,4.586,True,187,0.696551724137931,1.0
408.2419610687818,239.78862579625343,634,1.796,0.221,48.61,634,0.0,133,4.586,True,206,0.6344827586206897,2.0
357.15196106878176,102.68862579625342,629,1.874,0.216,42.7,629,0.0,133,4.586,True,225,0.5448275862068965,1.0
321.08196106878177,470.7886257962534,615,1.874,0.261,43.78,615,0.0,133,4.586,True,230,0.503448275862069,3.0
376.24196106878173,262.1786257962534,514,1.713,0.2,46.19,514,0.0,133,4.586,True,233,0.4482758620689655,2.0
269.0719610687818,316.7986257962534,736,1.849,0.309,54.79,736,0.0,133,4.586,True,235,0.45517241379310347,2.0
385.3019610687818,447.71862579625343,610,1.806,0.202,46.46,610,0.0,133,4.586,True,247,0.30344827586206896,3.0
439.71196106878176,237.15862579625343,356,1.688,0.291,35.72,356,0.0,133,4.586,False,258,0.1793103448275862,0.0
150.80196106878176,442.0186257962534,649,1.749,0.099,50.49,649,0.0,133,4.586,True,260,0.19310344827586207,3.0
473.10196106878175,410.8886257962534,103,1.812,0.554,8.86,103,0.0,133,4.586,False,272,0.08275862068965517,0.0
338.50596106878174,108.32162579625343,598,1.769,0.153,48.88,598,0.0,134,4.621,True,1,1.0,1.0
254.1459610687818,87.26162579625343,720,1.867,0.197,48.88,720,0.0,134,4.621,True,2,1.0,1.0
343.10596106878177,480.3216257962534,642,1.811,0.31,51.52,642,0.0,134,4.621,True,4,1.0,3.0
406.01596106878173,470.3016257962534,671,1.841,0.329,48.35,671,0.0,134,4.621,True,5,1.0,3.0
258.1359610687818,468.3816257962534,750,1.892,0.227,48.88,750,0.0,134,4.621,True,6,0.993103448275862,3.0
255.22596106878177,145.49162579625343,419,1.79,0.225,33.55,419,0.0,134,4.621,False,9,1.0,0.0
291.37596106878175,510.2516257962534,518,1.744,0.176,42.01,518,0.0,134,4.621,False,10,1.0,0.0
237.12596106878178,109.99162579625342,512,1.795,0.169,39.63,512,0.0,134,4.621,False,11,1.0,0.0
369.22596106878177,75.26162579625343,703,1.871,0.304,46.76,703,0.0,134,4.621,True,16,1.0,1.0
352.1759610687818,236.85162579625344,684,1.918,0.296,44.91,684,0.0,134,4.621,True,22,0.9862068965517241,2.0
255.56596106878177,296.1316257962534,519,1.759,0.289,43.59,519,0.0,134,4.621,True,28,0.9793103448275862,2.0
369.63596106878174,314.4416257962534,473,1.791,0.234,37.25,473,0.0,134,4.621,False,120,0.9586206896551724,0.0
330.1959610687818,441.2016257962534,685,1.874,0.237,44.39,685,0.0,134,4.621,True,141,0.9103448275862069,3.0
255.37596106878178,232.32162579625344,676,1.836,0.119,47.29,676,0.0,134,4.621,True,148,0.903448275862069,2.0
315.63596106878174,93.08162579625342,475,1.815,0.129,35.93,475,0.0,134,4.621,False,151,0.8275862068965517,0.0
220.40596106878178,315.4416257962534,581,1.799,0.292,47.03,581,0.0,134,4.621,True,152,0.8758620689655172,2.0
189.23596106878176,456.2816257962534,794,1.792,0.343,67.37,794,0.0,134,4.621,True,155,0.8413793103448276,3.0
408.23596106878176,272.6216257962534,591,1.837,0.292,43.07,591,0.0,134,4.621,True,159,0.8551724137931035,2.0
306.36596106878176,119.01162579625343,647,1.914,0.252,39.37,647,0.0,134,4.621,False,164,0.8413793103448276,0.0
315.8059610687818,433.89162579625344,584,1.802,0.243,46.76,584,0.0,134,4.621,True,173,0.7793103448275862,3.0
207.42596106878176,120.15162579625343,538,1.758,0.254,46.76,538,0.0,134,4.621,True,187,0.696551724137931,1.0
407.62596106878175,240.36162579625343,554,1.827,0.127,40.42,554,0.0,134,4.621,False,206,0.6344827586206897,0.0
357.1459610687818,102.35162579625343,616,1.891,0.239,40.69,616,0.0,134,4.621,False,225,0.5448275862068965,0.0
321.16596106878177,471.71162579625343,599,1.898,0.202,40.42,599,0.0,134,4.621,False,230,0.503448275862069,0.0
376.4059610687818,262.3516257962534,514,1.713,0.198,46.24,514,0.0,134,4.621,True,233,0.4482758620689655,2.0
268.3359610687818,316.9916257962534,717,1.844,0.316,54.16,717,0.0,134,4.621,True,235,0.45517241379310347,2.0
386.41596106878177,447.7316257962534,530,1.852,0.226,38.05,530,0.0,134,4.621,False,247,0.30344827586206896,0.0
440.87596106878175,237.33162579625343,357,1.687,0.292,35.67,357,0.0,134,4.621,False,258,0.1793103448275862,0.0
151.54596106878176,441.4416257962534,566,1.728,0.066,46.5,566,0.0,134,4.621,True,260,0.19310344827586207,3.0
474.26596106878173,411.0716257962534,104,1.808,0.558,8.98,104,0.0,134,4.621,False,272,0.08275862068965517,0.0
339.70696106878177,108.39095912958676,600,1.747,0.129,50.18,600,0.0,135,4.655,True,1,1.0,1.0
255.1769610687818,86.89095912958676,666,1.851,0.158,46.56,666,0.0,135,4.655,True,2,1.0,1.0
344.2569610687818,480.40095912958674,642,1.811,0.31,51.53,642,0.0,135,4.655,True,4,1.0,3.0
407.1669610687818,470.38095912958676,671,1.841,0.328,48.37,671,0.0,135,4.655,True,5,1.0,3.0
258.2969610687818,468.40095912958674,741,1.898,0.248,47.24,741,0.0,135,4.655,True,6,0.993103448275862,3.0
256.45696106878177,145.50095912958676,433,1.8,0.219,33.9,433,0.0,135,4.655,False,9,1.0,0.0
291.7969610687818,510.18095912958677,402,1.634,0.097,40.46,402,0.0,135,4.655,False,10,1.0,0.0
235.4269610687818,111.07095912958675,499,1.83,0.275,37.29,499,0.0,135,4.655,False,11,1.0,0.0
370.3769610687818,75.33095912958676,703,1.871,0.305,46.79,703,0.0,135,4.655,True,16,1.0,1.0
353.32696106878177,236.99095912958677,695,1.901,0.287,46.33,695,0.0,135,4.655,True,22,0.9862068965517241,2.0
256.5969610687818,295.3509591295868,568,1.832,0.32,40.91,568,0.0,135,4.655,False,28,0.9793103448275862,0.0
369.7369610687818,314.4809591295868,465,1.776,0.231,37.52,465,0.0,135,4.655,False,120,0.9586206896551724,0.0
329.2969610687818,442.9209591295868,669,1.847,0.226,47.69,669,0.0,135,4.655,True,141,0.9103448275862069,3.0
256.5269610687818,232.40095912958677,676,1.836,0.12,47.24,676,0.0,135,4.655,True,148,0.903448275862069,2.0
314.1969610687818,93.18095912958677,541,1.88,0.128,33.9,541,0.0,135,4.655,False,151,0.8275862068965517,0.0
219.5469610687818,315.52095912958674,579,1.794,0.29,47.24,579,0.0,135,4.655,True,152,0.8758620689655172,2.0
189.56696106878178,455.9209591295868,715,1.81,0.269,57.63,715,0.0,135,4.655,True,155,0.8413793103448276,3.0
409.38696106878183,272.70095912958675,592,1.838,0.292,43.17,592,0.0,135,4.655,True,159,0.8551724137931035,2.0
305.6769610687818,118.08095912958676,558,1.855,0.227,41.81,558,0.0,135,4.655,False,164,0.8413793103448276,0.0
311.46696106878176,434.31095912958676,583,1.825,0.338,44.75,583,0.0,135,4.655,True,173,0.7793103448275862,3.0
207.56696106878178,120.24095912958676,539,1.759,0.256,47.01,539,0.0,135,4.655,True,187,0.696551724137931,1.0
407.59696106878175,240.51095912958675,584,1.864,0.217,41.59,584,0.0,135,4.655,False,206,0.6344827586206897,0.0
356.5269610687818,102.39095912958676,602,1.8,0.155,44.3,602,0.0,135,4.655,True,225,0.5448275862068965,1.0
320.1669610687818,472.75095912958676,588,1.884,0.177,40.46,588,0.0,135,4.655,False,230,0.503448275862069,0.0
375.7869610687818,262.65095912958674,515,1.741,0.124,44.53,515,0.0,135,4.655,True,233,0.4482758620689655,2.0
268.38696106878183,317.0509591295868,727,1.85,0.309,54.02,727,0.0,135,4.655,True,235,0.45517241379310347,2.0
384.08696106878176,445.52095912958674,556,1.752,0.212,48.37,556,0.0,135,4.655,True,247,0.30344827586206896,3.0
440.5169610687818,237.50095912958676,230,1.769,0.367,20.57,230,0.1,135,4.655,False,258,0.1793103448275862,0.0
152.6669610687818,440.18095912958677,547,1.691,0.136,46.79,547,0.0,135,4.655,True,260,0.19310344827586207,3.0
475.4169610687818,411.15095912958674,105,1.808,0.553,9.04,105,0.0,135,4.655,False,272,0.08275862068965517,0.0
340.8579955515404,108.483028095104,600,1.746,0.128,50.15,600,0.0,136,4.69,True,1,1.0,1.0
254.48799555154042,85.973028095104,684,1.88,0.183,45.47,684,0.0,136,4.69,True,2,1.0,1.0
345.4079955515404,480.49302809510397,643,1.811,0.31,51.49,643,0.0,136,4.69,True,4,1.0,3.0
408.31799555154043,470.473028095104,670,1.841,0.328,48.37,670,0.0,136,4.69,True,5,1.0,3.0
257.6179955515404,468.353028095104,736,1.892,0.266,47.25,736,0.0,136,4.69,True,6,0.993103448275862,3.0
253.89799555154042,145.093028095104,379,1.745,0.184,32.1,379,0.0,136,4.69,False,9,1.0,0.0
285.6379955515404,511.823028095104,334,1.83,0.21,26.08,334,0.0,136,4.69,False,10,1.0,0.0
235.5279955515404,111.333028095104,482,1.808,0.277,38.11,482,0.0,136,4.69,False,11,1.0,0.0
371.5279955515404,75.423028095104,703,1.87,0.304,46.81,703,0.0,136,4.69,True,16,1.0,1.0
354.3979955515404,236.69302809510398,656,1.915,0.188,41.46,656,0.0,136,4.69,False,22,0.9862068965517241,0.0
256.69799555154043,294.43302809510396,564,1.805,0.31,41.9,564,0.0,136,4.69,False,28,0.9793103448275862,0.0
369.9079955515404,314.55302809510397,464,1.791,0.231,36.11,464,0.0,136,4.69,False,120,0.9586206896551724,0.0
328.44799555154043,443.003028095104,669,1.847,0.225,47.7,669,0.0,136,4.69,True,141,0.9103448275862069,3.0
257.4779955515404,232.493028095104,682,1.852,0.134,46.14,682,0.0,136,4.69,True,148,0.903448275862069,2.0
314.1079955515404,93.643028095104,484,1.841,0.096,33.88,484,0.0,136,4.69,False,151,0.8275862068965517,0.0
218.69799555154043,315.61302809510397,579,1.796,0.29,47.25,579,0.0,136,4.69,True,152,0.8758620689655172,2.0
188.58799555154042,455.073028095104,724,1.83,0.311,56.84,724,0.0,136,4.69,True,155,0.8413793103448276,3.0
410.53799555154046,272.793028095104,592,1.837,0.292,43.24,592,0.0,136,4.69,True,159,0.8551724137931035,2.0
306.4779955515404,117.613028095104,602,1.842,0.236,44.58,602,0.0,136,4.69,True,164,0.8413793103448276,1.0
315.3779955515404,433.99302809510397,568,1.881,0.259,39.01,568,0.0,136,4.69,False,173,0.7793103448275862,0.0
206.54799555154042,120.443028095104,555,1.813,0.291,44.13,555,0.0,136,4.69,True,187,0.696551724137931,1.0
406.68799555154044,240.703028095104,622,1.84,0.242,46.36,622,0.0,136,4.69,True,206,0.6344827586206897,2.0
356.68799555154044,102.413028095104,567,1.829,0.236,42.35,567,0.0,136,4.69,True,225,0.5448275862068965,1.0
319.4679955515404,472.893028095104,604,1.888,0.201,40.34,604,0.0,136,4.69,False,230,0.503448275862069,0.0
375.6379955515404,263.193028095104,526,1.772,0.184,43.24,526,0.0,136,4.69,True,233,0.4482758620689655,2.0
268.4779955515404,317.55302809510397,676,1.868,0.286,47.7,676,0.0,136,4.69,True,235,0.45517241379310347,2.0
384.2479955515404,445.353028095104,612,1.8,0.322,51.26,612,0.0,136,4.69,True,247,0.30344827586206896,3.0
153.86799555154042,439.713028095104,521,1.737,0.099,42.57,521,0.0,136,4.69,True,260,0.19310344827586207,3.0
476.56799555154043,411.24302809510397,104,1.809,0.554,8.92,104,0.0,136,4.69,False,272,0.08275862068965517,0.0
341.97971968947144,108.45889016406952,608,1.761,0.135,50.2,608,0.0,137,4.724,True,1,1.0,1.0
255.47971968947144,85.97889016406951,646,1.857,0.176,44.82,646,0.0,137,4.724,True,2,1.0,1.0
346.50971968947147,480.4688901640695,642,1.81,0.31,51.55,642,0.0,137,4.724,True,4,1.0,3.0
409.41971968947144,470.4488901640695,671,1.841,0.329,48.41,671,0.0,137,4.724,True,5,1.0,3.0
258.38971968947146,468.3688901640695,676,1.894,0.239,43.48,676,0.0,137,4.724,True,6,0.993103448275862,3.0
254.75971968947147,145.6188901640695,376,1.808,0.211,28.91,376,0.0,137,4.724,False,9,1.0,0.0
286.7397196894715,511.7988901640695,335,1.83,0.212,26.22,335,0.0,137,4.724,False,10,1.0,0.0
235.62971968947147,112.30889016406951,482,1.808,0.278,38.1,482,0.0,137,4.724,False,11,1.0,0.0
372.63971968947146,75.39889016406951,702,1.87,0.304,46.84,702,0.0,137,4.724,True,16,1.0,1.0
355.4997196894715,236.6688901640695,655,1.914,0.189,41.46,655,0.0,137,4.724,False,22,0.9862068965517241,0.0
256.7397196894715,294.2288901640695,558,1.853,0.309,37.88,558,0.0,137,4.724,False,28,0.9793103448275862,0.0
371.02971968947145,314.5688901640695,467,1.797,0.233,36.08,467,0.0,137,4.724,False,120,0.9586206896551724,0.0
328.71971968947145,443.0488901640695,651,1.835,0.244,47.74,651,0.0,137,4.724,True,141,0.9103448275862069,3.0
257.57971968947146,232.4588901640695,684,1.85,0.137,46.39,684,0.0,137,4.724,True,148,0.903448275862069,2.0
313.38971968947146,93.58889016406951,506,1.874,0.153,33.17,506,0.0,137,4.724,False,151,0.8275862068965517,0.0
219.69971968947146,315.2088901640695,564,1.828,0.285,43.25,564,0.0,137,4.724,True,152,0.8758620689655172,2.0
188.57971968947146,455.2388901640695,775,1.873,0.378,57.15,775,0.0,137,4.724,True,155,0.8413793103448276,3.0
411.63971968947146,272.7688901640695,592,1.838,0.291,43.03,592,0.0,137,4.724,True,159,0.8551724137931035,2.0
306.75971968947147,117.47889016406951,575,1.849,0.247,42.13,575,0.0,137,4.724,False,164,0.8413793103448276,0.0
311.01971968947146,433.3288901640695,493,1.743,0.219,41.24,493,0.0,137,4.724,False,173,0.7793103448275862,0.0
205.64971968947145,120.41889016406951,555,1.812,0.291,44.15,555,0.0,137,4.724,True,187,0.696551724137931,1.0
406.07971968947146,240.5988901640695,541,1.763,0.165,46.17,541,0.0,137,4.724,True,206,0.6344827586206897,2.0
355.8597196894715,101.98889016406952,547,1.871,0.214,40.12,547,0.0,137,4.724,False,225,0.5448275862068965,0.0
314.75971968947147,474.5888901640695,549,1.869,0.286,40.12,549,0.0,137,4.724,False,230,0.503448275862069,0.0
375.03971968947144,263.6688901640695,481,1.763,0.084,39.0,481,0.0,137,4.724,False,233,0.4482758620689655,0.0
266.66971968947144,317.4288901640695,645,1.84,0.338,48.86,645,0.0,137,4.724,True,235,0.45517241379310347,2.0
383.3797196894715,444.5888901640695,593,1.805,0.269,47.96,593,0.0,137,4.724,True,247,0.30344827586206896,3.0
154.87971968947144,438.9188901640695,500,1.704,0.228,42.36,500,0.0,137,4.724,True,260,0.19310344827586207,3.0
477.66971968947144,411.2188901640695,104,1.809,0.553,8.96,104,0.0,137,4.724,False,272,0.08275862068965517,0.0
342.4879955515404,108.66475223303503,609,1.762,0.134,50.08,609,0.0,138,4.759,True,1,1.0,1.0
254.07799555154043,85.61475223303503,645,1.882,0.192,42.39,645,0.0,138,4.759,True,2,1.0,1.0
347.01799555154037,480.684752233035,642,1.811,0.31,51.53,642,0.0,138,4.759,True,4,1.0,3.0
409.9279955515404,470.664752233035,671,1.841,0.328,48.42,671,0.0,138,4.759,True,5,1.0,3.0
257.9179955515404,467.434752233035,771,1.871,0.267,52.16,771,0.0,138,4.759,True,6,0.993103448275862,3.0
253.51799555154042,145.80475223303503,345,1.773,0.203,28.05,345,0.0,138,4.759,False,9,1.0,0.0
287.2279955515404,511.89475223303504,395,1.818,0.22,32.0,395,0.0,138,4.759,False,10,1.0,0.0
235.0379955515404,112.63475223303503,529,1.783,0.251,44.47,529,0.0,138,4.759,True,11,1.0,1.0
373.13799555154037,75.61475223303503,703,1.871,0.305,46.75,703,0.0,138,4.759,True,16,1.0,1.0
356.0079955515404,236.88475223303502,656,1.915,0.189,41.35,656,0.0,138,4.759,False,22,0.9862068965517241,0.0
256.0479955515404,293.594752233035,559,1.871,0.321,37.2,559,0.0,138,4.759,False,28,0.9793103448275862,0.0
372.0779955515404,314.654752233035,544,1.935,0.223,31.38,544,0.0,138,4.759,False,120,0.9586206896551724,0.0
328.0479955515404,443.70475223303504,655,1.849,0.228,44.88,655,0.0,138,4.759,True,141,0.9103448275862069,3.0
257.0979955515404,232.25475223303502,662,1.858,0.109,43.64,662,0.0,138,4.759,True,148,0.903448275862069,2.0
312.05799555154044,92.79475223303504,509,1.889,0.19,32.62,509,0.0,138,4.759,False,151,0.8275862068965517,0.0
218.2479955515404,314.874752233035,668,1.82,0.243,50.49,668,0.0,138,4.759,True,152,0.8758620689655172,2.0
186.30799555154042,455.744752233035,689,1.85,0.33,51.95,689,0.0,138,4.759,True,155,0.8413793103448276,3.0
412.1479955515404,272.984752233035,592,1.838,0.293,43.22,592,0.0,138,4.759,True,159,0.8551724137931035,2.0
306.2379955515404,117.46475223303504,596,1.856,0.236,40.52,596,0.0,138,4.759,False,164,0.8413793103448276,0.0
314.9779955515404,433.664752233035,535,1.845,0.293,39.27,535,0.0,138,4.759,False,173,0.7793103448275862,0.0
206.1579955515404,119.63475223303503,555,1.813,0.291,44.26,555,0.0,138,4.759,True,187,0.696551724137931,1.0
405.3979955515404,241.27475223303503,572,1.801,0.178,43.64,572,0.0,138,4.759,True,206,0.6344827586206897,2.0
355.0879955515404,101.47475223303503,680,1.818,0.239,52.78,680,0.0,138,4.759,True,225,0.5448275862068965,1.0
317.9579955515404,474.44475223303505,570,1.858,0.209,39.48,570,0.0,138,4.759,False,230,0.503448275862069,0.0
374.4779955515404,264.354752233035,451,1.758,0.132,37.61,451,0.0,138,4.759,False,233,0.4482758620689655,0.0
267.0379955515404,317.594752233035,676,1.815,0.313,52.78,676,0.0,138,4.759,True,235,0.45517241379310347,2.0
382.8379955515404,444.484752233035,545,1.796,0.303,45.09,545,0.0,138,4.759,True,247,0.30344827586206896,3.0
155.4479955515404,438.52475223303503,496,1.715,0.195,41.35,496,0.0,138,4.759,False,260,0.19310344827586207,0.0
478.1779955515404,411.434752233035,104,1.811,0.556,8.94,104,0.0,138,4.759,False,272,0.08275862068965517,0.0
344.169030034299,108.82716602613849,639,1.832,0.22,47.36,639,0.0,139,4.793,True,1,1.0,1.0
253.80903003429904,85.8171660261385,618,1.863,0.18,41.82,618,0.0,139,4.793,False,2,1.0,0.0
347.899030034299,480.84716602613844,642,1.811,0.31,51.56,642,0.0,139,4.793,True,4,1.0,3.0
410.809030034299,470.82716602613846,670,1.842,0.329,48.46,670,0.0,139,4.793,True,5,1.0,3.0
256.899030034299,466.4871660261385,778,1.882,0.265,51.78,778,0.0,139,4.793,True,6,0.993103448275862,3.0
252.39903003429902,145.9671660261385,345,1.772,0.202,28.1,345,0.0,139,4.793,False,9,1.0,0.0
287.409030034299,512.0971660261384,354,1.743,0.133,31.2,354,0.0,139,4.793,False,10,1.0,0.0
233.93903003429904,112.76716602613848,528,1.788,0.249,43.59,528,0.0,139,4.793,True,11,1.0,1.0
374.019030034299,75.7871660261385,702,1.871,0.304,46.69,702,0.0,139,4.793,True,16,1.0,1.0
356.889030034299,237.0671660261385,639,1.926,0.18,39.17,639,0.0,139,4.793,False,22,0.9862068965517241,0.0
255.18903003429904,292.1671660261385,461,1.692,0.218,40.72,461,0.0,139,4.793,False,28,0.9793103448275862,0.0
371.84903003429906,314.90716602613844,540,1.926,0.198,31.87,540,0.0,139,4.793,False,120,0.9586206896551724,0.0
328.83903003429907,443.77716602613845,601,1.833,0.233,44.04,601,0.0,139,4.793,True,141,0.9103448275862069,3.0
256.17903003429905,232.4171660261385,634,1.846,0.102,42.93,634,0.0,139,4.793,True,148,0.903448275862069,2.0
312.62903003429903,92.57716602613849,465,1.839,0.14,32.53,465,0.0,139,4.793,False,151,0.8275862068965517,0.0
218.08903003429901,315.03716602613844,680,1.834,0.247,50.45,680,0.0,139,4.793,True,152,0.8758620689655172,2.0
185.94903003429903,455.59716602613844,707,1.903,0.333,47.8,707,0.0,139,4.793,True,155,0.8413793103448276,3.0
413.049030034299,272.96716602613844,610,1.864,0.33,40.72,610,0.0,139,4.793,False,159,0.8551724137931035,0.0
306.12903003429903,117.6271660261385,594,1.849,0.233,40.72,594,0.0,139,4.793,False,164,0.8413793103448276,0.0
314.73903003429905,433.8571660261385,510,1.827,0.266,38.73,510,0.0,139,4.793,False,173,0.7793103448275862,0.0
205.13903003429903,119.14716602613849,479,1.788,0.228,38.5,479,0.0,139,4.793,False,187,0.696551724137931,0.0
406.9590300342991,241.4771660261385,720,1.904,0.264,47.13,720,0.0,139,4.793,True,206,0.6344827586206897,2.0
355.949030034299,101.29716602613848,607,1.874,0.192,42.71,607,0.0,139,4.793,True,225,0.5448275862068965,1.0
315.949030034299,475.58716602613845,666,1.856,0.277,47.8,666,0.0,139,4.793,True,230,0.503448275862069,3.0
373.279030034299,264.39716602613845,437,1.763,0.177,36.51,437,0.0,139,4.793,False,233,0.4482758620689655,0.0
265.87903003429903,317.64716602613845,705,1.814,0.351,56.43,705,0.0,139,4.793,True,235,0.45517241379310347,2.0
382.72903003429906,444.64716602613845,547,1.794,0.307,45.36,547,0.0,139,4.793,True,247,0.30344827586206896,3.0
440.069030034299,237.5971660261385,283,1.769,0.347,26.11,283,0.0,139,4.793,False,258,0.1793103448275862,0.0
156.36903003429904,437.63716602613846,484,1.71,0.212,40.72,484,0.0,139,4.793,False,260,0.19310344827586207,0.0
479.059030034299,411.59716602613844,104,1.803,0.554,9.07,104,0.0,139,4.793,False,272,0.08275862068965517,0.0
276.87903003429903,316.4271660261385,103,1.604,0.188,9.96,103,0.0,139,4.793,False,275,0.034482758620689655,0.0
345.56548164720226,108.85329505839654,639,1.833,0.22,47.43,639,0.0,140,4.828,True,1,1.0,1.0
253.32548164720225,85.81329505839655,633,1.885,0.2,41.2,633,0.0,140,4.828,False,2,1.0,0.0
349.2954816472022,480.87329505839654,642,1.811,0.31,51.5,642,0.0,140,4.828,True,4,1.0,3.0
412.20548164720225,470.85329505839655,672,1.841,0.328,48.5,672,0.0,140,4.828,True,5,1.0,3.0
256.26548164720225,465.8332950583966,778,1.887,0.271,52.15,778,0.0,140,4.828,True,6,0.993103448275862,3.0
251.77548164720227,145.99329505839657,347,1.781,0.206,28.11,347,0.0,140,4.828,False,9,1.0,0.0
287.6654816472022,512.4032950583966,367,1.795,0.264,29.19,367,0.0,140,4.828,False,10,1.0,0.0
234.39548164720225,112.63329505839654,491,1.768,0.23,40.77,491,0.0,140,4.828,False,11,1.0,0.0
375.4154816472022,75.80329505839654,703,1.871,0.305,46.78,703,0.0,140,4.828,True,16,1.0,1.0
359.15548164720224,237.30329505839657,589,1.902,0.223,39.27,589,0.0,140,4.828,False,22,0.9862068965517241,0.0
258.93548164720227,293.60329505839655,522,1.778,0.221,40.99,522,0.0,140,4.828,False,28,0.9793103448275862,0.0
371.40548164720224,314.46329505839657,511,1.941,0.202,29.4,511,0.0,140,4.828,False,120,0.9586206896551724,0.0
328.15548164720224,444.72329505839656,607,1.861,0.232,41.85,607,0.0,140,4.828,False,141,0.9103448275862069,0.0
257.38548164720225,232.48329505839655,648,1.839,0.138,44.42,648,0.0,140,4.828,True,148,0.903448275862069,2.0
308.55548164720227,91.85329505839654,590,1.827,0.173,41.42,590,0.0,140,4.828,False,151,0.8275862068965517,0.0
217.62548164720226,315.0732950583966,647,1.795,0.221,50.86,647,0.0,140,4.828,True,152,0.8758620689655172,2.0
186.51548164720225,454.65329505839657,649,1.867,0.313,47.85,649,0.0,140,4.828,True,155,0.8413793103448276,3.0
414.44548164720226,272.99329505839654,609,1.863,0.331,40.77,609,0.0,140,4.828,False,159,0.8551724137931035,0.0
306.62548164720226,116.91329505839654,545,1.869,0.23,36.7,545,0.0,140,4.828,False,164,0.8413793103448276,0.0
315.14548164720225,433.87329505839654,509,1.826,0.265,38.84,509,0.0,140,4.828,False,173,0.7793103448275862,0.0
203.49548164720227,119.16329505839654,485,1.802,0.234,38.41,485,0.0,140,4.828,False,187,0.696551724137931,0.0
407.88548164720225,241.95329505839655,600,1.788,0.263,50.86,600,0.0,140,4.828,True,206,0.6344827586206897,2.0
353.49548164720227,100.45329505839655,602,1.854,0.191,43.13,602,0.0,140,4.828,True,225,0.5448275862068965,1.0
315.3654816472023,475.61329505839655,662,1.85,0.273,47.64,662,0.0,140,4.828,True,230,0.503448275862069,3.0
373.49548164720227,264.8332950583966,566,1.758,0.178,47.85,566,0.0,140,4.828,True,233,0.4482758620689655,2.0
265.3654816472023,317.6932950583966,694,1.838,0.375,54.72,694,0.0,140,4.828,True,235,0.45517241379310347,2.0
381.4554816472023,443.71329505839657,584,1.856,0.249,40.99,584,0.0,140,4.828,False,247,0.30344827586206896,0.0
432.52548164720224,240.43329505839657,237,1.556,0.084,25.54,237,0.0,140,4.828,False,258,0.1793103448275862,0.0
157.57548164720225,435.92329505839655,569,1.681,0.318,49.79,569,0.0,140,4.828,True,260,0.19310344827586207,3.0
480.45548164720225,411.62329505839654,104,1.809,0.555,9.01,104,0.0,140,4.828,False,272,0.08275862068965517,0.0
278.1654816472022,316.48329505839655,114,1.68,0.24,10.73,114,0.0,140,4.828,False,275,0.034482758620689655,0.0
230.77548164720227,316.56329505839653,130,1.651,0.13,13.95,130,0.0,140,4.828,False,277,0.027586206896551724,0.0
345.93548164720227,108.95423255839655,586,1.776,0.144,47.46,586,0.0,141,4.862,True,1,1.0,1.0
253.24548164720227,84.92423255839655,612,1.879,0.193,40.71,612,0.0,141,4.862,False,2,1.0,0.0
350.3654816472023,480.95423255839654,643,1.811,0.31,51.55,643,0.0,141,4.862,True,4,1.0,3.0
413.27548164720224,470.93423255839656,671,1.841,0.328,48.48,671,0.0,141,4.862,True,5,1.0,3.0
255.33548164720224,465.9142325583966,778,1.887,0.27,52.16,778,0.0,141,4.862,True,6,0.993103448275862,3.0
251.63548164720225,145.66423255839655,366,1.817,0.244,27.2,366,0.0,141,4.862,False,9,1.0,0.0
287.74548164720227,512.5542325583965,357,1.794,0.31,29.25,357,0.0,141,4.862,False,10,1.0,0.0
235.41548164720226,113.26423255839654,479,1.8,0.137,38.05,479,0.0,141,4.862,False,11,1.0,0.0
376.4854816472023,75.88423255839655,703,1.871,0.304,46.84,703,0.0,141,4.862,True,16,1.0,1.0
359.3554816472023,237.00423255839652,640,1.909,0.19,40.3,640,0.0,141,4.862,False,22,0.9862068965517241,0.0
258.14548164720225,291.94423255839655,534,1.841,0.225,37.64,534,0.0,141,4.862,False,28,0.9793103448275862,0.0
371.39548164720225,314.64423255839654,507,1.937,0.216,29.45,507,0.0,141,4.862,False,120,0.9586206896551724,0.0
325.5954816472023,445.9142325583966,661,1.85,0.245,46.02,661,0.0,141,4.862,True,141,0.9103448275862069,3.0
257.45548164720225,232.56423255839653,650,1.838,0.137,44.59,650,0.0,141,4.862,True,148,0.903448275862069,2.0
308.45548164720225,92.00423255839655,599,1.851,0.18,39.89,599,0.0,141,4.862,False,151,0.8275862068965517,0.0
218.43548164720227,315.1642325583966,671,1.83,0.235,50.52,671,0.0,141,4.862,True,152,0.8758620689655172,2.0
179.99548164720227,454.5242325583966,532,1.706,0.163,48.68,532,0.0,141,4.862,True,155,0.8413793103448276,3.0
415.51548164720225,273.07423255839655,609,1.862,0.331,40.71,609,0.0,141,4.862,False,159,0.8551724137931035,0.0
306.5954816472023,116.74423255839655,547,1.884,0.232,34.77,547,0.0,141,4.862,False,164,0.8413793103448276,0.0
310.4754816472023,433.7942325583966,544,1.88,0.351,38.86,544,0.0,141,4.862,False,173,0.7793103448275862,0.0
203.54548164720225,119.22423255839655,495,1.793,0.231,38.46,495,0.0,141,4.862,False,187,0.696551724137931,0.0
408.1054816472023,241.76423255839654,612,1.824,0.28,47.66,612,0.0,141,4.862,True,206,0.6344827586206897,2.0
357.33548164720224,100.72423255839655,598,1.893,0.238,39.68,598,0.0,141,4.862,False,225,0.5448275862068965,0.0
316.3454816472023,476.1542325583966,622,1.871,0.203,42.55,622,0.0,141,4.862,True,230,0.503448275862069,3.0
373.56548164720226,264.92423255839657,624,1.772,0.173,51.55,624,0.0,141,4.862,True,233,0.4482758620689655,2.0
265.4154816472022,317.92423255839657,638,1.832,0.372,49.09,638,0.0,141,4.862,True,235,0.45517241379310347,2.0
380.24548164720227,442.9042325583966,591,1.869,0.264,41.11,591,0.0,141,4.862,False,247,0.30344827586206896,0.0
433.6054816472023,240.51423255839654,237,1.557,0.084,25.57,237,0.0,141,4.862,False,258,0.1793103448275862,0.0
158.63548164720225,435.69423255839655,565,1.682,0.336,50.11,565,0.0,141,4.862,True,260,0.19310344827586207,3.0
481.52548164720224,411.70423255839654,104,1.81,0.554,9.0,104,0.0,141,4.862,False,272,0.08275862068965517,0.0
279.27548164720224,316.8542325583966,121,1.627,0.183,12.68,121,0.0,141,4.862,False,275,0.034482758620689655,0.0
231.45548164720225,316.63423255839655,169,1.701,0.21,16.77,169,0.0,141,4.862,False,277,0.027586206896551724,0.0
346.8192316472023,109.11142005839656,585,1.776,0.143,47.55,585,0.0,142,4.897,True,1,1.0,1.0
254.14923164720224,85.09142005839655,607,1.87,0.188,40.58,607,0.0,142,4.897,False,2,1.0,0.0
351.24923164720224,481.1114200583965,642,1.812,0.31,51.65,642,0.0,142,4.897,True,4,1.0,3.0
414.1592316472022,471.0914200583965,671,1.841,0.329,48.37,671,0.0,142,4.897,True,5,1.0,3.0
254.32923164720225,465.9614200583965,776,1.885,0.28,52.06,776,0.0,142,4.897,True,6,0.993103448275862,3.0
251.44923164720225,145.94142005839655,393,1.787,0.206,31.15,393,0.0,142,4.897,False,9,1.0,0.0
288.62923164720223,512.7114200583966,358,1.795,0.312,29.31,358,0.0,142,4.897,False,10,1.0,0.0
230.45923164720224,115.22142005839655,456,1.774,0.231,36.89,456,0.0,142,4.897,False,11,1.0,0.0
377.36923164720224,76.04142005839654,703,1.871,0.304,46.73,703,0.0,142,4.897,True,16,1.0,1.0
360.29923164720225,237.00142005839655,654,1.918,0.227,40.17,654,0.0,142,4.897,False,22,0.9862068965517241,0.0
254.41923164720225,289.5414200583965,479,1.764,0.196,39.97,479,0.0,142,4.897,False,28,0.9793103448275862,0.0
371.28923164720226,314.0914200583965,485,1.93,0.201,28.28,485,0.0,142,4.897,False,120,0.9586206896551724,0.0
326.33923164720227,445.9714200583965,679,1.844,0.222,45.91,679,0.0,142,4.897,True,141,0.9103448275862069,3.0
258.15923164720226,233.14142005839656,608,1.852,0.143,40.99,608,0.0,142,4.897,False,148,0.903448275862069,0.0
309.36923164720224,91.84142005839655,608,1.896,0.205,37.3,608,0.0,142,4.897,False,151,0.8275862068965517,0.0
218.22923164720225,314.94142005839655,635,1.83,0.247,47.14,635,0.0,142,4.897,True,152,0.8758620689655172,2.0
179.87923164720223,455.19142005839655,495,1.706,0.178,46.53,495,0.0,142,4.897,True,155,0.8413793103448276,3.0
416.3992316472022,273.2314200583965,609,1.863,0.33,40.79,609,0.0,142,4.897,False,159,0.8551724137931035,0.0
305.47923164720225,115.91142005839654,543,1.88,0.234,34.84,543,0.0,142,4.897,False,164,0.8413793103448276,0.0
311.23923164720225,433.3614200583965,614,1.911,0.256,41.61,614,0.0,142,4.897,False,173,0.7793103448275862,0.0
203.58923164720224,119.65142005839655,520,1.794,0.225,40.38,520,0.0,142,4.897,False,187,0.696551724137931,0.0
407.24923164720224,241.86142005839656,656,1.88,0.307,44.68,656,0.0,142,4.897,True,206,0.6344827586206897,2.0
354.42923164720224,100.49142005839656,592,1.88,0.165,40.58,592,0.0,142,4.897,False,225,0.5448275862068965,0.0
315.1992316472023,477.25142005839655,647,1.856,0.24,46.53,647,0.0,142,4.897,True,230,0.503448275862069,3.0
373.2092316472023,265.4914200583965,669,1.822,0.139,50.62,669,0.0,142,4.897,True,233,0.4482758620689655,2.0
265.16923164720225,318.0414200583965,614,1.803,0.364,50.42,614,0.0,142,4.897,True,235,0.45517241379310347,2.0
379.3892316472022,441.95142005839654,624,1.813,0.198,45.09,624,0.0,142,4.897,True,247,0.30344827586206896,3.0
439.4192316472022,238.25142005839655,360,1.665,0.221,37.51,360,0.0,142,4.897,False,258,0.1793103448275862,0.0
159.22923164720225,435.8614200583965,531,1.729,0.234,43.45,531,0.0,142,4.897,True,260,0.19310344827586207,3.0
482.4092316472022,411.8614200583965,104,1.81,0.554,9.02,104,0.0,142,4.897,False,272,0.08275862068965517,0.0
278.49923164720224,316.95142005839654,126,1.815,0.364,11.07,126,0.0,142,4.897,False,275,0.034482758620689655,0.0
232.40923164720226,317.27142005839653,158,1.625,0.104,15.99,158,0.0,142,4.897,False,277,0.027586206896551724,0.0
347.83235664720223,108.96517005839655,632,1.783,0.122,49.44,632,0.0,143,4.931,True,1,1.0,1.0
254.36235664720226,84.79517005839655,578,1.898,0.187,36.87,578,0.0,143,4.931,False,2,1.0,0.0
352.30235664720226,481.3051700583965,643,1.81,0.31,51.66,643,0.0,143,4.931,True,4,1.0,3.0
415.2123566472022,471.28517005839655,671,1.841,0.328,48.42,671,0.0,143,4.931,True,5,1.0,3.0
254.39235664720223,465.48517005839653,714,1.896,0.268,47.21,714,0.0,143,4.931,True,6,0.993103448275862,3.0
256.0923566472022,146.97517005839654,437,1.775,0.22,35.46,437,0.0,143,4.931,False,9,1.0,0.0
288.6523566472023,512.9751700583965,349,1.779,0.34,29.58,349,0.0,143,4.931,False,10,1.0,0.0
228.67235664720226,115.44517005839656,479,1.794,0.191,37.28,479,0.0,143,4.931,False,11,1.0,0.0
378.42235664720226,76.23517005839655,702,1.87,0.305,46.8,702,0.0,143,4.931,True,16,1.0,1.0
361.33235664720223,237.19517005839654,678,1.914,0.236,42.34,678,0.0,143,4.931,True,22,0.9862068965517241,2.0
254.53235664720225,289.36517005839653,514,1.812,0.278,39.71,514,0.0,143,4.931,False,28,0.9793103448275862,0.0
371.3623566472022,313.9951700583965,465,1.949,0.203,26.34,465,0.0,143,4.931,False,120,0.9586206896551724,0.0
325.4823566472022,447.11517005839653,637,1.875,0.238,40.52,637,0.0,143,4.931,False,141,0.9103448275862069,0.0
257.4123566472023,233.34517005839655,609,1.854,0.135,40.93,609,0.0,143,4.931,False,148,0.903448275862069,0.0
308.4823566472022,91.35517005839655,560,1.895,0.189,34.85,560,0.0,143,4.931,False,151,0.8275862068965517,0.0
217.50235664720225,314.02517005839655,617,1.834,0.249,45.99,617,0.0,143,4.931,True,152,0.8758620689655172,2.0
179.69235664720225,455.27517005839655,584,1.75,0.226,50.45,584,0.0,143,4.931,True,155,0.8413793103448276,3.0
417.45235664720224,273.42517005839653,609,1.863,0.331,40.72,609,0.0,143,4.931,False,159,0.8551724137931035,0.0
305.32235664720224,116.22517005839654,536,1.868,0.213,34.85,536,0.0,143,4.931,False,164,0.8413793103448276,0.0
312.18235664720225,433.26517005839656,619,1.841,0.231,45.99,619,0.0,143,4.931,True,173,0.7793103448275862,3.0
201.84235664720225,119.48517005839655,460,1.714,0.144,40.93,460,0.0,143,4.931,False,187,0.696551724137931,0.0
408.30235664720226,242.05517005839656,656,1.879,0.307,44.78,656,0.0,143,4.931,True,206,0.6344827586206897,2.0
351.51235664720224,99.47517005839654,563,1.856,0.168,39.51,563,0.0,143,4.931,False,225,0.5448275862068965,0.0
313.4123566472023,477.8051700583965,641,1.89,0.289,44.17,641,0.0,143,4.931,True,230,0.503448275862069,3.0
372.4723566472022,265.19517005839657,658,1.856,0.207,47.0,658,0.0,143,4.931,True,233,0.4482758620689655,2.0
264.32235664720224,317.8051700583965,635,1.859,0.284,48.02,635,0.0,143,4.931,True,235,0.45517241379310347,2.0
379.2123566472022,442.20517005839656,572,1.871,0.298,39.1,572,0.0,143,4.931,False,247,0.30344827586206896,0.0
434.27235664720223,240.10517005839654,463,1.833,0.206,33.02,463,0.0,143,4.931,False,258,0.1793103448275862,0.0
160.13235664720224,433.9351700583965,511,1.644,0.257,47.0,511,0.0,143,4.931,True,260,0.19310344827586207,3.0
483.4623566472022,412.0551700583965,104,1.809,0.554,9.12,104,0.0,143,4.931,False,272,0.08275862068965517,0.0
281.14235664720223,316.65517005839655,119,1.797,0.182,10.54,119,0.0,143,4.931,False,275,0.034482758620689655,0.0
233.13235664720224,316.61517005839653,182,1.696,0.083,16.41,182,0.0,143,4.931,False,277,0.027586206896551724,0.0
348.7295980265126,109.47413557563792,589,1.808,0.212,45.27,589,0.0,144,4.966,True,1,1.0,1.0
247.85959802651257,83.89413557563792,578,1.759,0.09,47.53,578,0.0,144,4.966,True,2,1.0,1.0
353.6095980265126,481.4741355756379,649,1.816,0.302,52.06,649,0.0,144,4.966,True,4,1.0,3.0
417.4395980265126,471.9641355756379,637,1.797,0.279,52.06,637,0.0,144,4.966,True,5,1.0,3.0
255.3895980265126,465.2741355756379,763,1.849,0.205,51.15,763,0.0,144,4.966,True,6,0.993103448275862,3.0
252.4895980265126,146.55413557563793,554,1.885,0.192,37.35,554,0.0,144,4.966,False,9,1.0,0.0
290.62959802651255,513.394135575638,520,1.796,0.299,41.42,520,0.0,144,4.966,False,10,1.0,0.0
233.15959802651258,115.18413557563791,521,1.781,0.112,40.06,521,0.0,144,4.966,False,11,1.0,0.0
380.4495980265126,75.84413557563792,617,1.798,0.109,47.98,617,0.0,144,4.966,True,16,1.0,1.0
359.7195980265126,237.42413557563793,661,1.812,0.132,49.12,661,0.0,144,4.966,True,22,0.9862068965517241,2.0
254.6495980265126,288.4441355756379,686,1.859,0.391,49.34,686,0.0,144,4.966,True,28,0.9793103448275862,2.0
369.6995980265126,313.3341355756379,651,1.838,0.285,49.34,651,0.0,144,4.966,True,120,0.9586206896551724,2.0
325.74959802651256,447.4441355756379,664,1.842,0.307,47.98,664,0.0,144,4.966,True,141,0.9103448275862069,3.0
256.5095980265126,233.66413557563794,678,1.801,0.193,50.47,678,0.0,144,4.966,True,148,0.903448275862069,2.0
309.50959802651255,91.63413557563791,602,1.893,0.194,38.03,602,0.0,144,4.966,False,151,0.8275862068965517,0.0
217.3995980265126,314.1841355756379,645,1.876,0.32,46.63,645,0.0,144,4.966,True,152,0.8758620689655172,2.0
180.60959802651257,454.8741355756379,809,1.879,0.237,57.72,809,0.0,144,4.966,True,155,0.8413793103448276,3.0
418.5695980265126,273.8241355756379,570,1.84,0.298,42.1,570,0.0,144,4.966,False,159,0.8551724137931035,0.0
304.5795980265126,116.31413557563792,698,1.87,0.25,46.63,698,0.0,144,4.966,True,164,0.8413793103448276,1.0
313.1795980265126,433.2141355756379,609,1.747,0.244,53.64,609,0.0,144,4.966,True,173,0.7793103448275862,3.0
204.5595980265126,120.21413557563791,649,1.834,0.191,46.85,649,0.0,144,4.966,True,187,0.696551724137931,1.0
404.6795980265126,243.46413557563793,753,1.895,0.282,50.02,753,0.0,144,4.966,True,206,0.6344827586206897,2.0
354.5395980265126,99.61413557563792,629,1.884,0.269,43.68,629,0.0,144,4.966,True,225,0.5448275862068965,1.0
308.7895980265126,478.3541355756379,603,1.76,0.175,48.66,603,0.0,144,4.966,True,230,0.503448275862069,3.0
371.5695980265126,265.1541355756379,629,1.847,0.249,44.59,629,0.0,144,4.966,True,233,0.4482758620689655,2.0
265.23959802651257,317.9341355756379,564,1.818,0.2,44.14,564,0.0,144,4.966,True,235,0.45517241379310347,2.0
376.4595980265126,440.3141355756379,666,1.866,0.308,45.72,666,0.0,144,4.966,True,247,0.30344827586206896,3.0
435.3595980265126,240.03413557563792,634,1.82,0.188,46.85,634,0.0,144,4.966,True,258,0.1793103448275862,2.0
161.0495980265126,433.6241355756379,331,1.645,0.204,31.69,331,0.0,144,4.966,False,260,0.19310344827586207,0.0
